pred_time,pred_ft,obs_ft,resid_ft,lag_min
2005-01-01 14:52,9.137,8.739,-0.398,-16
2005-01-02 15:39,8.878,8.959,0.081,-15
2005-01-03 04:13,8.825,8.775,-0.05,5
2005-01-04 05:00,9.077,9.057,-0.02,6
2005-01-05 05:51,9.409,9.533,0.124,-3
2005-01-06 06:44,9.816,9.992,0.176,-2
2005-01-07 07:40,10.293,10.343,0.05,-10
2005-01-08 08:37,10.805,11.039,0.234,-7
2005-01-09 09:32,11.274,11.866,0.592,4
2005-01-10 10:27,11.608,12.259,0.651,-9
2005-01-11 11:22,11.749,11.839,0.09,-16
2005-01-12 12:18,11.675,12.41,0.735,-6
2005-01-13 13:13,11.38,12.23,0.85,-1
2005-01-14 14:07,10.882,11.295,0.413,-13
2005-01-15 15:03,10.239,10.462,0.223,-3
2005-01-17 04:34,9.707,11.124,1.417,-4
2005-01-17 17:03,8.925,9.248,0.323,-9
2005-01-19 06:27,9.342,9.402,0.06,-3
2005-01-20 07:23,9.272,9.818,0.546,-11
2005-01-21 08:18,9.313,9.366,0.053,-6
2005-01-22 09:07,9.436,9.438,0.002,-13
2005-01-23 09:51,9.588,10.96,1.372,9
2005-01-24 10:32,9.727,9.868,0.141,-32
2005-01-25 11:11,9.822,10.37,0.548,1
2005-01-26 11:48,9.857,10.763,0.906,-18
2005-01-27 12:26,9.821,10.32,0.499,-2
2005-01-28 13:03,9.71,9.52,-0.19,-15
2005-01-29 13:42,9.524,9.69,0.166,-6
2005-01-30 14:22,9.269,10.058,0.789,-10
2005-01-31 02:48,9.196,10.16,0.964,-12
2005-02-01 03:31,9.305,9.779,0.474,-13
2005-02-02 04:19,9.424,9.573,0.149,-19
2005-02-03 05:13,9.577,10.032,0.455,-13
2005-02-04 06:12,9.795,10.399,0.604,6
2005-02-05 07:15,10.117,10.642,0.525,3
2005-02-06 08:18,10.55,11.232,0.682,0
2005-02-07 09:19,11.014,11.456,0.442,5
2005-02-08 10:16,11.379,12.25,0.871,-4
2005-02-09 11:10,11.55,12.46,0.91,2
2005-02-10 12:04,11.488,13.129,1.641,-4
2005-02-11 12:56,11.188,12.036,0.848,-2
2005-02-12 13:47,10.673,11.144,0.471,-5
2005-02-13 14:38,10.003,10.373,0.37,-14
2005-02-15 03:54,9.672,10.37,0.698,-6
2005-02-16 04:48,9.278,9.618,0.34,-18
2005-02-17 05:45,8.971,9.563,0.592,15
2005-02-18 06:45,8.82,9.49,0.67,9
2005-02-19 07:45,8.863,9.172,0.309,-3
2005-02-20 08:40,9.064,8.91,-0.154,2
2005-02-21 09:27,9.33,9.933,0.603,21
2005-02-22 10:08,9.58,10.439,0.859,16
2005-02-23 10:47,9.767,10.196,0.429,7
2005-02-24 11:24,9.87,10.442,0.572,-6
2005-02-25 12:01,9.882,10.681,0.799,11
2005-02-26 12:38,9.804,10.035,0.231,-8
2005-02-27 00:59,9.604,8.992,-0.612,-11
2005-02-28 13:56,9.382,9.809,0.427,-8
2005-03-01 02:13,9.819,11.78,1.961,-1
2005-03-02 02:57,9.825,10.57,0.745,-15
2005-03-03 03:48,9.775,10.242,0.467,0
2005-03-04 04:46,9.727,10.081,0.354,-4
2005-03-05 05:50,9.762,9.74,-0.022,4
2005-03-06 06:58,9.948,10.491,0.543,-4
2005-03-07 08:06,10.302,11.196,0.894,6
2005-03-08 09:08,10.723,12.092,1.369,-8
2005-03-09 10:04,11.055,10.281,-0.774,-16
2005-03-10 10:57,11.192,11.682,0.49,-9
2005-03-12 00:13,10.832,11.961,1.129,-7
2005-03-12 12:37,10.8,12.853,2.053,-13
2005-03-13 13:25,10.314,11.072,0.758,-13
2005-03-15 02:26,10.128,10.501,0.373,-2
2005-03-16 03:14,9.641,10.137,0.496,-14
2005-03-17 04:07,9.168,9.841,0.673,11
2005-03-18 05:04,8.805,9.572,0.767,-10
2005-03-19 06:05,8.622,8.628,0.006,-17
2005-03-20 07:06,8.648,9.07,0.422,0
2005-03-21 08:04,8.856,9.658,0.802,-4
2005-03-22 08:54,9.154,9.776,0.622,0
2005-03-23 09:37,9.449,9.556,0.107,11
2005-03-24 10:17,9.683,10.767,1.084,13
2005-03-25 10:55,9.829,10.36,0.531,-1
2005-03-26 11:33,9.882,10.455,0.573,3
2005-03-26 23:49,10.08,10.517,0.437,5
2005-03-28 00:25,10.297,10.767,0.47,-7
2005-03-29 01:04,10.421,11.816,1.395,-4
2005-03-30 01:46,10.428,11.15,0.722,-10
2005-03-31 02:33,10.31,10.911,0.601,3
2005-04-01 03:28,10.102,11.282,1.18,-4
2005-04-02 04:30,9.897,10.586,0.689,-6
2005-04-03 06:37,9.798,11.81,2.012,-1
2005-04-04 07:47,9.867,11.121,1.254,7
2005-04-05 08:55,10.099,10.918,0.819,5
2005-04-06 09:57,10.393,11.003,0.61,-3
2005-04-07 10:51,10.608,11.295,0.687,-3
2005-04-09 00:02,10.896,11.111,0.215,-2
2005-04-10 00:45,10.95,11.229,0.279,-3
2005-04-11 01:28,10.811,11.2,0.389,-16
2005-04-12 02:10,10.516,11.013,0.497,-4
2005-04-13 02:53,10.114,10.652,0.538,-11
2005-04-14 03:39,9.659,9.828,0.169,-3
2005-04-15 04:29,9.222,9.736,0.514,-5
2005-04-16 05:25,8.876,8.834,-0.042,5
2005-04-17 06:23,8.68,8.732,0.052,-5
2005-04-18 07:22,8.65,8.89,0.24,2
2005-04-19 08:19,8.769,9.136,0.367,5
2005-04-20 09:12,8.995,9.297,0.302,6
2005-04-20 21:41,8.987,9.73,0.743,1
2005-04-22 10:41,9.501,9.851,0.35,7
2005-04-23 11:22,9.681,10.363,0.682,2
2005-04-23 23:35,10.374,11.262,0.888,1
2005-04-25 00:13,10.707,11.938,1.231,5
2005-04-26 00:54,10.927,11.682,0.755,0
2005-04-27 01:38,11.011,11.528,0.517,4
2005-04-28 02:26,10.943,12.243,1.3,-2
2005-04-29 03:18,10.729,11.482,0.753,0
2005-04-30 04:16,10.419,10.973,0.554,-4
2005-05-01 05:20,10.111,11.009,0.898,4
2005-05-02 06:27,9.899,10.563,0.664,9
2005-05-03 07:35,9.818,10.471,0.653,-17
2005-05-04 08:42,9.859,10.35,0.491,0
2005-05-05 22:08,10.473,10.32,-0.153,4
2005-05-06 22:54,10.75,10.967,0.217,0
2005-05-07 23:37,10.858,12.269,1.411,-1
2005-05-09 00:19,10.806,11.971,1.165,-1
2005-05-10 01:00,10.631,11.298,0.667,0
2005-05-11 01:42,10.37,10.799,0.429,-6
2005-05-12 02:25,10.056,10.603,0.547,5
2005-05-13 03:09,9.715,9.723,0.008,-9
2005-05-14 03:57,9.377,9.5,0.123,3
2005-05-15 04:48,9.082,9.773,0.691,-12
2005-05-16 05:42,8.87,9.553,0.683,-18
2005-05-17 06:37,8.758,9.041,0.283,-7
2005-05-18 07:31,8.749,8.9,0.151,5
2005-05-19 08:24,8.841,9.129,0.288,6
2005-05-19 20:50,9.364,9.513,0.149,4
2005-05-20 21:34,9.865,10.071,0.206,8
2005-05-21 22:16,10.371,10.98,0.609,2
2005-05-22 22:58,10.827,11.682,0.855,8
2005-05-23 23:42,11.18,12.496,1.316,6
2005-05-25 00:29,11.393,13.778,2.385,7
2005-05-26 01:19,11.447,13.664,2.217,5
2005-05-27 02:12,11.34,12.479,1.139,-6
2005-05-28 03:07,11.079,11.895,0.816,5
2005-05-29 04:06,10.707,11.505,0.798,6
2005-05-30 05:10,10.305,11.072,0.767,8
2005-05-31 06:15,9.951,10.58,0.629,3
2005-06-01 19:56,10.061,10.199,0.138,-2
2005-06-02 20:52,10.285,10.278,-0.007,-4
2005-06-03 21:43,10.465,10.507,0.042,5
2005-06-04 22:30,10.562,11.118,0.556,-6
2005-06-05 23:13,10.564,11.196,0.632,5
2005-06-06 23:55,10.486,10.996,0.51,11
2005-06-08 00:37,10.354,10.862,0.508,5
2005-06-09 01:19,10.19,10.635,0.445,11
2005-06-10 02:01,10.0,10.301,0.301,5
2005-06-11 02:43,9.785,9.937,0.152,11
2005-06-12 03:27,9.543,10.005,0.462,9
2005-06-13 04:14,9.289,9.608,0.319,-2
2005-06-14 05:03,9.051,9.94,0.889,-3
2005-06-15 05:53,8.86,9.91,1.05,1
2005-06-15 18:27,9.008,10.094,1.086,3
2005-06-16 19:13,9.306,10.225,0.919,-1
2005-06-17 20:01,9.684,10.511,0.827,5
2005-06-18 20:49,10.134,10.573,0.439,5
2005-06-19 21:38,10.619,10.809,0.19,-2
2005-06-20 22:27,11.08,11.242,0.162,-3
2005-06-21 23:17,11.446,11.862,0.416,7
2005-06-23 00:09,11.668,12.322,0.654,3
2005-06-24 01:04,11.725,12.154,0.429,8
2005-06-25 01:59,11.608,11.82,0.212,7
2005-06-26 02:56,11.314,11.531,0.217,-2
2005-06-27 03:54,10.872,11.239,0.367,-6
2005-06-28 04:55,10.354,10.524,0.17,-1
2005-06-29 18:32,10.198,10.225,0.027,-20
2005-06-30 19:28,10.184,10.537,0.353,-4
2005-07-01 20:24,10.166,10.783,0.617,-6
2005-07-02 21:18,10.163,10.547,0.384,0
2005-07-03 22:07,10.17,10.389,0.219,-1
2005-07-04 22:53,10.171,10.324,0.153,13
2005-07-05 23:36,10.157,10.622,0.465,18
2005-07-07 00:17,10.124,10.75,0.626,1
2005-07-08 00:58,10.07,10.507,0.437,2
2005-07-09 01:38,9.981,10.842,0.861,-2
2005-07-10 02:18,9.845,10.294,0.449,12
2005-07-11 02:59,9.654,9.992,0.338,-5
2005-07-12 03:41,9.416,9.927,0.511,1
2005-07-12 16:14,9.077,9.402,0.325,-2
2005-07-13 16:56,9.2,9.402,0.202,4
2005-07-14 17:40,9.373,9.448,0.075,14
2005-07-15 18:27,9.604,9.717,0.113,-3
2005-07-16 19:17,9.897,10.032,0.135,7
2005-07-17 20:11,10.259,10.389,0.13,7
2005-07-18 21:07,10.689,10.993,0.304,-1
2005-07-19 22:03,11.14,11.698,0.558,3
2005-07-20 22:58,11.528,11.994,0.466,8
2005-07-21 23:54,11.774,12.322,0.548,0
2005-07-23 00:50,11.836,12.345,0.509,10
2005-07-24 01:46,11.695,12.118,0.423,2
2005-07-25 02:41,11.348,11.593,0.245,1
2005-07-26 03:37,10.824,11.032,0.208,-1
2005-07-27 04:34,10.199,10.675,0.476,2
2005-07-28 18:01,10.214,10.232,0.018,5
2005-07-29 18:57,9.986,10.065,0.079,-3
2005-07-30 19:55,9.809,9.746,-0.063,-1
2005-07-31 20:52,9.732,9.802,0.07,2
2005-08-01 21:46,9.761,10.035,0.274,2
2005-08-02 22:33,9.847,9.956,0.109,9
2005-08-03 23:17,9.94,10.301,0.361,7
2005-08-04 23:57,10.007,10.265,0.258,15
2005-08-06 00:36,10.026,10.107,0.081,6
2005-08-07 01:14,9.983,9.95,-0.033,10
2005-08-08 01:52,9.872,9.917,0.045,8
2005-08-09 02:30,9.693,9.717,0.024,-6
2005-08-10 15:33,9.497,9.602,0.105,3
2005-08-11 16:13,9.582,9.838,0.256,11
2005-08-12 16:58,9.678,9.786,0.108,2
2005-08-13 17:48,9.804,9.963,0.159,0
2005-08-14 18:43,9.986,10.379,0.393,-13
2005-08-15 19:42,10.252,10.698,0.446,6
2005-08-16 20:45,10.623,11.049,0.426,3
2005-08-17 21:46,11.061,11.59,0.529,2
2005-08-18 22:44,11.458,11.882,0.424,4
2005-08-19 23:40,11.702,12.154,0.452,8
2005-08-21 00:35,11.733,12.243,0.51,1
2005-08-22 01:29,11.539,11.889,0.35,7
2005-08-22 13:59,11.044,11.511,0.467,7
2005-08-23 14:49,11.005,11.315,0.31,5
2005-08-24 15:39,10.771,10.852,0.081,3
2005-08-25 16:31,10.403,10.34,-0.063,-7
2005-08-26 17:26,9.994,10.133,0.139,-2
2005-08-27 18:24,9.637,9.861,0.224,0
2005-08-28 19:24,9.405,9.5,0.095,0
2005-08-29 20:25,9.344,9.572,0.228,-1
2005-08-30 21:21,9.442,9.782,0.34,9
2005-08-31 22:10,9.622,10.222,0.6,8
2005-09-01 22:53,9.802,10.104,0.302,7
2005-09-02 23:32,9.929,10.114,0.185,10
2005-09-04 00:09,9.981,10.035,0.054,3
2005-09-05 00:47,9.95,9.782,-0.168,1
2005-09-06 01:24,9.841,9.549,-0.292,0
2005-09-07 14:18,9.885,9.7,-0.185,0
2005-09-08 14:55,9.941,10.068,0.127,-1
2005-09-09 15:37,9.956,10.156,0.2,5
2005-09-10 16:24,9.94,9.933,-0.007,-6
2005-09-11 17:18,9.932,9.937,0.005,-12
2005-09-12 18:19,9.99,9.927,-0.063,5
2005-09-13 19:23,10.164,10.537,0.373,1
2005-09-14 20:29,10.472,10.767,0.295,7
2005-09-15 21:33,10.863,11.305,0.442,9
2005-09-16 22:31,11.212,11.774,0.562,11
2005-09-17 23:25,11.397,12.023,0.626,5
2005-09-19 00:18,11.365,11.754,0.389,6
2005-09-19 12:43,11.273,11.495,0.222,-1
2005-09-20 13:31,11.301,11.479,0.178,5
2005-09-21 14:18,11.102,11.223,0.121,0
2005-09-22 15:06,10.718,10.796,0.078,0
2005-09-23 15:56,10.223,10.33,0.107,-14
2005-09-24 16:50,9.723,9.645,-0.078,4
2005-09-25 17:49,9.324,9.333,0.009,-7
2005-09-26 18:50,9.096,9.162,0.066,-2
2005-09-27 19:51,9.058,9.349,0.291,-3
2005-09-28 20:48,9.181,9.175,-0.006,12
2005-09-29 21:38,9.39,9.51,0.12,4
2005-09-30 22:22,9.6,9.497,-0.103,8
2005-10-01 23:01,9.755,9.405,-0.35,11
2005-10-03 11:57,9.948,9.53,-0.418,3
2005-10-04 12:31,10.154,9.556,-0.598,5
2005-10-05 13:06,10.297,10.009,-0.288,0
2005-10-06 13:43,10.375,10.11,-0.265,-1
2005-10-07 14:24,10.383,10.458,0.075,0
2005-10-08 15:09,10.311,10.544,0.233,-3
2005-10-09 16:00,10.174,10.885,0.711,0
2005-10-10 16:59,10.031,10.278,0.247,1
2005-10-11 18:03,9.967,10.442,0.475,9
2005-10-12 19:10,10.034,11.091,1.057,8
2005-10-13 20:17,10.23,10.842,0.612,7
2005-10-14 21:20,10.501,11.518,1.017,10
2005-10-15 09:55,10.367,11.974,1.607,11
2005-10-16 10:45,10.91,10.76,-0.15,15
2005-10-17 11:31,11.256,11.511,0.255,5
2005-10-18 12:17,11.367,11.839,0.472,1
2005-10-19 13:03,11.252,11.666,0.414,-9
2005-10-20 13:48,10.951,10.944,-0.007,0
2005-10-21 14:34,10.52,10.511,-0.009,-10
2005-10-22 15:23,10.023,10.583,0.56,1
2005-10-23 16:15,9.539,10.071,0.532,-27
2005-10-24 17:12,9.152,10.114,0.962,-12
2005-10-25 18:11,8.917,11.938,3.021,7
2005-10-26 19:09,8.842,8.477,-0.365,15
2005-10-27 20:06,8.9,9.093,0.193,6
2005-10-29 09:27,9.157,9.543,0.386,3
2005-10-30 09:06,9.584,10.271,0.687,0
2005-10-31 09:42,9.976,10.34,0.364,6
2005-11-01 10:18,10.307,10.849,0.542,6
2005-11-02 10:55,10.564,11.177,0.613,-13
2005-11-03 11:33,10.736,11.009,0.273,-9
2005-11-04 12:15,10.812,11.557,0.745,3
2005-11-05 13:00,10.781,11.085,0.304,12
2005-11-06 13:50,10.638,11.272,0.634,-2
2005-11-07 14:44,10.401,10.668,0.267,-2
2005-11-08 15:46,10.136,10.107,-0.029,2
2005-11-09 16:51,9.932,10.662,0.73,9
2005-11-10 17:58,9.836,10.206,0.37,26
2005-11-11 19:04,9.849,10.074,0.225,2
2005-11-12 07:41,10.078,10.189,0.111,-5
2005-11-13 08:35,10.56,10.665,0.105,1
2005-11-14 09:24,10.924,11.006,0.082,-12
2005-11-15 10:10,11.106,11.154,0.048,2
2005-11-16 10:54,11.095,11.351,0.256,0
2005-11-17 11:38,10.922,10.767,-0.155,-8
2005-11-18 12:23,10.632,10.521,-0.111,1
2005-11-19 13:08,10.271,10.274,0.003,-8
2005-11-20 13:53,9.874,9.546,-0.328,1
2005-11-21 14:42,9.476,9.641,0.165,6
2005-11-22 15:34,9.117,10.665,1.548,56
2005-11-24 05:13,8.315,9.208,0.893,-25
2005-11-24 17:23,8.665,8.815,0.15,55
2005-11-26 06:51,8.819,8.608,-0.211,-3
2005-11-27 07:37,9.197,9.133,-0.064,5
2005-11-28 08:20,9.622,9.504,-0.118,10
2005-11-29 09:01,10.058,10.288,0.23,11
2005-11-30 09:42,10.465,10.937,0.472,6
2005-12-01 10:23,10.805,11.521,0.716,1
2005-12-02 11:07,11.043,11.836,0.793,-1
2005-12-03 11:54,11.153,11.128,-0.025,6
2005-12-04 12:44,11.122,11.479,0.357,-2
2005-12-05 13:37,10.941,10.927,-0.014,-7
2005-12-06 14:33,10.624,11.157,0.533,-15
2005-12-07 15:33,10.228,9.398,-0.83,3
2005-12-08 16:37,9.843,9.69,-0.153,-13
2005-12-09 17:43,9.534,10.911,1.377,-1
2005-12-10 06:21,9.865,10.173,0.308,-21
2005-12-11 07:19,10.129,10.898,0.769,-7
2005-12-12 08:14,10.372,11.078,0.706,-2
2005-12-13 09:05,10.547,10.937,0.39,-5
2005-12-14 09:52,10.619,10.754,0.135,-16
2005-12-15 10:36,10.585,10.521,-0.064,6
2005-12-16 11:20,10.465,12.108,1.643,22
2005-12-17 12:03,10.285,10.215,-0.07,-3
2005-12-18 12:45,10.061,9.753,-0.308,-3
2005-12-19 13:28,9.796,9.855,0.059,-10
2005-12-20 14:11,9.492,9.182,-0.31,-5
2005-12-21 14:57,9.16,9.241,0.081,-9
2005-12-22 15:45,8.83,8.696,-0.134,3
2005-12-24 05:10,8.651,9.051,0.4,2
2005-12-25 05:57,8.855,9.185,0.33,15
2005-12-26 06:45,9.142,10.222,1.08,-21
2005-12-27 07:33,9.518,9.74,0.222,9
2005-12-28 08:22,9.969,10.399,0.43,8
2005-12-29 09:10,10.45,11.203,0.753,8
2005-12-30 09:58,10.891,11.725,0.834,-4
2005-12-31 10:47,11.224,11.695,0.471,-5
2006-01-01 11:39,11.438,11.984,0.546,3
2006-01-02 12:32,11.458,11.689,0.231,4
2006-01-03 13:25,11.27,12.633,1.363,-1
2006-01-04 14:19,10.88,11.685,0.805,-1
2006-01-05 02:58,10.096,11.091,0.995,2
2006-01-06 03:54,10.094,10.819,0.725,0
2006-01-07 04:51,10.048,10.711,0.663,-3
2006-01-08 05:50,9.978,10.124,0.146,-8
2006-01-09 06:49,9.915,10.353,0.438,-7
2006-01-10 07:48,9.897,9.556,-0.341,0
2006-01-11 08:43,9.931,9.618,-0.313,5
2006-01-12 09:34,9.981,10.478,0.497,-10
2006-01-13 10:19,10.011,10.58,0.569,5
2006-01-14 11:02,10.002,11.397,1.395,22
2006-01-15 11:43,9.947,11.0,1.053,-7
2006-01-16 12:22,9.837,9.966,0.129,2
2006-01-18 01:34,8.751,9.546,0.795,-4
2006-01-18 13:41,9.407,11.045,1.638,-11
2006-01-20 02:51,8.764,8.565,-0.199,-3
2006-01-21 03:32,8.76,9.254,0.494,4
2006-01-21 15:51,8.347,8.555,0.208,-3
2006-01-23 05:04,8.868,8.513,-0.355,-4
2006-01-24 05:56,9.047,9.999,0.952,-8
2006-01-25 06:51,9.352,10.343,0.991,-9
2006-01-26 07:48,9.801,10.75,0.949,0
2006-01-27 08:45,10.355,10.629,0.274,-9
2006-01-28 09:39,10.912,11.085,0.173,-9
2006-01-29 10:32,11.358,11.971,0.613,-8
2006-01-30 11:24,11.61,12.64,1.03,-12
2006-01-31 12:17,11.623,13.572,1.949,-5
2006-02-01 13:09,11.381,12.873,1.492,3
2006-02-02 01:42,10.716,11.951,1.235,-6
2006-02-03 02:32,10.666,11.62,0.954,4
2006-02-04 03:25,10.439,11.016,0.577,-7
2006-02-05 04:21,10.104,11.475,1.371,-9
2006-02-06 05:20,9.751,10.219,0.468,-8
2006-02-07 06:22,9.467,9.418,-0.049,-4
2006-02-08 07:26,9.332,9.736,0.404,-8
2006-02-09 08:27,9.365,9.982,0.617,-9
2006-02-10 09:20,9.496,9.832,0.336,-2
2006-02-11 10:05,9.637,9.933,0.296,-5
2006-02-12 10:46,9.739,12.295,2.556,26
2006-02-13 11:24,9.775,9.536,-0.239,-6
2006-02-14 12:01,9.733,9.523,-0.21,5
2006-02-15 12:37,9.607,9.608,0.001,-7
2006-02-17 01:35,9.194,9.546,0.352,-5
2006-02-17 13:51,9.104,9.064,-0.04,-21
2006-02-19 02:49,9.145,8.47,-0.675,-7
2006-02-20 03:32,9.098,9.034,-0.064,-8
2006-02-21 04:21,9.087,9.398,0.311,3
2006-02-22 05:16,9.165,9.553,0.388,-10
2006-02-23 06:17,9.386,9.897,0.511,1
2006-02-24 07:21,9.784,10.235,0.451,-9
2006-02-25 08:23,10.329,10.963,0.634,19
2006-02-26 09:21,10.9,11.213,0.313,3
2006-02-27 10:15,11.349,11.387,0.038,-3
2006-02-28 11:08,11.577,11.708,0.131,-2
2006-03-01 12:00,11.544,11.967,0.423,6
2006-03-02 12:52,11.25,11.876,0.626,-10
2006-03-03 01:15,11.248,11.951,0.703,3
2006-03-04 02:04,11.022,11.206,0.184,2
2006-03-05 02:55,10.582,10.816,0.234,11
2006-03-06 03:50,10.031,9.963,-0.068,10
2006-03-07 04:50,9.501,9.904,0.403,-2
2006-03-08 05:54,9.113,9.471,0.358,0
2006-03-09 07:00,8.944,9.412,0.468,-6
2006-03-10 08:04,9.0,9.569,0.569,8
2006-03-11 08:58,9.187,9.405,0.218,2
2006-03-12 09:43,9.391,9.382,-0.009,5
2006-03-13 10:23,9.545,9.618,0.073,7
2006-03-14 11:00,9.621,10.494,0.873,-6
2006-03-15 11:36,9.609,9.727,0.118,0
2006-03-17 00:26,9.609,9.841,0.232,-2
2006-03-18 01:00,9.652,9.841,0.189,-6
2006-03-19 01:35,9.641,10.081,0.44,-5
2006-03-20 02:13,9.586,9.717,0.131,-13
2006-03-21 02:57,9.502,9.435,-0.067,3
2006-03-22 03:49,9.424,9.861,0.437,-1
2006-03-23 04:48,9.419,9.464,0.045,-6
2006-03-24 05:52,9.553,9.605,0.052,-10
2006-03-25 06:59,9.855,10.32,0.465,-17
2006-03-26 08:03,10.298,11.013,0.715,3
2006-03-27 09:03,10.769,11.649,0.88,-3
2006-03-28 09:58,11.124,11.374,0.25,-10
2006-03-29 10:50,11.269,11.479,0.21,-8
2006-03-29 23:13,11.437,11.498,0.061,-1
2006-03-31 00:00,11.593,11.564,-0.029,0
2006-04-01 00:48,11.472,11.557,0.085,-6
2006-04-02 01:36,11.104,11.278,0.174,-6
2006-04-03 03:26,10.556,10.366,-0.19,-8
2006-04-04 04:20,9.935,10.914,0.979,-2
2006-04-05 05:19,9.37,10.055,0.685,5
2006-04-06 06:22,8.968,9.589,0.621,-10
2006-04-07 07:27,8.78,9.205,0.425,-9
2006-04-08 08:29,8.796,9.418,0.622,-5
2006-04-09 09:24,8.946,9.307,0.361,6
2006-04-10 10:11,9.136,9.225,0.089,-5
2006-04-11 23:09,9.454,9.097,-0.357,9
2006-04-12 23:43,9.724,9.362,-0.362,11
2006-04-14 00:17,9.914,9.753,-0.161,-5
2006-04-15 00:51,10.032,10.356,0.324,3
2006-04-16 01:27,10.089,10.754,0.665,-3
2006-04-17 02:06,10.094,10.668,0.574,-6
2006-04-18 02:47,10.047,10.524,0.477,-17
2006-04-19 03:34,9.949,10.347,0.398,8
2006-04-20 04:28,9.829,10.425,0.596,2
2006-04-21 05:30,9.75,10.183,0.433,6
2006-04-22 06:34,9.774,9.7,-0.074,2
2006-04-23 07:40,9.918,10.012,0.094,2
2006-04-24 08:44,10.165,10.596,0.431,4
2006-04-25 09:45,10.442,10.744,0.302,3
2006-04-25 22:11,10.876,11.019,0.143,-5
2006-04-26 23:00,11.356,11.232,-0.124,-6
2006-04-27 23:48,11.599,11.777,0.178,0
2006-04-29 00:35,11.589,11.236,-0.353,1
2006-04-30 01:23,11.355,11.131,-0.224,-5
2006-05-01 02:11,10.948,10.813,-0.135,-5
2006-05-02 03:00,10.431,10.996,0.565,0
2006-05-03 03:52,9.879,10.671,0.792,-4
2006-05-04 04:48,9.375,10.206,0.831,12
2006-05-05 05:47,8.993,9.658,0.665,7
2006-05-06 06:46,8.761,9.333,0.572,2
2006-05-07 07:44,8.672,8.952,0.28,-2
2006-05-08 21:07,9.006,8.975,-0.031,23
2006-05-09 21:49,9.371,10.065,0.694,-7
2006-05-10 22:27,9.71,10.271,0.561,9
2006-05-11 23:04,9.995,10.655,0.66,2
2006-05-12 23:41,10.218,11.059,0.841,1
2006-05-14 00:19,10.381,11.219,0.838,11
2006-05-15 00:59,10.488,11.15,0.662,7
2006-05-16 01:43,10.537,11.196,0.659,-1
2006-05-17 02:29,10.513,11.308,0.795,1
2006-05-18 03:19,10.409,11.334,0.925,17
2006-05-19 04:15,10.241,11.164,0.923,3
2006-05-20 05:16,10.063,10.937,0.874,2
2006-05-21 06:19,9.926,10.665,0.739,-7
2006-05-21 19:01,9.742,10.373,0.631,-7
2006-05-22 19:58,10.191,10.606,0.415,-4
2006-05-23 20:54,10.648,10.891,0.243,0
2006-05-24 21:47,11.038,11.311,0.273,-5
2006-05-25 22:37,11.286,11.57,0.284,-7
2006-05-26 23:26,11.353,11.853,0.5,-2
2006-05-28 00:13,11.245,11.426,0.181,5
2006-05-29 01:01,11.002,11.088,0.086,-1
2006-05-30 01:49,10.667,10.78,0.113,-1
2006-05-31 02:37,10.274,10.327,0.053,11
2006-06-01 03:25,9.853,9.94,0.087,5
2006-06-02 04:16,9.439,9.835,0.396,14
2006-06-03 05:08,9.072,9.766,0.694,4
2006-06-04 06:02,8.78,9.773,0.993,10
2006-06-05 19:27,8.945,9.129,0.184,9
2006-06-06 20:14,9.188,9.586,0.398,4
2006-06-07 21:00,9.478,10.747,1.269,12
2006-06-08 21:44,9.795,10.425,0.63,10
2006-06-09 22:26,10.117,11.006,0.889,16
2006-06-10 23:08,10.417,11.068,0.651,10
2006-06-11 23:51,10.673,11.298,0.625,3
2006-06-13 00:37,10.866,11.459,0.593,5
2006-06-14 01:25,10.972,11.347,0.375,5
2006-06-15 02:15,10.969,11.459,0.49,9
2006-06-16 03:07,10.834,11.18,0.346,-1
2006-06-17 04:03,10.578,10.819,0.241,-3
2006-06-18 05:01,10.25,10.563,0.313,5
2006-06-18 17:42,10.105,10.238,0.133,0
2006-06-19 18:38,10.323,10.422,0.099,4
2006-06-20 19:34,10.516,10.704,0.188,8
2006-06-21 20:31,10.677,10.773,0.096,-7
2006-06-22 21:27,10.803,10.911,0.108,-3
2006-06-23 22:19,10.871,11.216,0.345,5
2006-06-24 23:09,10.857,11.019,0.162,9
2006-06-25 23:57,10.76,11.026,0.266,3
2006-06-27 00:44,10.597,10.793,0.196,4
2006-06-28 01:29,10.384,10.56,0.176,7
2006-06-29 02:14,10.124,10.389,0.265,10
2006-06-30 02:58,9.818,10.209,0.391,14
2006-07-01 03:43,9.472,9.615,0.143,11
2006-07-02 17:04,8.969,9.031,0.062,8
2006-07-03 17:49,9.025,8.883,-0.142,17
2006-07-04 18:35,9.117,9.12,0.003,-5
2006-07-05 19:23,9.26,9.28,0.02,7
2006-07-06 20:12,9.475,9.746,0.271,12
2006-07-07 21:01,9.781,9.786,0.005,5
2006-07-08 21:50,10.163,10.347,0.184,4
2006-07-09 22:39,10.572,10.737,0.165,3
2006-07-10 23:27,10.944,11.111,0.167,9
2006-07-12 00:17,11.223,11.259,0.036,7
2006-07-13 01:08,11.366,11.741,0.375,-2
2006-07-14 02:00,11.341,11.649,0.308,0
2006-07-15 02:53,11.129,11.236,0.107,1
2006-07-16 03:48,10.745,11.052,0.307,-6
2006-07-16 16:22,10.583,10.711,0.128,-4
2006-07-17 17:17,10.608,10.803,0.195,-5
2006-07-18 18:14,10.557,10.635,0.078,-2
2006-07-19 19:11,10.463,10.373,-0.09,-5
2006-07-20 20:11,10.374,10.455,0.081,1
2006-07-21 21:10,10.338,10.534,0.196,20
2006-07-22 22:06,10.349,10.996,0.647,6
2006-07-23 22:56,10.363,10.839,0.476,10
2006-07-24 23:43,10.344,10.711,0.367,11
2006-07-26 00:27,10.278,10.714,0.436,9
2006-07-27 01:09,10.159,10.537,0.378,9
2006-07-28 01:49,9.98,10.297,0.317,11
2006-07-29 02:30,9.736,9.992,0.256,12
2006-07-30 03:10,9.429,9.73,0.301,2
2006-07-31 16:18,9.221,9.599,0.378,6
2006-08-01 17:01,9.197,9.533,0.336,11
2006-08-02 17:47,9.203,9.582,0.379,13
2006-08-03 18:36,9.277,9.92,0.643,-6
2006-08-04 19:29,9.455,10.074,0.619,7
2006-08-05 20:24,9.77,10.12,0.35,0
2006-08-06 21:20,10.214,10.478,0.264,10
2006-08-07 22:14,10.719,11.101,0.382,16
2006-08-08 23:06,11.176,11.502,0.326,6
2006-08-09 23:58,11.494,11.856,0.362,8
2006-08-11 00:50,11.618,12.007,0.389,-14
2006-08-12 01:43,11.523,11.744,0.221,-1
2006-08-12 14:14,11.019,11.213,0.194,-2
2006-08-13 15:04,11.13,11.15,0.02,2
2006-08-14 15:56,11.04,11.108,0.068,4
2006-08-15 16:51,10.792,10.747,-0.045,-3
2006-08-16 17:49,10.468,10.301,-0.167,-1
2006-08-17 18:50,10.159,10.114,-0.045,-2
2006-08-18 19:53,9.944,9.812,-0.132,-5
2006-08-19 20:56,9.877,10.048,0.171,-2
2006-08-20 21:54,9.927,10.566,0.639,0
2006-08-21 22:43,10.008,10.268,0.26,5
2006-08-22 23:27,10.055,10.261,0.206,15
2006-08-24 00:07,10.044,10.425,0.381,11
2006-08-25 00:45,9.965,10.147,0.182,9
2006-08-26 01:23,9.815,9.969,0.154,7
2006-08-27 02:01,9.595,9.612,0.017,5
2006-08-28 14:56,9.509,9.933,0.424,10
2006-08-29 15:35,9.436,10.045,0.609,1
2006-08-30 16:17,9.349,9.956,0.607,1
2006-08-31 17:04,9.294,9.549,0.255,2
2006-09-01 17:57,9.325,9.53,0.205,3
2006-09-02 18:54,9.488,9.904,0.416,12
2006-09-03 19:54,9.809,10.288,0.479,6
2006-09-04 20:55,10.275,10.645,0.37,5
2006-09-05 21:52,10.805,11.331,0.526,2
2006-09-06 22:46,11.268,11.738,0.47,8
2006-09-07 23:39,11.555,11.797,0.242,3
2006-09-09 00:31,11.61,11.797,0.187,5
2006-09-09 12:57,11.461,11.695,0.234,9
2006-09-10 13:47,11.627,11.721,0.094,7
2006-09-11 14:36,11.532,11.843,0.311,12
2006-09-12 15:28,11.2,11.682,0.482,2
2006-09-13 16:24,10.715,11.196,0.481,0
2006-09-14 17:24,10.206,10.304,0.098,0
2006-09-15 18:28,9.794,10.071,0.277,2
2006-09-16 19:34,9.557,10.081,0.524,-4
2006-09-17 20:38,9.51,10.229,0.719,-14
2006-09-18 21:35,9.595,10.068,0.473,7
2006-09-19 22:23,9.709,10.442,0.733,7
2006-09-20 23:04,9.784,10.107,0.323,14
2006-09-21 23:42,9.793,9.815,0.022,6
2006-09-23 12:35,9.769,9.874,0.105,19
2006-09-24 13:09,9.831,10.343,0.512,-3
2006-09-25 13:43,9.824,10.012,0.188,5
2006-09-26 14:19,9.759,9.805,0.046,5
2006-09-27 14:57,9.658,9.927,0.269,-3
2006-09-28 15:40,9.545,10.015,0.47,-4
2006-09-29 16:29,9.458,10.12,0.662,-11
2006-09-30 17:25,9.452,9.441,-0.011,5
2006-10-01 18:26,9.579,9.982,0.403,4
2006-10-02 19:29,9.856,9.746,-0.11,1
2006-10-03 20:32,10.257,10.347,0.09,-2
2006-10-04 21:31,10.708,10.855,0.147,11
2006-10-05 22:27,11.088,11.331,0.243,-3
2006-10-06 10:54,11.141,11.593,0.452,0
2006-10-07 11:42,11.66,11.895,0.235,0
2006-10-08 12:30,11.914,11.784,-0.13,0
2006-10-09 13:20,11.886,11.935,0.049,-2
2006-10-10 14:10,11.598,11.905,0.307,-4
2006-10-11 15:02,11.105,11.771,0.666,-8
2006-10-12 15:57,10.504,11.403,0.899,-3
2006-10-13 16:58,9.925,10.56,0.635,8
2006-10-14 18:02,9.486,10.061,0.575,10
2006-10-15 19:07,9.236,9.444,0.208,5
2006-10-16 20:09,9.163,9.195,0.032,-3
2006-10-17 21:05,9.214,9.625,0.411,1
2006-10-18 21:53,9.311,9.769,0.458,7
2006-10-20 10:52,9.682,10.353,0.671,2
2006-10-21 11:26,9.896,9.549,-0.347,4
2006-10-22 12:00,10.024,10.019,-0.005,12
2006-10-23 12:34,10.072,10.996,0.924,-4
2006-10-24 13:10,10.056,10.94,0.884,2
2006-10-25 13:48,9.998,10.412,0.414,-12
2006-10-26 14:28,9.913,10.252,0.339,2
2006-10-27 15:13,9.808,10.101,0.293,5
2006-10-28 16:04,9.702,11.282,1.58,14
2006-10-29 03:54,8.292,8.778,0.486,-30
2006-10-30 17:05,9.671,8.926,-0.745,19
2006-10-31 18:08,9.814,10.32,0.506,-8
2006-11-01 19:11,10.048,10.731,0.683,-11
2006-11-02 20:11,10.329,10.819,0.49,-11
2006-11-03 08:39,10.885,11.15,0.265,-9
2006-11-04 09:29,11.465,11.364,-0.101,1
2006-11-05 10:18,11.819,11.534,-0.285,-6
2006-11-06 11:06,11.906,11.833,-0.073,-6
2006-11-07 11:56,11.739,11.666,-0.073,-14
2006-11-08 12:46,11.367,11.816,0.449,-4
2006-11-09 13:38,10.853,11.734,0.881,4
2006-11-10 14:32,10.27,10.393,0.123,-2
2006-11-11 15:29,9.707,10.124,0.417,7
2006-11-12 16:29,9.25,9.94,0.69,-5
2006-11-13 17:29,8.94,9.95,1.01,1
2006-11-14 18:28,8.77,9.349,0.579,8
2006-11-16 07:51,9.084,9.579,0.495,-3
2006-11-17 08:34,9.4,10.189,0.789,26
2006-11-18 09:13,9.69,10.051,0.361,-1
2006-11-19 09:50,9.922,10.379,0.457,10
2006-11-20 10:26,10.087,10.314,0.227,4
2006-11-21 11:03,10.189,10.143,-0.046,3
2006-11-22 11:42,10.242,10.576,0.334,6
2006-11-23 12:23,10.255,11.219,0.964,13
2006-11-24 13:07,10.225,10.727,0.502,11
2006-11-25 13:54,10.138,10.629,0.491,0
2006-11-26 14:46,9.996,10.209,0.213,-4
2006-11-27 15:44,9.828,10.199,0.371,4
2006-11-28 16:45,9.689,10.334,0.645,-3
2006-11-29 17:48,9.615,9.874,0.259,-12
2006-11-30 06:25,9.929,10.087,0.158,-13
2006-12-01 07:21,10.441,10.593,0.152,-15
2006-12-02 08:16,10.919,10.94,0.021,-4
2006-12-03 09:08,11.288,11.088,-0.2,-2
2006-12-04 09:58,11.482,12.315,0.833,2
2006-12-05 10:48,11.477,11.725,0.248,0
2006-12-06 11:38,11.293,11.541,0.248,-2
2006-12-07 12:27,10.971,11.39,0.419,-3
2006-12-08 13:17,10.55,10.291,-0.259,1
2006-12-09 14:06,10.065,9.704,-0.361,0
2006-12-10 14:57,9.558,9.215,-0.343,15
2006-12-11 15:50,9.081,9.034,-0.047,-2
2006-12-12 16:45,8.682,8.66,-0.022,-15
2006-12-14 06:11,8.74,8.824,0.084,7
2006-12-15 07:00,8.927,9.582,0.655,12
2006-12-16 07:47,9.167,9.556,0.389,1
2006-12-17 08:32,9.442,9.651,0.209,-2
2006-12-18 09:15,9.727,10.235,0.508,3
2006-12-19 09:56,10.0,10.022,0.022,10
2006-12-20 10:37,10.242,10.662,0.42,5
2006-12-21 11:20,10.436,9.897,-0.539,10
2006-12-22 12:04,10.562,10.849,0.287,2
2006-12-23 12:51,10.595,11.698,1.103,3
2006-12-24 13:39,10.506,10.642,0.136,3
2006-12-25 14:31,10.284,10.36,0.076,-7
2006-12-26 15:26,9.961,10.832,0.871,-20
2006-12-27 04:06,9.688,10.609,0.921,-12
2006-12-28 05:02,9.907,10.022,0.115,-2
2006-12-29 05:59,10.124,10.012,-0.112,-11
2006-12-30 06:58,10.336,10.104,-0.232,-4
2006-12-31 07:56,10.545,10.639,0.094,-8
2007-01-01 08:49,10.647,11.298,0.651,5
2007-01-02 09:43,10.747,10.901,0.154,-13
2007-01-03 10:34,10.752,11.039,0.287,2
2007-01-04 11:23,10.65,11.236,0.586,7
2007-01-05 12:10,10.448,10.704,0.256,-4
2007-01-06 12:56,10.155,10.885,0.73,-2
2007-01-07 13:40,9.781,9.471,-0.31,2
2007-01-08 14:25,9.344,10.192,0.848,-25
2007-01-09 02:58,8.819,9.438,0.619,-10
2007-01-10 03:43,8.743,9.047,0.304,-1
2007-01-11 04:29,8.693,8.391,-0.302,1
2007-01-12 05:18,8.685,8.109,-0.576,-6
2007-01-13 06:08,8.743,8.778,0.035,-14
2007-01-14 07:00,8.898,9.326,0.428,18
2007-01-15 07:52,9.175,9.566,0.391,26
2007-01-16 08:42,9.562,10.13,0.568,-6
2007-01-17 09:28,10.007,9.5,-0.507,14
2007-01-18 10:14,10.441,10.206,-0.235,4
2007-01-19 10:59,10.799,11.584,0.785,-5
2007-01-20 11:46,11.027,10.34,-0.687,-4
2007-01-21 12:33,11.083,10.215,-0.868,3
2007-01-22 13:21,10.937,11.108,0.171,3
2007-01-23 14:12,10.588,11.426,0.838,0
2007-01-25 03:35,10.353,10.911,0.558,1
2007-01-26 04:31,10.225,10.37,0.145,-7
2007-01-27 05:30,10.059,10.278,0.219,6
2007-01-28 06:33,9.928,10.015,0.087,-15
2007-01-29 07:38,9.902,10.763,0.861,4
2007-01-30 08:40,9.993,10.566,0.573,2
2007-01-31 09:36,10.124,10.957,0.833,0
2007-02-01 10:26,10.209,10.727,0.518,-8
2007-02-02 11:11,10.205,11.331,1.126,-17
2007-02-02 23:47,9.064,10.173,1.109,19
2007-02-04 12:34,9.906,9.405,-0.501,14
2007-02-05 01:02,9.194,8.808,-0.386,-26
2007-02-06 13:54,9.256,8.27,-0.986,0
2007-02-07 14:35,8.831,8.815,-0.016,-17
2007-02-08 02:56,8.994,8.887,-0.107,4
2007-02-09 03:39,8.845,9.11,0.265,-9
2007-02-10 04:27,8.715,8.818,0.103,3
2007-02-11 05:18,8.663,8.664,0.001,-6
2007-02-12 06:13,8.748,8.457,-0.291,-1
2007-02-13 07:11,9.014,8.211,-0.803,1
2007-02-14 08:07,9.463,10.419,0.956,5
2007-02-15 09:00,10.021,9.5,-0.521,-6
2007-02-16 09:49,10.573,9.513,-1.06,5
2007-02-17 10:37,11.013,10.79,-0.223,-1
2007-02-18 11:25,11.266,11.846,0.58,-1
2007-02-20 00:41,10.907,11.206,0.299,-5
2007-02-21 01:28,11.07,11.498,0.428,8
2007-02-22 02:17,10.99,11.337,0.347,-5
2007-02-23 03:09,10.693,11.554,0.861,-3
2007-02-24 04:07,10.269,10.691,0.422,-1
2007-02-25 05:10,9.843,9.956,0.113,-10
2007-02-26 06:17,9.538,10.383,0.845,-11
2007-02-27 07:27,9.439,10.429,0.99,-3
2007-02-28 08:32,9.535,10.206,0.671,-8
2007-03-01 09:27,9.701,10.297,0.596,-3
2007-03-02 10:14,9.825,11.534,1.709,4
2007-03-03 10:55,9.862,10.852,0.99,-7
2007-03-04 11:34,9.807,10.488,0.681,14
2007-03-05 12:11,9.667,10.137,0.47,-5
2007-03-06 00:29,9.507,8.965,-0.542,-5
2007-03-07 13:25,9.154,8.844,-0.31,-1
2007-03-08 01:38,9.429,8.897,-0.532,-8
2007-03-09 02:16,9.279,9.146,-0.133,-10
2007-03-10 02:57,9.089,8.582,-0.507,3
2007-03-11 04:43,8.91,8.959,0.049,-1
2007-03-12 05:36,8.814,8.693,-0.121,-12
2007-03-13 06:33,8.867,8.88,0.013,-27
2007-03-14 07:33,9.11,9.051,-0.059,9
2007-03-15 08:34,9.543,9.497,-0.046,2
2007-03-16 22:07,9.319,11.075,1.756,11
2007-03-17 10:24,10.648,11.813,1.165,6
2007-03-18 11:14,11.07,11.0,-0.07,-2
2007-03-20 00:27,11.358,10.796,-0.562,-9
2007-03-21 01:14,11.638,10.412,-1.226,-8
2007-03-22 02:03,11.634,10.616,-1.018,-9
2007-03-23 02:53,11.349,10.622,-0.727,1
2007-03-24 03:46,10.844,10.688,-0.156,2
2007-03-25 04:46,10.238,10.271,0.033,-16
2007-03-26 05:51,9.688,9.631,-0.057,3
2007-03-27 07:00,9.32,9.668,0.348,6
2007-03-28 08:11,9.186,9.346,0.16,-5
2007-03-29 09:15,9.247,9.29,0.043,9
2007-03-30 10:08,9.381,9.54,0.159,-8
2007-03-31 10:53,9.488,9.622,0.134,-5
2007-04-01 11:33,9.528,9.438,-0.09,-9
2007-04-02 12:10,9.498,10.022,0.524,2
2007-04-03 00:22,9.738,10.432,0.694,2
2007-04-04 00:55,9.804,10.324,0.52,5
2007-04-05 01:29,9.789,10.885,1.096,1
2007-04-06 02:05,9.703,9.966,0.263,1
2007-04-07 02:42,9.565,10.074,0.509,-6
2007-04-08 03:23,9.404,9.704,0.3,-11
2007-04-09 04:09,9.255,8.063,-1.192,3
2007-04-10 05:02,9.17,9.077,-0.093,-2
2007-04-11 06:00,9.203,8.841,-0.362,-12
2007-04-12 19:45,8.602,9.264,0.662,9
2007-04-13 08:02,9.704,9.792,0.088,10
2007-04-14 21:34,10.078,10.048,-0.03,2
2007-04-15 22:23,10.864,12.069,1.205,7
2007-04-16 10:51,10.87,13.162,2.292,-21
2007-04-17 23:59,11.899,13.795,1.896,-11
2007-04-19 00:49,12.009,13.155,1.146,-1
2007-04-20 01:39,11.839,12.558,0.719,-3
2007-04-21 02:32,11.426,11.81,0.384,-8
2007-04-22 03:27,10.842,11.367,0.525,-3
2007-04-23 04:26,10.201,10.671,0.47,-2
2007-04-24 05:30,9.636,9.91,0.274,0
2007-04-25 06:37,9.239,9.825,0.586,5
2007-04-26 07:43,9.029,9.494,0.465,-13
2007-04-27 08:44,8.979,9.52,0.541,4
2007-04-28 09:38,9.024,9.832,0.808,16
2007-04-29 10:23,9.09,9.946,0.856,7
2007-04-29 22:38,9.599,10.11,0.511,4
2007-04-30 23:13,9.807,10.212,0.405,-1
2007-05-01 23:48,9.938,10.33,0.392,6
2007-05-03 00:23,9.993,10.238,0.245,7
2007-05-04 00:59,9.986,10.019,0.033,-5
2007-05-05 01:37,9.936,10.074,0.138,-1
2007-05-06 02:16,9.863,10.212,0.349,2
2007-05-07 02:58,9.777,9.697,-0.08,-10
2007-05-08 03:45,9.687,9.385,-0.302,3
2007-05-09 04:37,9.616,9.257,-0.359,-1
2007-05-10 05:34,9.595,9.674,0.079,-4
2007-05-11 06:33,9.65,9.75,0.1,-3
2007-05-12 20:08,10.046,10.038,-0.008,-14
2007-05-13 21:02,10.711,10.701,-0.01,-2
2007-05-14 21:54,11.32,11.036,-0.284,-6
2007-05-15 22:45,11.767,11.675,-0.092,-3
2007-05-16 23:35,11.982,12.515,0.533,7
2007-05-18 00:27,11.948,12.066,0.118,9
2007-05-19 01:20,11.696,12.158,0.462,-8
2007-05-20 02:14,11.274,11.912,0.638,-2
2007-05-21 03:08,10.736,11.337,0.601,-8
2007-05-22 04:05,10.154,10.373,0.219,-5
2007-05-23 05:05,9.611,9.963,0.352,-5
2007-05-24 06:05,9.173,9.254,0.081,-5
2007-05-25 07:04,8.86,9.162,0.302,2
2007-05-25 19:39,9.024,9.33,0.306,3
2007-05-26 20:29,9.2,9.356,0.156,1
2007-05-27 21:15,9.419,9.661,0.242,3
2007-05-28 21:57,9.642,9.851,0.209,-3
2007-05-29 22:36,9.836,10.032,0.196,6
2007-05-30 23:15,9.981,10.212,0.231,15
2007-05-31 23:53,10.08,10.294,0.214,1
2007-06-02 00:32,10.143,10.478,0.335,4
2007-06-03 01:13,10.184,10.918,0.734,-7
2007-06-04 01:54,10.204,11.2,0.996,0
2007-06-05 02:38,10.191,11.301,1.11,10
2007-06-06 03:25,10.129,10.944,0.815,5
2007-06-07 04:16,10.018,10.36,0.342,2
2007-06-08 05:11,9.882,10.229,0.347,-5
2007-06-09 18:44,10.144,10.429,0.285,-2
2007-06-10 19:38,10.569,10.858,0.289,-2
2007-06-11 20:34,10.974,11.321,0.347,2
2007-06-12 21:30,11.323,12.105,0.782,0
2007-06-13 22:24,11.564,12.059,0.495,0
2007-06-14 23:17,11.648,12.23,0.582,1
2007-06-16 00:11,11.565,12.227,0.662,7
2007-06-17 01:04,11.338,11.977,0.639,2
2007-06-18 01:57,10.993,11.521,0.528,3
2007-06-19 02:48,10.552,10.97,0.418,6
2007-06-20 03:40,10.047,10.685,0.638,8
2007-06-21 04:33,9.53,10.192,0.662,-3
2007-06-21 17:12,9.167,9.841,0.674,6
2007-06-22 18:01,9.136,9.677,0.541,-19
2007-06-23 18:49,9.154,9.595,0.441,5
2007-06-24 19:38,9.219,9.346,0.127,-2
2007-06-25 20:27,9.336,9.481,0.145,9
2007-06-26 21:15,9.506,9.464,-0.042,3
2007-06-27 22:00,9.713,9.996,0.283,6
2007-06-28 22:43,9.933,10.14,0.207,5
2007-06-29 23:25,10.146,10.347,0.201,-7
2007-07-01 00:07,10.336,10.619,0.283,-1
2007-07-02 00:50,10.491,10.701,0.21,-8
2007-07-03 01:34,10.589,10.75,0.161,2
2007-07-04 02:19,10.601,10.694,0.093,-1
2007-07-05 03:07,10.5,10.662,0.162,-1
2007-07-06 03:57,10.283,10.58,0.297,-3
2007-07-07 17:23,10.371,10.409,0.038,-5
2007-07-08 18:17,10.557,10.767,0.21,-11
2007-07-09 19:14,10.699,11.193,0.494,-14
2007-07-10 20:13,10.821,11.17,0.349,-1
2007-07-11 21:13,10.949,11.606,0.657,-1
2007-07-12 22:11,11.065,11.593,0.528,1
2007-07-13 23:06,11.119,11.629,0.51,0
2007-07-14 23:58,11.072,11.682,0.61,8
2007-07-16 00:50,10.916,11.459,0.543,10
2007-07-17 01:39,10.655,11.068,0.413,3
2007-07-18 02:25,10.297,10.708,0.411,-1
2007-07-19 03:11,9.86,10.32,0.46,7
2007-07-20 03:58,9.379,10.065,0.686,14
2007-07-20 16:27,9.335,9.838,0.503,-3
2007-07-21 17:12,9.239,9.467,0.228,6
2007-07-22 18:00,9.161,9.12,-0.041,6
2007-07-23 18:49,9.125,9.405,0.28,17
2007-07-24 19:40,9.162,9.284,0.122,2
2007-07-25 20:33,9.306,9.428,0.122,3
2007-07-26 21:24,9.566,9.74,0.174,6
2007-07-27 22:12,9.904,10.36,0.456,6
2007-07-28 22:58,10.264,10.678,0.414,2
2007-07-29 23:42,10.587,10.918,0.331,6
2007-07-31 00:27,10.828,11.187,0.359,3
2007-08-01 01:13,10.951,11.19,0.239,-1
2007-08-02 01:59,10.925,11.055,0.13,1
2007-08-03 02:48,10.732,10.832,0.1,0
2007-08-04 16:05,10.766,10.685,-0.081,1
2007-08-05 16:58,10.74,10.694,-0.046,-4
2007-08-06 17:55,10.633,10.954,0.321,-13
2007-08-07 18:55,10.505,10.911,0.406,5
2007-08-08 19:58,10.425,11.055,0.63,2
2007-08-09 21:03,10.447,10.698,0.251,9
2007-08-10 22:03,10.542,11.003,0.461,3
2007-08-11 22:57,10.622,10.98,0.358,-3
2007-08-12 23:47,10.617,11.255,0.638,7
2007-08-14 00:33,10.506,11.213,0.707,3
2007-08-15 01:17,10.292,10.76,0.468,7
2007-08-16 01:59,9.989,10.311,0.322,7
2007-08-16 14:24,9.671,10.012,0.341,6
2007-08-17 15:02,9.593,9.914,0.321,16
2007-08-18 15:42,9.458,9.261,-0.197,12
2007-08-19 16:25,9.287,9.189,-0.098,-1
2007-08-20 17:12,9.121,9.185,0.064,0
2007-08-21 18:03,9.015,9.038,0.023,3
2007-08-22 18:57,9.021,9.051,0.03,-3
2007-08-23 19:53,9.179,9.431,0.252,13
2007-08-24 20:49,9.501,9.825,0.324,5
2007-08-25 21:41,9.943,10.192,0.249,1
2007-08-26 22:29,10.412,10.573,0.161,1
2007-08-27 23:16,10.817,10.796,-0.021,2
2007-08-29 00:02,11.087,11.272,0.185,4
2007-08-30 00:50,11.181,11.282,0.101,-2
2007-08-31 14:01,11.247,11.502,0.255,5
2007-09-01 14:49,11.312,11.121,-0.191,-1
2007-09-02 15:40,11.163,11.141,-0.022,2
2007-09-03 16:35,10.854,10.763,-0.091,-5
2007-09-04 17:36,10.491,10.468,-0.023,6
2007-09-05 18:42,10.186,10.36,0.174,6
2007-09-06 19:49,10.022,10.14,0.118,-7
2007-09-07 20:56,10.025,10.094,0.069,-2
2007-09-08 21:56,10.124,10.35,0.226,-2
2007-09-09 22:47,10.204,10.589,0.385,-5
2007-09-10 23:32,10.197,10.655,0.458,4
2007-09-12 00:13,10.093,11.042,0.949,-1
2007-09-12 12:35,9.836,10.058,0.222,7
2007-09-13 13:11,9.876,9.871,-0.005,1
2007-09-14 13:46,9.842,10.124,0.282,2
2007-09-15 14:23,9.734,10.192,0.458,7
2007-09-16 15:01,9.558,9.421,-0.137,11
2007-09-17 15:43,9.341,9.028,-0.313,5
2007-09-18 16:30,9.132,8.847,-0.285,-6
2007-09-19 17:22,9.0,8.942,-0.058,2
2007-09-20 18:18,9.006,8.979,-0.027,-12
2007-09-21 19:16,9.182,9.221,0.039,2
2007-09-22 20:14,9.525,9.556,0.031,4
2007-09-23 21:09,9.987,9.884,-0.103,9
2007-09-24 22:00,10.475,10.416,-0.059,6
2007-09-25 22:49,10.883,10.832,-0.051,5
2007-09-27 11:59,11.386,11.498,0.112,7
2007-09-28 12:46,11.746,11.918,0.172,-4
2007-09-29 13:34,11.854,11.725,-0.129,8
2007-09-30 14:24,11.7,11.508,-0.192,0
2007-10-01 15:17,11.318,11.032,-0.286,-5
2007-10-02 16:16,10.799,10.586,-0.213,-4
2007-10-03 17:20,10.283,10.507,0.224,-2
2007-10-04 18:29,9.897,10.078,0.181,1
2007-10-05 19:37,9.694,10.015,0.321,-1
2007-10-06 20:43,9.659,10.373,0.714,-1
2007-10-07 21:41,9.71,10.271,0.561,7
2007-10-08 22:29,9.749,10.655,0.906,7
2007-10-09 10:52,9.742,10.806,1.064,8
2007-10-10 11:28,9.916,10.836,0.92,14
2007-10-12 00:28,9.477,10.934,1.457,14
2007-10-12 12:37,10.02,11.164,1.144,-13
2007-10-13 13:12,9.956,10.304,0.348,0
2007-10-14 13:49,9.826,10.015,0.189,-7
2007-10-15 14:27,9.645,9.53,-0.115,9
2007-10-16 15:09,9.441,9.608,0.167,9
2007-10-17 15:55,9.251,9.553,0.302,-1
2007-10-18 16:47,9.129,9.595,0.466,-11
2007-10-19 17:43,9.127,9.904,0.777,-1
2007-10-20 18:41,9.269,9.467,0.198,-5
2007-10-21 19:39,9.544,9.274,-0.27,-3
2007-10-23 09:09,9.981,9.973,-0.008,3
2007-10-24 09:57,10.77,10.484,-0.286,3
2007-10-25 10:43,11.459,11.488,0.029,-1
2007-10-26 11:30,11.942,11.61,-0.332,-6
2007-10-27 12:19,12.157,12.243,0.086,5
2007-10-28 13:10,12.094,11.639,-0.455,-4
2007-10-29 14:03,11.781,11.406,-0.375,3
2007-10-30 14:58,11.274,10.99,-0.284,-4
2007-10-31 15:58,10.666,10.507,-0.159,-4
2007-11-01 17:02,10.082,9.963,-0.119,-2
2007-11-02 18:09,9.631,9.599,-0.032,15
2007-11-03 19:16,9.345,11.383,2.038,-4
2007-11-04 19:18,9.203,8.844,-0.359,-6
2007-11-05 07:53,9.294,10.17,0.876,-11
2007-11-06 08:39,9.546,10.822,1.276,15
2007-11-07 09:19,9.766,10.386,0.62,5
2007-11-08 09:56,9.925,10.261,0.336,-2
2007-11-09 10:31,10.011,10.353,0.342,5
2007-11-10 11:06,10.025,10.839,0.814,6
2007-11-11 11:43,9.974,10.176,0.202,-13
2007-11-12 12:21,9.877,9.966,0.089,-3
2007-11-13 13:00,9.751,10.166,0.415,-12
2007-11-14 13:42,9.614,10.045,0.431,0
2007-11-15 14:27,9.48,10.383,0.903,-3
2007-11-16 15:16,9.368,9.343,-0.025,-40
2007-11-17 16:11,9.312,9.113,-0.199,-11
2007-11-19 05:49,9.137,9.261,0.124,-13
2007-11-20 06:41,9.747,9.69,-0.057,-17
2007-11-21 07:34,10.427,10.832,0.405,-10
2007-11-22 08:26,11.095,11.708,0.613,-2
2007-11-23 09:17,11.649,11.754,0.105,1
2007-11-24 10:07,12.0,11.849,-0.151,-1
2007-11-25 10:58,12.099,11.866,-0.233,-4
2007-11-26 11:51,11.954,12.181,0.227,-9
2007-11-27 12:46,11.603,11.479,-0.124,2
2007-11-28 13:41,11.094,10.793,-0.301,7
2007-11-29 14:38,10.486,10.947,0.461,-2
2007-11-30 15:38,9.868,9.572,-0.296,-2
2007-12-01 04:26,9.038,8.463,-0.575,10
2007-12-02 17:42,8.912,8.7,-0.212,-6
2007-12-03 06:18,9.043,10.055,1.012,24
2007-12-04 07:10,9.162,9.32,0.158,14
2007-12-05 07:59,9.33,9.71,0.38,7
2007-12-06 08:43,9.515,9.645,0.13,-1
2007-12-07 09:24,9.685,9.763,0.078,6
2007-12-08 10:02,9.817,9.723,-0.094,16
2007-12-09 10:40,9.902,9.654,-0.248,2
2007-12-10 11:19,9.943,10.255,0.312,-1
2007-12-11 11:58,9.949,10.019,0.07,-4
2007-12-12 12:39,9.928,10.061,0.133,3
2007-12-13 13:20,9.875,9.992,0.117,-8
2007-12-14 14:04,9.781,10.107,0.326,-4
2007-12-15 14:51,9.643,9.189,-0.454,-3
2007-12-16 15:43,9.479,11.938,2.459,-19
2007-12-18 05:14,9.643,8.792,-0.851,-2
2007-12-19 06:08,10.08,10.212,0.132,-8
2007-12-20 07:03,10.532,11.216,0.684,-9
2007-12-21 08:00,10.974,11.518,0.544,-6
2007-12-22 08:56,11.355,11.38,0.025,-8
2007-12-23 09:50,11.607,11.803,0.196,-2
2007-12-24 10:44,11.678,11.816,0.138,-8
2007-12-25 11:38,11.559,11.219,-0.34,-2
2007-12-26 12:31,11.267,11.826,0.559,-1
2007-12-27 13:23,10.821,12.017,1.196,1
2007-12-28 02:05,9.494,10.688,1.194,-5
2007-12-29 15:08,9.626,10.14,0.514,-14
2007-12-30 03:46,9.127,9.753,0.626,-4
2007-12-31 04:38,8.984,10.009,1.025,16
2008-01-01 18:00,8.148,9.208,1.06,-18
2008-01-02 06:24,8.993,9.543,0.55,-12
2008-01-03 07:12,9.058,8.693,-0.365,18
2008-01-04 08:06,9.209,9.051,-0.158,-6
2008-01-05 08:48,9.426,8.906,-0.52,12
2008-01-06 09:36,9.667,9.792,0.125,12
2008-01-07 10:18,9.893,10.199,0.306,-12
2008-01-08 10:54,10.084,10.235,0.151,-12
2008-01-09 11:36,10.222,10.891,0.669,-6
2008-01-10 12:18,10.292,10.012,-0.28,-6
2008-01-11 12:54,10.281,11.082,0.801,6
2008-01-12 13:42,10.162,10.717,0.555,-12
2008-01-14 02:54,9.733,10.704,0.971,-6
2008-01-14 15:18,9.593,10.776,1.183,-18
2008-01-16 04:36,10.002,9.943,-0.059,0
2008-01-17 05:36,10.107,10.301,0.194,-6
2008-01-18 06:36,10.235,10.996,0.761,-18
2008-01-19 07:42,10.426,10.593,0.167,-12
2008-01-20 08:42,10.682,11.105,0.423,-12
2008-01-21 09:42,10.918,10.183,-0.735,-12
2008-01-22 10:36,11.044,10.96,-0.084,-12
2008-01-23 11:30,11.011,11.193,0.182,0
2008-01-24 12:18,10.813,11.226,0.413,-12
2008-01-25 13:06,10.456,10.514,0.058,-12
2008-01-26 13:48,9.967,10.356,0.389,-12
2008-01-27 14:36,9.397,10.832,1.435,12
2008-01-28 03:06,9.343,10.963,1.62,0
2008-01-29 03:48,9.107,9.966,0.859,0
2008-01-30 04:36,8.892,9.95,1.058,12
2008-01-31 05:30,8.745,8.477,-0.268,-18
2008-02-01 06:24,8.708,8.657,-0.051,-18
2008-02-02 07:24,8.818,8.759,-0.059,-54
2008-02-03 08:18,9.077,8.683,-0.394,6
2008-02-04 09:06,9.43,9.267,-0.163,0
2008-02-05 09:48,9.804,10.252,0.448,-24
2008-02-06 10:30,10.138,11.173,1.035,12
2008-02-07 11:12,10.391,11.524,1.133,12
2008-02-08 11:54,10.532,11.347,0.815,-6
2008-02-10 01:00,10.116,10.918,0.802,0
2008-02-10 13:18,10.384,11.344,0.96,-6
2008-02-12 02:30,10.411,9.517,-0.894,0
2008-02-13 03:18,10.341,10.455,0.114,-6
2008-02-14 04:12,10.171,10.432,0.261,30
2008-02-15 05:12,9.987,10.258,0.271,6
2008-02-16 06:24,9.886,10.104,0.218,0
2008-02-17 07:30,9.945,10.117,0.172,6
2008-02-18 08:36,10.157,11.085,0.928,0
2008-02-19 09:36,10.399,10.839,0.44,-6
2008-02-20 10:24,10.546,10.78,0.234,12
2008-02-21 11:12,10.544,10.603,0.059,-6
2008-02-22 12:00,10.387,10.547,0.16,-12
2008-02-23 12:42,10.092,10.993,0.901,-12
2008-02-24 01:06,9.875,10.32,0.445,-24
2008-02-25 01:42,9.73,9.937,0.207,0
2008-02-26 02:24,9.497,9.855,0.358,-18
2008-02-27 03:06,9.211,10.57,1.359,6
2008-02-28 03:54,8.917,9.271,0.354,-12
2008-02-29 04:42,8.685,8.65,-0.035,6
2008-03-01 05:42,8.58,9.09,0.51,-12
2008-03-02 06:36,8.652,8.336,-0.316,0
2008-03-03 07:36,8.913,8.88,-0.033,0
2008-03-04 08:30,9.318,9.356,0.038,18
2008-03-05 09:18,9.776,10.727,0.951,-6
2008-03-06 10:00,10.2,10.402,0.202,-6
2008-03-07 23:06,10.18,11.026,0.846,0
2008-03-08 23:48,10.65,11.072,0.422,-30
2008-03-10 01:30,10.968,10.274,-0.694,0
2008-03-11 02:18,11.085,10.678,-0.407,-12
2008-03-12 03:06,10.979,10.95,-0.029,-6
2008-03-13 03:54,10.674,10.944,0.27,-6
2008-03-14 04:54,10.264,10.744,0.48,-30
2008-03-15 06:00,9.885,11.337,1.452,6
2008-03-16 07:12,9.656,10.954,1.298,6
2008-03-17 08:24,9.641,10.212,0.571,0
2008-03-18 09:30,9.799,10.836,1.037,0
2008-03-19 10:24,9.986,11.278,1.292,6
2008-03-20 11:12,10.089,11.538,1.449,6
2008-03-20 23:36,9.856,10.34,0.484,-6
2008-03-22 12:42,9.93,9.687,-0.243,-6
2008-03-23 00:54,10.075,9.838,-0.237,-6
2008-03-24 01:30,10.023,9.671,-0.352,6
2008-03-25 02:06,9.881,9.891,0.01,-6
2008-03-26 02:42,9.66,9.694,0.034,-12
2008-03-27 03:24,9.384,9.395,0.011,-6
2008-03-28 04:12,9.093,9.32,0.227,18
2008-03-29 05:00,8.849,9.202,0.353,-18
2008-03-30 06:00,8.723,8.25,-0.473,0
2008-03-31 06:54,8.76,8.273,-0.487,-6
2008-04-01 07:54,8.97,8.677,-0.293,-12
2008-04-02 08:48,9.328,8.545,-0.783,-12
2008-04-03 09:42,9.765,8.906,-0.859,-12
2008-04-04 22:48,10.37,10.645,0.275,0
2008-04-05 23:36,10.989,11.042,0.053,-12
2008-04-07 00:18,11.437,11.662,0.225,-18
2008-04-08 01:06,11.657,11.754,0.097,-6
2008-04-09 01:54,11.629,11.6,-0.029,-12
2008-04-10 02:42,11.356,11.403,0.047,-12
2008-04-11 03:42,10.898,11.059,0.161,0
2008-04-12 04:42,10.361,10.963,0.602,18
2008-04-13 05:48,9.89,11.124,1.234,-6
2008-04-14 07:00,9.587,10.16,0.573,-12
2008-04-15 08:12,9.472,9.769,0.297,-12
2008-04-16 09:12,9.502,9.756,0.254,-6
2008-04-17 10:06,9.574,9.776,0.202,0
2008-04-17 22:30,9.821,10.124,0.303,-12
2008-04-18 23:12,10.026,10.202,0.176,0
2008-04-19 23:48,10.133,10.393,0.26,-6
2008-04-21 00:24,10.15,10.252,0.102,0
2008-04-22 01:00,10.093,10.11,0.017,0
2008-04-23 01:36,9.972,10.101,0.129,-6
2008-04-24 02:12,9.796,10.11,0.314,-6
2008-04-25 02:54,9.585,9.713,0.128,-6
2008-04-26 03:42,9.361,9.71,0.349,-6
2008-04-27 04:30,9.166,9.474,0.308,-6
2008-04-28 05:18,9.047,9.359,0.312,6
2008-04-29 06:18,9.041,9.996,0.955,-6
2008-04-30 07:12,9.157,9.49,0.333,-6
2008-05-01 20:36,9.631,9.674,0.043,6
2008-05-02 21:30,10.34,10.458,0.118,-6
2008-05-03 22:12,11.024,11.219,0.195,6
2008-05-04 23:00,11.579,11.8,0.221,0
2008-05-05 23:48,11.922,12.122,0.2,6
2008-05-07 00:42,12.022,12.473,0.451,0
2008-05-08 01:36,11.881,12.473,0.592,-6
2008-05-09 02:30,11.53,11.971,0.441,-6
2008-05-10 03:30,11.022,12.059,1.037,0
2008-05-11 04:30,10.453,11.79,1.337,12
2008-05-12 05:36,9.934,11.603,1.669,-6
2008-05-12 18:24,9.3,10.734,1.434,0
2008-05-13 19:24,9.373,10.386,1.013,0
2008-05-14 20:24,9.526,10.399,0.873,-6
2008-05-15 21:12,9.715,10.307,0.592,0
2008-05-16 22:00,9.89,10.648,0.758,0
2008-05-17 22:36,10.019,10.944,0.925,18
2008-05-18 23:18,10.094,10.957,0.863,0
2008-05-19 23:54,10.113,10.537,0.424,12
2008-05-21 00:30,10.084,10.908,0.824,12
2008-05-22 01:12,10.017,10.498,0.481,0
2008-05-23 01:48,9.92,10.363,0.443,0
2008-05-24 02:30,9.8,10.212,0.412,12
2008-05-25 03:12,9.663,9.94,0.277,0
2008-05-26 04:00,9.523,9.638,0.115,-6
2008-05-27 04:48,9.403,9.339,-0.064,-6
2008-05-28 05:42,9.328,8.92,-0.408,6
2008-05-29 19:06,9.71,9.31,-0.4,0
2008-05-30 20:00,10.249,10.002,-0.247,0
2008-05-31 20:48,10.819,11.108,0.289,0
2008-06-01 21:42,11.357,11.442,0.085,0
2008-06-02 22:36,11.777,11.866,0.089,-6
2008-06-03 23:30,12.011,12.135,0.124,-6
2008-06-05 00:24,12.034,12.378,0.344,-6
2008-06-06 01:18,11.858,11.99,0.132,6
2008-06-07 02:18,11.511,11.695,0.184,6
2008-06-08 03:12,11.02,11.242,0.222,-6
2008-06-09 04:12,10.446,10.918,0.472,6
2008-06-10 05:12,9.872,10.376,0.504,-6
2008-06-11 06:12,9.367,9.776,0.409,0
2008-06-12 19:42,9.622,9.563,-0.059,0
2008-06-13 20:36,9.658,9.845,0.187,0
2008-06-14 21:24,9.735,10.179,0.444,-6
2008-06-15 22:06,9.835,10.281,0.446,6
2008-06-16 22:48,9.932,10.491,0.559,0
2008-06-17 23:30,10.008,10.58,0.572,12
2008-06-19 00:06,10.058,10.655,0.597,6
2008-06-20 00:48,10.078,10.507,0.429,0
2008-06-21 01:30,10.068,10.327,0.259,-6
2008-06-22 02:06,10.028,10.196,0.168,0
2008-06-23 02:48,9.949,10.258,0.309,6
2008-06-24 03:30,9.826,10.028,0.202,6
2008-06-25 04:18,9.667,9.533,-0.134,-18
2008-06-26 05:12,9.492,9.504,0.012,-6
2008-06-26 17:42,9.885,9.848,-0.037,-6
2008-06-27 18:30,10.232,10.225,-0.007,12
2008-06-28 19:24,10.586,10.868,0.282,0
2008-06-29 20:24,10.942,11.479,0.537,0
2008-06-30 21:18,11.293,11.728,0.435,0
2008-07-01 22:18,11.592,11.948,0.356,0
2008-07-02 23:12,11.769,12.19,0.421,0
2008-07-04 00:12,11.785,12.233,0.448,0
2008-07-05 01:06,11.632,12.164,0.532,-6
2008-07-06 02:00,11.315,11.734,0.419,0
2008-07-07 02:54,10.848,11.118,0.27,0
2008-07-08 03:48,10.272,10.393,0.121,0
2008-07-09 17:18,9.786,10.209,0.423,-6
2008-07-10 18:06,9.622,9.953,0.331,0
2008-07-11 19:00,9.49,9.674,0.184,6
2008-07-12 19:48,9.422,9.684,0.262,6
2008-07-13 20:42,9.447,9.835,0.388,0
2008-07-14 21:30,9.563,9.95,0.387,18
2008-07-15 22:18,9.736,9.917,0.181,12
2008-07-16 23:00,9.917,10.002,0.085,6
2008-07-17 23:42,10.074,10.179,0.105,0
2008-07-19 00:24,10.189,10.324,0.135,6
2008-07-20 01:00,10.251,10.586,0.335,0
2008-07-21 01:42,10.255,10.511,0.256,0
2008-07-22 02:24,10.186,10.484,0.298,-12
2008-07-23 03:06,10.033,10.114,0.081,0
2008-07-23 15:36,9.957,10.012,0.055,-6
2008-07-24 16:18,10.164,10.235,0.071,-6
2008-07-25 17:06,10.33,10.12,-0.21,0
2008-07-26 18:00,10.464,10.498,0.034,0
2008-07-27 19:00,10.59,10.698,0.108,6
2008-07-28 20:00,10.742,11.088,0.346,6
2008-07-29 21:06,10.954,11.341,0.387,0
2008-07-30 22:06,11.193,11.757,0.564,-6
2008-07-31 23:06,11.364,12.2,0.836,6
2008-08-02 00:00,11.397,12.174,0.777,6
2008-08-03 00:54,11.26,12.02,0.76,6
2008-08-04 01:42,10.959,11.413,0.454,12
2008-08-05 02:30,10.511,10.878,0.367,0
2008-08-06 15:48,10.01,10.56,0.55,6
2008-08-07 16:30,9.747,10.219,0.472,6
2008-08-08 17:24,9.481,10.192,0.711,0
2008-08-09 18:12,9.267,9.707,0.44,6
2008-08-10 19:06,9.149,9.563,0.414,18
2008-08-11 20:06,9.163,9.69,0.527,-6
2008-08-12 21:00,9.32,9.838,0.518,-6
2008-08-13 21:48,9.578,9.878,0.3,6
2008-08-14 22:36,9.865,10.586,0.721,12
2008-08-15 23:18,10.122,10.386,0.264,0
2008-08-16 23:54,10.316,10.655,0.339,6
2008-08-18 00:36,10.427,10.668,0.241,0
2008-08-19 01:18,10.442,10.708,0.266,6
2008-08-19 13:42,10.176,10.557,0.381,6
2008-08-20 14:24,10.434,10.13,-0.304,-6
2008-08-21 15:06,10.595,10.481,-0.114,0
2008-08-22 15:48,10.635,10.393,-0.242,-6
2008-08-23 16:42,10.571,10.15,-0.421,-6
2008-08-24 17:42,10.461,10.557,0.096,0
2008-08-25 18:42,10.381,10.698,0.317,12
2008-08-26 19:48,10.398,10.78,0.382,0
2008-08-27 20:54,10.54,11.013,0.473,12
2008-08-28 22:00,10.752,11.462,0.71,0
2008-08-29 22:54,10.907,11.203,0.296,6
2008-08-30 23:48,10.921,11.295,0.374,6
2008-09-01 00:36,10.774,10.99,0.216,0
2008-09-02 13:42,10.404,11.157,0.753,0
2008-09-03 14:24,10.247,10.747,0.5,-12
2008-09-04 15:06,9.99,10.101,0.111,-6
2008-09-05 15:48,9.674,9.822,0.148,-6
2008-09-06 16:36,9.354,9.91,0.556,-6
2008-09-07 17:30,9.097,9.202,0.105,6
2008-09-08 18:24,8.961,9.133,0.172,6
2008-09-09 19:24,8.98,9.372,0.392,-6
2008-09-10 20:18,9.156,9.077,-0.079,12
2008-09-11 21:12,9.454,9.385,-0.069,0
2008-09-12 22:00,9.803,9.713,-0.09,18
2008-09-13 22:42,10.128,10.419,0.291,0
2008-09-14 23:24,10.378,10.934,0.556,6
2008-09-16 00:06,10.519,10.419,-0.1,-6
2008-09-17 00:48,10.532,10.599,0.067,6
2008-09-17 13:06,10.953,10.845,-0.108,6
2008-09-18 13:48,11.13,11.026,-0.104,6
2008-09-19 14:36,11.135,10.911,-0.224,-6
2008-09-20 15:30,10.962,10.77,-0.192,0
2008-09-21 16:24,10.67,10.681,0.011,-12
2008-09-22 17:24,10.359,10.294,-0.065,12
2008-09-23 18:36,10.142,10.137,-0.005,0
2008-09-24 19:42,10.076,10.314,0.238,0
2008-09-25 20:48,10.157,10.458,0.301,-6
2008-09-26 21:48,10.3,10.94,0.64,6
2008-09-27 22:42,10.388,11.131,0.743,0
2008-09-29 11:54,10.462,11.0,0.538,0
2008-09-30 12:30,10.494,11.049,0.555,0
2008-10-01 13:12,10.401,11.433,1.032,6
2008-10-02 13:48,10.21,10.95,0.74,0
2008-10-03 14:30,9.946,10.166,0.22,-6
2008-10-04 15:12,9.637,9.113,-0.524,6
2008-10-05 16:00,9.323,9.064,-0.259,-6
2008-10-06 16:48,9.06,8.755,-0.305,0
2008-10-07 17:48,8.913,8.703,-0.21,0
2008-10-08 18:42,8.911,8.883,-0.028,-12
2008-10-09 19:42,9.053,8.837,-0.216,-12
2008-10-10 20:30,9.316,9.185,-0.131,6
2008-10-11 21:24,9.655,9.618,-0.037,-6
2008-10-12 22:12,9.996,9.694,-0.302,6
2008-10-13 22:54,10.276,10.343,0.067,-12
2008-10-14 11:12,10.892,10.954,0.062,6
2008-10-15 11:54,11.337,11.219,-0.118,-6
2008-10-16 12:36,11.602,11.944,0.342,-6
2008-10-17 13:24,11.659,11.843,0.184,0
2008-10-18 14:18,11.502,11.738,0.236,-12
2008-10-19 15:12,11.16,11.816,0.656,6
2008-10-20 16:12,10.706,11.521,0.815,6
2008-10-21 17:18,10.263,11.062,0.799,0
2008-10-22 18:24,9.94,10.901,0.961,0
2008-10-23 19:30,9.767,10.222,0.455,0
2008-10-25 09:12,9.806,10.379,0.573,-6
2008-10-26 10:00,10.118,10.95,0.832,-18
2008-10-27 10:48,10.328,11.157,0.829,0
2008-10-28 11:24,10.416,11.79,1.374,18
2008-10-29 12:00,10.393,10.721,0.328,6
2008-10-30 12:42,10.286,10.412,0.126,-12
2008-10-31 13:18,10.115,10.124,0.009,-6
2008-11-01 14:00,9.898,9.996,0.098,-12
2008-11-02 13:42,9.649,9.504,-0.145,-12
2008-11-03 14:24,9.389,9.12,-0.269,-6
2008-11-04 15:12,9.152,8.942,-0.21,-12
2008-11-05 16:06,8.984,9.018,0.034,-6
2008-11-06 17:00,8.92,9.339,0.419,0
2008-11-07 17:54,8.972,9.313,0.341,0
2008-11-08 18:48,9.131,9.884,0.753,-6
2008-11-09 07:18,9.452,10.258,0.806,0
2008-11-10 08:06,10.098,10.432,0.334,0
2008-11-11 08:54,10.756,10.635,-0.121,0
2008-11-12 09:36,11.335,11.082,-0.253,-6
2008-11-13 10:24,11.751,11.738,-0.013,-12
2008-11-14 11:12,11.949,12.371,0.422,6
2008-11-15 12:06,11.918,12.61,0.692,-6
2008-11-16 13:00,11.671,12.25,0.579,6
2008-11-17 13:54,11.244,11.019,-0.225,-6
2008-11-18 14:54,10.703,11.147,0.444,-12
2008-11-19 16:00,10.156,10.626,0.47,6
2008-11-20 17:06,9.698,10.133,0.435,0
2008-11-22 06:54,9.614,10.035,0.421,-6
2008-11-23 07:48,9.796,9.218,-0.578,-6
2008-11-24 08:36,9.965,10.012,0.047,0
2008-11-25 09:18,10.084,11.255,1.171,12
2008-11-26 10:00,10.141,10.878,0.737,0
2008-11-27 10:36,10.137,10.767,0.63,0
2008-11-28 11:18,10.086,10.95,0.864,6
2008-11-29 11:54,9.995,10.229,0.234,6
2008-11-30 12:36,9.869,10.373,0.504,-6
2008-12-01 13:18,9.71,10.711,1.001,-12
2008-12-02 14:00,9.521,9.51,-0.011,-18
2008-12-03 14:42,9.317,9.336,0.019,-6
2008-12-04 15:30,9.12,8.883,-0.237,-6
2008-12-05 16:18,8.967,8.641,-0.326,12
2008-12-06 17:12,8.888,9.106,0.218,-6
2008-12-07 05:48,9.259,9.53,0.271,-24
2008-12-08 06:36,9.748,8.444,-1.304,-6
2008-12-09 07:30,10.303,9.69,-0.613,6
2008-12-10 08:18,10.881,10.57,-0.311,0
2008-12-11 09:12,11.4,11.515,0.115,6
2008-12-12 10:00,11.776,12.653,0.877,0
2008-12-13 10:54,11.952,11.777,-0.175,6
2008-12-14 11:48,11.906,11.797,-0.109,6
2008-12-15 12:48,11.652,11.446,-0.206,0
2008-12-16 13:42,11.208,10.517,-0.691,-12
2008-12-17 14:42,10.617,10.921,0.304,0
2008-12-18 15:42,9.968,9.822,-0.146,-12
2008-12-20 05:18,9.532,10.891,1.359,18
2008-12-21 06:18,9.48,10.406,0.926,0
2008-12-21 18:48,8.525,10.202,1.677,-48
2008-12-23 08:06,9.528,8.457,-1.071,12
2008-12-24 08:54,9.624,9.471,-0.153,6
2008-12-25 09:36,9.731,8.523,-1.208,12
2008-12-26 10:18,9.826,9.966,0.14,0
2008-12-27 10:54,9.891,10.284,0.393,-24
2008-12-28 11:36,9.917,10.33,0.413,-6
2008-12-29 12:12,9.894,10.222,0.328,0
2008-12-30 12:54,9.818,9.795,-0.023,6
2008-12-31 13:30,9.686,11.026,1.34,-12
2009-01-01 02:00,8.845,9.051,0.206,-18
2009-01-02 14:54,9.233,9.343,0.11,-18
2009-01-03 03:24,9.092,9.169,0.077,0
2009-01-04 16:36,8.73,8.765,0.035,-12
2009-01-05 05:00,9.53,9.825,0.295,6
2009-01-06 05:54,9.833,9.339,-0.494,-12
2009-01-07 06:54,10.199,10.494,0.295,0
2009-01-08 07:54,10.633,10.855,0.222,-42
2009-01-09 08:54,11.091,11.331,0.24,0
2009-01-10 09:48,11.479,11.859,0.38,0
2009-01-11 10:42,11.702,13.034,1.332,-6
2009-01-12 11:42,11.716,12.273,0.557,-6
2009-01-13 12:36,11.509,11.869,0.36,6
2009-01-14 13:30,11.088,10.675,-0.413,-12
2009-01-15 14:18,10.493,10.255,-0.238,0
2009-01-16 15:12,9.797,9.435,-0.362,6
2009-01-18 04:36,9.571,9.474,-0.097,0
2009-01-19 05:36,9.313,10.366,1.053,-6
2009-01-20 06:30,9.147,9.773,0.626,12
2009-01-21 07:24,9.113,9.825,0.712,36
2009-01-22 08:18,9.219,9.297,0.078,12
2009-01-23 09:12,9.411,9.681,0.27,0
2009-01-24 09:54,9.622,9.923,0.301,6
2009-01-25 10:30,9.799,9.723,-0.076,12
2009-01-26 11:12,9.917,10.022,0.105,0
2009-01-27 11:48,9.96,9.779,-0.181,0
2009-01-28 12:24,9.926,10.517,0.591,6
2009-01-29 00:54,9.221,9.743,0.522,-24
2009-01-30 13:42,9.619,10.363,0.744,0
2009-01-31 02:06,9.528,9.966,0.438,6
2009-02-01 15:12,9.016,9.592,0.576,-24
2009-02-02 03:36,9.712,10.179,0.467,-6
2009-02-03 04:30,9.77,10.698,0.928,-12
2009-02-04 05:24,9.859,10.895,1.036,-24
2009-02-05 06:30,10.03,10.973,0.943,-12
2009-02-06 07:36,10.326,10.862,0.536,-6
2009-02-07 08:42,10.722,10.862,0.14,-6
2009-02-08 09:36,11.104,11.442,0.338,0
2009-02-09 10:36,11.341,11.469,0.128,6
2009-02-10 11:24,11.368,11.705,0.337,6
2009-02-12 00:48,10.631,11.816,1.185,-6
2009-02-12 13:06,10.769,11.853,1.084,-6
2009-02-13 13:54,10.195,10.727,0.532,0
2009-02-15 03:06,9.865,10.655,0.79,0
2009-02-16 03:54,9.437,10.051,0.614,0
2009-02-17 04:48,9.06,9.825,0.765,6
2009-02-18 05:48,8.809,9.553,0.744,0
2009-02-19 06:48,8.734,10.458,1.724,0
2009-02-20 07:48,8.85,9.513,0.663,6
2009-02-21 08:36,9.105,8.847,-0.258,6
2009-02-22 09:24,9.405,9.868,0.463,6
2009-02-22 22:00,8.547,9.451,0.904,-12
2009-02-24 10:42,9.871,9.71,-0.161,6
2009-02-25 11:24,9.982,10.012,0.03,-6
2009-02-26 12:00,10.0,9.976,-0.024,0
2009-02-27 12:42,9.92,10.032,0.112,-6
2009-02-28 01:00,10.056,10.271,0.215,0
2009-03-01 01:36,10.185,10.468,0.283,0
2009-03-02 02:18,10.206,10.921,0.715,-12
2009-03-03 03:06,10.121,10.573,0.452,12
2009-03-04 04:06,9.978,9.835,-0.143,0
2009-03-05 05:06,9.866,9.602,-0.264,0
2009-03-06 06:12,9.874,9.986,0.112,0
2009-03-07 07:24,10.054,10.235,0.181,0
2009-03-08 09:30,10.371,11.285,0.914,0
2009-03-09 10:30,10.69,11.698,1.008,0
2009-03-10 11:24,10.879,11.072,0.193,0
2009-03-11 12:12,10.88,11.308,0.428,-6
2009-03-13 01:18,10.764,10.179,-0.585,0
2009-03-14 02:00,10.599,10.202,-0.397,6
2009-03-15 02:42,10.282,10.094,-0.188,-6
2009-03-16 03:30,9.866,10.035,0.169,0
2009-03-17 04:18,9.416,9.487,0.071,-12
2009-03-18 05:06,9.012,9.29,0.278,6
2009-03-19 06:06,8.73,8.952,0.222,6
2009-03-20 07:06,8.619,8.913,0.294,-6
2009-03-21 08:06,8.692,8.844,0.152,12
2009-03-22 09:00,8.92,8.887,-0.033,6
2009-03-23 09:48,9.226,9.195,-0.031,18
2009-03-24 10:30,9.531,9.923,0.392,12
2009-03-25 11:12,9.784,10.721,0.937,6
2009-03-25 23:30,9.828,10.58,0.752,12
2009-03-27 00:06,10.229,10.868,0.639,6
2009-03-28 00:48,10.549,11.088,0.539,-6
2009-03-29 01:30,10.755,11.036,0.281,-6
2009-03-30 02:12,10.823,12.069,1.246,0
2009-03-31 03:00,10.73,11.557,0.827,-18
2009-04-01 03:48,10.497,10.809,0.312,0
2009-04-02 04:48,10.196,10.56,0.364,6
2009-04-03 05:54,9.941,10.547,0.606,0
2009-04-04 07:06,9.821,11.023,1.202,-12
2009-04-05 08:12,9.869,10.747,0.878,-6
2009-04-06 21:54,9.956,11.37,1.414,-6
2009-04-07 10:18,10.232,11.502,1.27,-6
2009-04-08 23:24,10.684,11.013,0.329,6
2009-04-10 00:06,10.789,11.101,0.312,6
2009-04-11 00:48,10.73,10.796,0.066,0
2009-04-12 01:30,10.538,10.98,0.442,0
2009-04-13 02:12,10.247,9.927,-0.32,0
2009-04-14 02:54,9.892,9.96,0.068,0
2009-04-15 03:42,9.512,9.782,0.27,6
2009-04-16 04:30,9.155,9.474,0.319,6
2009-04-17 05:24,8.88,8.906,0.026,6
2009-04-18 06:24,8.729,8.785,0.056,0
2009-04-19 07:18,8.718,9.159,0.441,6
2009-04-20 08:12,8.839,8.956,0.117,0
2009-04-21 09:06,9.066,9.845,0.779,12
2009-04-22 09:54,9.345,9.937,0.592,0
2009-04-22 22:12,9.868,10.33,0.462,24
2009-04-23 22:54,10.397,10.143,-0.254,6
2009-04-24 23:36,10.848,10.721,-0.127,0
2009-04-26 00:18,11.178,11.269,0.091,0
2009-04-27 01:00,11.351,11.344,-0.007,-6
2009-04-28 01:48,11.347,11.439,0.092,-6
2009-04-29 02:42,11.168,10.875,-0.293,-6
2009-04-30 03:36,10.837,10.494,-0.343,0
2009-05-01 04:42,10.437,10.603,0.166,-6
2009-05-02 05:48,10.073,10.268,0.195,-6
2009-05-03 06:54,9.817,10.274,0.457,-6
2009-05-04 20:36,9.932,9.946,0.014,0
2009-05-05 21:30,10.252,10.599,0.347,6
2009-05-06 22:18,10.501,10.399,-0.102,0
2009-05-07 23:00,10.631,11.229,0.598,12
2009-05-08 23:42,10.64,11.232,0.592,0
2009-05-10 00:24,10.548,11.213,0.665,-6
2009-05-11 01:06,10.386,10.475,0.089,6
2009-05-12 01:48,10.175,10.356,0.181,-6
2009-05-13 02:30,9.929,9.776,-0.153,6
2009-05-14 03:12,9.658,9.526,-0.132,0
2009-05-15 04:00,9.377,9.149,-0.228,-6
2009-05-16 04:48,9.123,8.965,-0.158,6
2009-05-17 05:42,8.931,9.215,0.284,-6
2009-05-18 06:30,8.828,8.854,0.026,6
2009-05-18 19:06,8.899,8.69,-0.209,-6
2009-05-19 19:54,9.281,8.762,-0.519,6
2009-05-20 20:42,9.762,9.477,-0.285,0
2009-05-21 21:30,10.302,9.825,-0.477,-12
2009-05-22 22:12,10.836,10.632,-0.204,0
2009-05-23 23:00,11.294,11.272,-0.022,-6
2009-05-24 23:48,11.609,11.754,0.145,-6
2009-05-26 00:42,11.749,11.974,0.225,-6
2009-05-27 01:36,11.705,11.754,0.049,-6
2009-05-28 02:30,11.481,11.846,0.365,0
2009-05-29 03:30,11.098,11.695,0.597,-12
2009-05-30 04:30,10.622,11.416,0.794,0
2009-05-31 05:30,10.143,10.793,0.65,-6
2009-06-01 19:12,10.08,9.92,-0.16,-12
2009-06-02 20:06,10.168,10.452,0.284,0
2009-06-03 21:00,10.259,10.662,0.403,-6
2009-06-04 21:54,10.334,10.783,0.449,0
2009-06-05 22:36,10.366,10.963,0.597,6
2009-06-06 23:18,10.353,10.878,0.525,6
2009-06-08 00:00,10.301,10.694,0.393,12
2009-06-09 00:42,10.219,10.731,0.512,6
2009-06-10 01:24,10.11,10.714,0.604,6
2009-06-11 02:06,9.968,10.537,0.569,6
2009-06-12 02:42,9.786,10.432,0.646,12
2009-06-13 03:30,9.568,9.999,0.431,0
2009-06-14 04:12,9.331,9.592,0.261,6
2009-06-15 05:00,9.104,9.428,0.324,0
2009-06-15 17:36,9.131,9.248,0.117,0
2009-06-16 18:18,9.379,9.3,-0.079,6
2009-06-17 19:06,9.706,9.645,-0.061,0
2009-06-18 20:00,10.108,10.383,0.275,6
2009-06-19 20:48,10.571,11.154,0.583,12
2009-06-20 21:42,11.055,11.869,0.814,6
2009-06-21 22:36,11.489,12.597,1.108,0
2009-06-22 23:30,11.793,12.883,1.09,-6
2009-06-24 00:24,11.924,12.883,0.959,6
2009-06-25 01:18,11.865,12.555,0.69,6
2009-06-26 02:18,11.619,12.391,0.772,0
2009-06-27 03:12,11.191,11.879,0.688,6
2009-06-28 04:12,10.637,11.406,0.769,6
2009-06-29 17:48,10.323,11.459,1.136,0
2009-06-30 18:42,10.197,11.082,0.885,-6
2009-07-01 19:36,10.074,10.826,0.752,12
2009-07-02 20:36,9.995,10.911,0.916,0
2009-07-03 21:24,9.979,10.878,0.899,18
2009-07-04 22:12,10.01,10.731,0.721,6
2009-07-05 23:00,10.057,10.776,0.719,6
2009-07-06 23:42,10.094,10.934,0.84,6
2009-07-08 00:18,10.105,10.914,0.809,12
2009-07-09 01:00,10.078,10.586,0.508,18
2009-07-10 01:42,10.0,10.215,0.215,0
2009-07-11 02:18,9.868,9.966,0.098,12
2009-07-12 03:00,9.679,9.907,0.228,-6
2009-07-13 03:42,9.446,9.795,0.349,0
2009-07-13 16:06,9.41,9.822,0.412,-6
2009-07-14 16:54,9.561,9.759,0.198,-6
2009-07-15 17:36,9.752,9.868,0.116,6
2009-07-16 18:30,9.989,10.383,0.394,0
2009-07-17 19:24,10.278,10.767,0.489,6
2009-07-18 20:18,10.632,11.121,0.489,-6
2009-07-19 21:18,11.045,11.246,0.201,6
2009-07-20 22:18,11.453,11.682,0.229,0
2009-07-21 23:12,11.755,12.122,0.367,6
2009-07-23 00:12,11.884,12.164,0.28,0
2009-07-24 01:06,11.809,12.745,0.936,0
2009-07-25 02:00,11.526,12.108,0.582,0
2009-07-26 02:54,11.053,11.495,0.442,6
2009-07-27 16:18,10.614,10.878,0.264,6
2009-07-28 17:12,10.322,10.386,0.064,0
2009-07-29 18:06,10.016,10.252,0.236,18
2009-07-30 19:06,9.759,10.12,0.361,0
2009-07-31 20:00,9.607,10.081,0.474,-6
2009-08-01 21:00,9.593,9.828,0.235,0
2009-08-02 21:48,9.688,10.127,0.439,0
2009-08-03 22:36,9.832,10.124,0.292,12
2009-08-04 23:18,9.962,10.196,0.234,6
2009-08-05 23:54,10.044,10.215,0.171,24
2009-08-07 00:36,10.065,10.317,0.252,12
2009-08-08 01:12,10.015,10.087,0.072,-6
2009-08-09 01:54,9.897,9.812,-0.085,6
2009-08-10 02:30,9.719,9.963,0.244,0
2009-08-10 14:54,9.739,9.943,0.204,-12
2009-08-11 15:30,9.847,10.12,0.273,18
2009-08-12 16:12,9.935,10.032,0.097,0
2009-08-13 17:00,10.015,10.071,0.056,0
2009-08-14 18:00,10.116,10.028,-0.088,0
2009-08-15 18:54,10.276,10.258,-0.018,0
2009-08-16 20:00,10.526,10.685,0.159,0
2009-08-17 21:06,10.871,11.013,0.142,-6
2009-08-18 22:06,11.248,11.528,0.28,0
2009-08-19 23:00,11.531,11.971,0.44,6
2009-08-20 23:54,11.629,12.184,0.555,6
2009-08-22 00:48,11.515,11.964,0.449,0
2009-08-23 01:42,11.197,11.849,0.652,6
2009-09-03 23:30,9.964,10.212,0.248,6
2009-09-05 00:06,10.015,10.34,0.325,12
2009-09-06 00:42,9.985,10.33,0.345,6
2009-09-07 13:42,10.127,10.274,0.147,0
2009-09-08 14:18,10.239,10.612,0.373,0
2009-09-09 15:00,10.287,10.898,0.611,0
2009-09-10 15:42,10.268,10.678,0.41,-12
2009-09-11 16:36,10.203,10.498,0.295,0
2009-09-12 17:36,10.151,10.849,0.698,6
2009-09-13 18:42,10.181,11.187,1.006,0
2009-09-14 19:48,10.331,11.305,0.974,-6
2009-09-15 20:54,10.597,11.57,0.973,0
2009-09-16 21:54,10.901,11.748,0.847,-6
2009-09-17 22:48,11.115,11.679,0.564,6
2009-09-18 11:18,10.893,11.521,0.628,6
2009-09-20 00:30,11.0,11.364,0.364,0
2009-09-20 12:54,11.268,11.387,0.119,0
2009-09-21 13:36,11.136,11.295,0.159,0
2009-09-22 14:24,10.828,10.944,0.116,0
2009-09-23 15:12,10.398,10.33,-0.068,6
2009-09-24 16:00,9.921,10.022,0.101,0
2009-09-25 16:54,9.486,9.654,0.168,-12
2009-09-26 17:54,9.173,9.418,0.245,6
2009-09-27 18:48,9.024,9.937,0.913,0
2009-09-28 19:48,9.037,9.818,0.781,18
2009-09-29 20:42,9.18,9.835,0.655,6
2009-09-30 21:30,9.392,9.891,0.499,0
2009-10-01 22:18,9.606,9.822,0.216,12
2009-10-03 11:18,9.955,10.258,0.303,6
2009-10-04 11:48,10.265,10.662,0.397,-6
2009-10-05 12:30,10.506,11.032,0.526,-12
2009-10-06 13:06,10.672,10.901,0.229,-6
2009-10-07 13:48,10.745,11.754,1.009,-18
2009-10-08 14:30,10.711,11.091,0.38,6
2009-10-09 15:24,10.57,10.911,0.341,6
2009-10-10 16:18,10.36,10.793,0.433,0
2009-10-11 17:24,10.161,10.297,0.136,6
2009-10-12 18:30,10.06,10.012,-0.048,0
2009-10-13 19:36,10.083,10.212,0.129,-6
2009-10-14 20:42,10.215,10.576,0.361,-6
2009-10-15 21:42,10.389,11.255,0.866,6
2009-10-16 10:06,10.688,12.617,1.929,-6
2009-10-17 10:54,11.042,12.112,1.07,-24
2009-10-18 11:42,11.197,12.804,1.607,6
2009-10-19 12:24,11.153,11.859,0.706,6
2009-10-20 13:12,10.943,11.544,0.601,0
2009-10-21 13:54,10.615,11.062,0.447,-6
2009-10-22 14:42,10.213,10.986,0.773,-12
2009-10-23 15:24,9.788,10.58,0.792,-12
2009-10-24 16:18,9.391,10.045,0.654,0
2009-10-25 17:12,9.08,9.103,0.023,0
2009-10-26 18:06,8.892,8.841,-0.051,-18
2009-10-27 19:06,8.834,9.467,0.633,0
2009-10-28 20:00,8.888,10.645,1.757,0
2009-10-30 09:18,9.386,9.884,0.498,0
2009-10-31 09:54,9.844,10.343,0.499,6
2009-11-01 09:36,10.284,10.087,-0.197,6
2009-11-02 10:12,10.666,11.282,0.616,12
2009-11-03 10:54,10.961,11.597,0.636,6
2009-11-04 11:36,11.139,11.18,0.041,0
2009-11-05 12:24,11.184,11.885,0.701,0
2009-11-06 13:12,11.083,11.882,0.799,0
2009-11-07 14:06,10.845,10.99,0.145,0
2009-11-08 15:06,10.511,10.481,-0.03,-6
2009-11-09 16:12,10.167,10.14,-0.027,0
2009-11-10 17:18,9.901,9.976,0.075,-12
2009-11-11 18:24,9.743,9.897,0.154,-6
2009-11-12 07:00,9.991,10.386,0.395,6
2009-11-13 07:54,10.35,10.881,0.531,6
2009-11-14 08:48,10.657,11.826,1.169,6
2009-11-15 09:36,10.846,11.39,0.544,12
2009-11-16 10:18,10.888,11.203,0.315,6
2009-11-17 11:06,10.799,11.118,0.319,-6
2009-11-18 11:48,10.611,10.675,0.064,-12
2009-11-19 12:30,10.359,10.32,-0.039,0
2009-11-20 13:12,10.063,10.809,0.746,-6
2009-11-21 13:54,9.739,10.133,0.394,-6
2009-11-22 14:42,9.404,9.736,0.332,-6
2009-11-23 15:30,9.087,9.261,0.174,0
2009-11-25 05:06,8.537,9.241,0.704,0
2009-11-25 17:18,8.656,9.372,0.716,0
2009-11-27 06:42,9.061,10.252,1.191,24
2009-11-28 07:30,9.457,10.176,0.719,0
2009-11-29 08:12,9.924,9.861,-0.063,0
2009-11-30 09:00,10.414,11.003,0.589,0
2009-12-01 09:42,10.873,11.502,0.629,-12
2009-12-02 10:30,11.234,11.206,-0.028,-6
2009-12-03 11:18,11.452,12.476,1.024,-12
2009-12-04 12:06,11.502,11.869,0.367,-6
2009-12-05 13:00,11.373,12.026,0.653,-12
2009-12-06 13:54,11.066,12.004,0.938,-6
2009-12-07 14:54,10.621,10.386,-0.235,-24
2009-12-08 15:54,10.12,10.511,0.391,-6
2009-12-09 17:00,9.659,12.148,2.489,6
2009-12-10 05:36,9.939,11.124,1.185,12
2009-12-11 06:36,10.045,9.402,-0.643,-6
2009-12-12 07:36,10.162,9.123,-1.039,6
2009-12-13 08:30,10.278,10.271,-0.007,-18
2009-12-14 09:18,10.362,11.167,0.805,0
2009-12-15 10:00,10.385,11.347,0.962,0
2009-12-16 10:48,10.349,10.471,0.122,12
2009-12-17 11:24,10.263,10.281,0.018,12
2009-12-18 12:06,10.133,10.252,0.119,-6
2009-12-19 12:48,9.959,10.78,0.821,12
2009-12-20 13:30,9.732,11.272,1.54,-6
2009-12-21 14:12,9.453,9.871,0.418,-12
2009-12-22 14:54,9.135,9.704,0.569,-12
2009-12-24 04:18,8.778,9.405,0.627,-18
2009-12-25 05:00,8.914,9.379,0.465,-12
2009-12-26 05:48,9.135,9.704,0.569,-6
2009-12-27 06:42,9.452,10.448,0.996,0
2009-12-28 07:30,9.873,10.53,0.657,-18
2009-12-29 08:24,10.372,10.629,0.257,-12
2009-12-30 09:18,10.883,10.311,-0.572,0
2009-12-31 10:06,11.317,11.869,0.552,0
2010-01-01 11:01,11.678,12.929,1.251,-13
2010-01-02 11:54,11.772,13.532,1.76,-6
2010-01-03 12:47,11.644,13.148,1.504,-5
2010-01-04 13:41,11.292,12.368,1.076,-5
2010-01-05 02:18,10.538,11.718,1.18,-6
2010-01-06 03:12,10.452,11.21,0.758,-6
2010-01-07 04:09,10.282,10.855,0.573,-9
2010-01-08 05:07,10.079,10.737,0.658,-1
2010-01-09 06:06,9.892,10.419,0.527,-6
2010-01-10 07:06,9.771,10.081,0.31,-6
2010-01-11 08:05,9.749,10.124,0.375,-5
2010-01-12 08:58,9.804,10.094,0.29,2
2010-01-13 09:45,9.883,10.501,0.618,3
2010-01-14 10:27,9.942,10.586,0.644,3
2010-01-15 11:07,9.962,10.304,0.342,-1
2010-01-16 11:46,9.927,10.468,0.541,8
2010-01-17 12:24,9.828,10.544,0.716,12
2010-01-18 13:02,9.656,11.961,2.305,4
2010-01-19 13:41,9.411,10.498,1.087,1
2010-01-20 14:21,9.104,10.084,0.98,-9
2010-01-22 03:28,9.046,9.786,0.74,-22
2010-01-23 04:15,9.095,10.307,1.212,-9
2010-01-24 05:05,9.217,10.065,0.848,-11
2010-01-25 06:00,9.445,10.412,0.967,-12
2010-01-26 06:58,9.802,10.78,0.978,14
2010-01-27 07:58,10.291,11.013,0.722,-4
2010-01-28 08:56,10.846,11.472,0.626,-2
2010-01-29 09:51,11.344,10.639,-0.705,-3
2010-01-30 10:45,11.673,11.597,-0.076,-3
2010-01-31 11:38,11.772,12.427,0.655,-8
2010-02-01 12:31,11.619,11.764,0.145,-7
2010-02-02 13:24,11.221,11.357,0.136,-6
2010-02-03 01:53,10.984,11.446,0.462,1
2010-02-04 02:44,10.736,11.19,0.454,-8
2010-02-05 03:38,10.344,10.179,-0.165,-8
2010-02-06 04:35,9.906,10.793,0.887,1
2010-02-07 05:35,9.524,10.603,1.079,-5
2010-02-08 06:38,9.277,10.074,0.797,4
2010-02-09 07:40,9.216,9.713,0.497,2
2010-02-10 21:19,8.24,10.776,2.536,-7
2010-02-11 09:26,9.482,11.692,2.21,4
2010-02-12 10:08,9.643,10.658,1.015,4
2010-02-13 10:47,9.752,11.009,1.257,1
2010-02-14 11:24,9.79,10.95,1.16,6
2010-02-15 12:00,9.746,10.379,0.633,6
2010-02-16 12:37,9.621,11.164,1.543,-1
2010-02-17 13:14,9.419,10.494,1.075,-2
2010-02-18 13:52,9.15,10.327,1.177,-4
2010-02-20 02:50,9.441,9.976,0.535,-8
2010-02-21 03:36,9.422,9.94,0.518,-12
2010-02-22 04:29,9.44,10.117,0.677,-11
2010-02-23 05:28,9.55,10.386,0.836,-16
2010-02-24 06:31,9.799,11.203,1.404,-7
2010-02-25 07:36,10.202,11.715,1.513,-6
2010-02-26 08:38,10.704,12.686,1.982,-2
2010-02-27 09:35,11.17,12.43,1.26,-5
2010-02-28 10:29,11.47,12.535,1.065,-5
2010-03-01 11:22,11.537,13.057,1.52,2
2010-03-02 12:14,11.358,12.148,0.79,-2
2010-03-03 13:05,10.952,12.525,1.573,-11
2010-03-04 01:26,11.224,13.076,1.852,10
2010-03-05 02:15,10.832,12.784,1.952,3
2010-03-06 03:06,10.295,11.364,1.069,0
2010-03-07 04:02,9.73,10.626,0.896,4
2010-03-08 05:02,9.255,10.288,1.033,4
2010-03-09 06:05,8.956,10.055,1.099,7
2010-03-10 07:09,8.874,9.661,0.787,9
2010-03-11 08:08,8.981,9.69,0.709,4
2010-03-12 08:58,9.188,9.878,0.69,2
2010-03-13 22:07,9.017,10.671,1.654,5
2010-03-14 23:42,9.326,11.856,2.53,12
2010-03-15 11:58,9.641,11.744,2.103,2
2010-03-16 12:34,9.64,10.911,1.271,8
2010-03-18 01:24,9.868,10.609,0.741,0
2010-03-19 02:00,9.933,11.029,1.096,-6
2010-03-20 02:38,9.948,11.009,1.061,-8
2010-03-21 03:20,9.91,10.675,0.765,-8
2010-03-22 04:08,9.829,10.704,0.875,-20
2010-03-23 05:04,9.749,11.288,1.539,-4
2010-03-24 06:06,9.741,11.511,1.77,0
2010-03-25 07:11,9.86,10.606,0.746,1
2010-03-26 08:18,10.124,11.492,1.368,-12
2010-03-27 09:21,10.49,11.702,1.212,-3
2010-03-28 10:19,10.84,11.429,0.589,-7
2010-03-29 11:13,11.053,12.053,1.0,-1
2010-03-30 12:05,11.068,12.41,1.342,-5
2010-03-31 00:24,11.534,13.165,1.631,0
2010-04-01 01:12,11.492,12.502,1.01,-6
2010-04-02 01:59,11.222,11.958,0.736,1
2010-04-03 02:47,10.773,11.347,0.574,1
2010-04-04 03:36,10.22,10.872,0.652,-6
2010-04-05 04:29,9.655,10.36,0.705,1
2010-04-06 05:27,9.18,10.025,0.845,3
2010-04-07 06:28,8.866,10.071,1.205,2
2010-04-08 07:28,8.735,9.756,1.021,14
2010-04-09 08:27,8.774,10.035,1.261,9
2010-04-10 09:20,8.93,9.336,0.406,10
2010-04-11 10:06,9.128,9.464,0.336,6
2010-04-12 23:03,9.684,9.871,0.187,-3
2010-04-13 23:39,9.969,10.091,0.122,-3
2010-04-15 00:14,10.189,10.419,0.23,-14
2010-04-16 00:52,10.347,10.898,0.551,-4
2010-04-17 01:31,10.443,11.4,0.957,-1
2010-04-18 02:13,10.468,11.341,0.873,-7
2010-04-19 02:59,10.409,11.118,0.709,-11
2010-04-20 03:50,10.271,10.858,0.587,-2
2010-04-21 04:48,10.099,10.783,0.684,-12
2010-04-22 05:50,9.967,10.799,0.832,-8
2010-04-23 06:55,9.929,10.793,0.864,-13
2010-04-24 08:01,10.0,10.747,0.747,-7
2010-04-25 09:04,10.165,10.98,0.815,-4
2010-04-26 10:03,10.347,11.626,1.279,-9
2010-04-26 22:25,11.117,12.397,1.28,5
2010-04-27 23:13,11.388,12.574,1.186,5
2010-04-29 00:00,11.448,12.315,0.867,-6
2010-04-30 00:47,11.311,11.859,0.548,1
2010-05-01 01:34,11.019,11.794,0.775,-4
2010-05-02 02:21,10.617,11.446,0.829,-9
2010-05-03 03:08,10.152,10.967,0.815,-8
2010-05-04 03:58,9.679,10.153,0.474,2
2010-05-05 04:51,9.255,9.835,0.58,3
2010-05-06 05:47,8.932,9.641,0.709,1
2010-05-07 06:43,8.731,9.182,0.451,5
2010-05-08 20:11,8.884,10.084,1.2,-17
2010-05-09 20:58,9.214,9.339,0.125,8
2010-05-10 21:41,9.583,9.641,0.058,-5
2010-05-11 22:22,9.95,9.91,-0.04,2
2010-05-12 23:01,10.287,10.442,0.155,-1
2010-05-13 23:41,10.574,10.685,0.111,1
2010-05-15 00:22,10.794,11.252,0.458,-4
2010-05-16 01:07,10.932,11.337,0.405,-7
2010-05-17 01:54,10.97,11.032,0.062,0
2010-05-18 02:43,10.889,11.239,0.35,-7
2010-05-19 03:37,10.692,11.61,0.918,-1
2010-05-20 04:35,10.419,10.97,0.551,-11
2010-05-21 05:37,10.14,10.616,0.476,-1
2010-05-21 18:18,9.961,10.258,0.297,-6
2010-05-22 19:17,10.233,10.448,0.215,-5
2010-05-23 20:15,10.528,10.566,0.038,-3
2010-05-24 21:11,10.811,10.868,0.057,-5
2010-05-25 22:04,11.027,11.269,0.242,-4
2010-05-26 22:53,11.126,12.263,1.137,1
2010-05-27 23:40,11.093,11.81,0.717,-4
2010-05-29 00:26,10.944,11.479,0.535,4
2010-05-30 01:12,10.712,11.295,0.583,6
2010-05-31 01:57,10.421,10.947,0.526,-3
2010-06-01 02:42,10.088,10.727,0.639,6
2010-06-02 03:28,9.728,10.317,0.589,2
2010-06-03 04:16,9.364,10.209,0.845,2
2010-06-04 05:07,9.031,9.72,0.689,-7
2010-06-05 05:59,8.76,9.664,0.904,13
2010-06-06 19:19,9.158,9.92,0.762,-25
2010-06-07 20:07,9.404,9.723,0.319,11
2010-06-08 20:54,9.725,10.051,0.326,-6
2010-06-09 21:40,10.105,10.255,0.15,2
2010-06-10 22:26,10.506,10.977,0.471,10
2010-06-11 23:11,10.878,11.16,0.282,7
2010-06-12 23:58,11.172,11.475,0.303,8
2010-06-14 00:47,11.355,11.928,0.573,7
2010-06-15 01:38,11.4,11.833,0.433,-8
2010-06-16 02:30,11.287,11.318,0.031,0
2010-06-17 03:24,11.012,11.659,0.647,-6
2010-06-18 04:21,10.616,11.082,0.466,-9
2010-06-18 17:00,10.437,10.78,0.343,-12
2010-06-19 17:57,10.509,10.612,0.103,-3
2010-06-20 18:55,10.556,11.052,0.496,-7
2010-06-21 19:53,10.586,11.065,0.479,-11
2010-06-22 20:50,10.62,11.026,0.406,-2
2010-06-23 21:45,10.658,11.085,0.427,-15
2010-06-24 22:36,10.672,11.232,0.56,-6
2010-06-25 23:23,10.635,11.045,0.41,7
2010-06-27 00:08,10.546,11.187,0.641,10
2010-06-28 00:52,10.411,11.16,0.749,8
2010-06-29 01:35,10.233,10.852,0.619,13
2010-06-30 02:17,10.009,10.399,0.39,7
2010-07-01 02:59,9.734,9.868,0.134,1
2010-07-02 03:42,9.415,9.346,-0.069,6
2010-07-03 16:58,9.18,9.231,0.051,-4
2010-07-04 17:43,9.231,9.339,0.108,11
2010-07-05 18:30,9.336,9.608,0.272,0
2010-07-06 19:19,9.518,9.818,0.3,-1
2010-07-07 20:10,9.8,10.045,0.245,-4
2010-07-08 21:02,10.188,10.35,0.162,4
2010-07-09 21:54,10.645,10.927,0.282,6
2010-07-10 22:45,11.095,11.557,0.462,-3
2010-07-11 23:36,11.454,11.938,0.484,6
2010-07-13 00:28,11.663,12.086,0.423,8
2010-07-14 01:21,11.689,12.115,0.426,-3
2010-07-15 02:15,11.516,11.862,0.346,-3
2010-07-16 03:09,11.147,11.511,0.364,-3
2010-07-16 15:42,10.957,11.406,0.449,0
2010-07-17 16:37,10.891,11.232,0.341,-1
2010-07-18 17:33,10.733,11.085,0.352,3
2010-07-19 18:32,10.532,11.016,0.484,4
2010-07-20 19:31,10.342,10.79,0.448,11
2010-07-21 20:31,10.222,10.822,0.6,-1
2010-07-22 21:29,10.194,10.563,0.369,1
2010-07-23 22:21,10.218,10.891,0.673,3
2010-07-24 23:08,10.241,10.888,0.647,22
2010-07-25 23:51,10.231,10.694,0.463,9
2010-07-27 00:32,10.176,10.265,0.089,10
2010-07-28 01:11,10.069,10.432,0.363,1
2010-07-29 01:50,9.903,10.028,0.125,16
2010-07-30 02:29,9.674,9.71,0.036,1
2010-07-31 15:33,9.425,9.602,0.177,3
2010-08-01 16:14,9.407,9.592,0.185,-8
2010-08-02 16:58,9.406,9.481,0.075,-4
2010-08-03 17:46,9.458,9.497,0.039,2
2010-08-04 18:38,9.599,9.766,0.167,-2
2010-08-05 19:33,9.855,10.347,0.492,3
2010-08-06 20:31,10.238,10.56,0.322,-7
2010-08-07 21:28,10.72,11.016,0.296,2
2010-08-08 22:24,11.208,11.475,0.267,-6
2010-08-09 23:17,11.589,11.951,0.362,1
2010-08-11 00:10,11.783,12.282,0.499,8
2010-08-12 01:04,11.759,12.174,0.415,-4
2010-08-12 13:35,11.317,11.826,0.509,-5
2010-08-13 14:25,11.438,11.682,0.244,-1
2010-08-14 15:17,11.338,11.393,0.055,-5
2010-08-15 16:10,11.051,11.078,0.027,-4
2010-08-16 17:07,10.662,10.734,0.072,-7
2010-08-17 18:07,10.272,10.589,0.317,5
2010-08-18 19:09,9.964,10.242,0.278,3
2010-08-19 20:12,9.797,10.238,0.441,-12
2010-08-20 21:11,9.782,10.255,0.473,1
2010-08-21 22:04,9.857,10.183,0.326,8
2010-08-22 22:49,9.943,10.465,0.522,5
2010-08-23 23:30,9.991,10.671,0.68,12
2010-08-25 00:08,9.982,10.754,0.772,4
2010-08-26 00:46,9.908,10.678,0.77,14
2010-08-27 01:23,9.766,10.094,0.328,7
2010-08-28 14:18,9.702,9.966,0.264,-6
2010-08-29 14:55,9.68,9.966,0.286,-7
2010-08-30 15:34,9.634,9.969,0.335,2
2010-08-31 16:19,9.594,9.953,0.359,-1
2010-09-01 17:09,9.599,10.009,0.41,-9
2010-09-02 18:04,9.693,9.841,0.148,-22
2010-09-03 19:04,9.908,10.799,0.891,-4
2010-09-04 20:05,10.254,10.734,0.48,-5
2010-09-05 21:06,10.702,11.242,0.54,-6
2010-09-06 22:04,11.16,11.472,0.312,-4
2010-09-07 22:59,11.502,11.859,0.357,7
2010-09-08 23:52,11.643,12.312,0.669,-10
2010-09-09 12:18,11.583,12.414,0.831,0
2010-09-10 13:08,11.785,12.371,0.586,-2
2010-09-11 13:59,11.734,12.112,0.378,1
2010-09-12 14:50,11.444,11.908,0.464,-2
2010-09-13 15:43,10.976,11.308,0.332,5
2010-09-14 16:39,10.435,10.931,0.496,3
2010-09-15 17:40,9.946,10.258,0.312,8
2010-09-16 18:43,9.599,9.887,0.288,5
2010-09-17 19:46,9.43,9.566,0.136,14
2010-09-18 20:46,9.427,9.95,0.523,2
2010-09-19 21:38,9.526,10.094,0.568,10
2010-09-20 22:23,9.645,10.143,0.498,1
2010-09-21 23:03,9.729,9.878,0.149,3
2010-09-22 23:41,9.75,10.068,0.318,1
2010-09-24 12:32,9.941,10.383,0.442,-2
2010-09-25 13:07,9.997,10.445,0.448,-1
2010-09-26 13:43,10.002,10.57,0.568,5
2010-09-27 14:21,9.971,10.261,0.29,-3
2010-09-28 15:02,9.914,10.484,0.57,-20
2010-09-29 15:47,9.844,10.304,0.46,-11
2010-09-30 16:40,9.792,10.379,0.587,-22
2010-10-01 17:39,9.81,10.34,0.53,-15
2010-10-02 18:41,9.939,10.399,0.46,-17
2010-10-03 19:45,10.185,10.78,0.595,3
2010-10-04 20:47,10.521,11.465,0.944,-11
2010-10-05 21:46,10.872,11.587,0.715,2
2010-10-06 22:41,11.127,12.141,1.014,-11
2010-10-07 11:04,11.582,12.312,0.73,-4
2010-10-08 11:54,11.886,11.921,0.035,6
2010-10-09 12:43,11.926,12.46,0.534,-7
2010-10-10 13:33,11.72,11.767,0.047,3
2010-10-11 14:23,11.311,11.895,0.584,-5
2010-10-12 15:15,10.77,11.518,0.748,-15
2010-10-13 16:10,10.188,10.704,0.516,-10
2010-10-15 05:59,8.599,10.763,2.164,7
2010-10-15 18:11,9.306,10.347,1.041,13
2010-10-16 19:11,9.107,9.769,0.662,1
2010-10-17 20:09,9.059,9.454,0.395,-3
2010-10-19 09:30,9.228,9.441,0.213,0
2010-10-20 10:10,9.556,9.868,0.312,-4
2010-10-21 10:47,9.841,10.662,0.821,1
2010-10-22 11:22,10.058,9.973,-0.085,-4
2010-10-23 11:58,10.202,9.497,-0.705,8
2010-10-24 12:34,10.283,10.606,0.323,-10
2010-10-25 13:12,10.315,10.731,0.416,0
2010-10-26 13:53,10.305,10.629,0.324,-11
2010-10-27 14:37,10.25,10.888,0.638,-7
2010-10-28 15:25,10.148,10.347,0.199,11
2010-10-29 16:19,10.02,10.297,0.277,-13
2010-10-30 17:19,9.92,9.513,-0.407,-13
2010-10-31 18:22,9.898,10.202,0.304,-10
2010-11-01 19:26,9.969,9.881,-0.088,-8
2010-11-02 20:29,10.125,10.12,-0.005,1
2010-11-03 08:59,10.711,10.655,-0.056,1
2010-11-04 09:53,11.242,11.843,0.601,1
2010-11-05 10:43,11.616,12.912,1.296,-13
2010-11-06 11:32,11.769,11.981,0.212,10
2010-11-07 11:21,11.695,11.99,0.295,3
2010-11-08 12:10,11.429,12.778,1.349,-10
2010-11-09 12:59,11.019,12.04,1.021,1
2010-11-10 13:49,10.52,12.177,1.657,-7
2010-11-11 14:40,9.987,11.196,1.209,20
2010-11-12 15:35,9.489,9.776,0.287,7
2010-11-13 16:31,9.087,9.454,0.367,11
2010-11-14 17:28,8.813,9.549,0.736,2
2010-11-15 18:24,8.665,9.313,0.648,12
2010-11-17 07:44,9.215,10.448,1.233,-8
2010-11-17 20:10,8.698,9.198,0.5,-10
2010-11-19 09:08,9.836,9.966,0.13,-8
2010-11-20 09:47,10.11,10.284,0.174,7
2010-11-21 10:26,10.337,10.553,0.216,4
2010-11-22 11:05,10.51,10.76,0.25,1
2010-11-23 11:47,10.623,11.498,0.875,1
2010-11-24 12:31,10.666,10.918,0.252,-19
2010-11-25 13:18,10.621,11.019,0.398,-12
2010-11-26 14:08,10.474,11.449,0.975,-20
2010-11-27 15:03,10.241,10.983,0.742,-15
2010-11-28 16:02,9.977,10.061,0.084,-8
2010-11-29 04:44,9.711,9.982,0.271,-14
2010-11-30 05:42,10.017,10.242,0.225,-6
2010-12-01 19:12,9.549,11.242,1.693,-12
2010-12-02 07:38,10.706,11.055,0.349,4
2010-12-03 08:33,11.014,11.794,0.78,3
2010-12-04 09:26,11.223,12.289,1.066,4
2010-12-05 10:15,11.286,12.565,1.279,3
2010-12-06 11:03,11.197,11.761,0.564,3
2010-12-07 11:51,10.98,11.941,0.961,-3
2010-12-08 12:38,10.664,11.032,0.368,-2
2010-12-09 13:24,10.275,10.186,-0.089,0
2010-12-10 14:11,9.836,9.736,-0.1,-11
2010-12-11 14:58,9.379,9.435,0.056,2
2010-12-13 04:26,8.728,10.281,1.553,-20
2010-12-13 16:42,8.581,10.16,1.579,-6
2010-12-15 06:04,8.87,9.366,0.496,2
2010-12-16 06:53,9.051,9.451,0.4,1
2010-12-17 07:42,9.31,10.12,0.81,0
2010-12-18 08:29,9.64,10.107,0.467,-11
2010-12-19 09:13,10.009,10.498,0.489,-7
2010-12-20 09:57,10.372,11.853,1.481,9
2010-12-21 10:41,10.687,12.168,1.481,-11
2010-12-22 11:26,10.914,12.259,1.345,-8
2010-12-23 12:13,11.02,12.46,1.44,-13
2010-12-24 13:02,10.976,11.774,0.798,-2
2010-12-25 13:53,10.766,11.547,0.781,-11
2010-12-26 14:47,10.406,11.816,1.41,1
2010-12-27 03:24,10.101,13.696,3.595,-6
2010-12-28 04:21,10.172,10.274,0.102,9
2010-12-29 05:19,10.226,10.252,0.026,-7
2010-12-30 06:18,10.282,10.76,0.478,-12
2010-12-31 07:19,10.363,10.822,0.459,-19
2011-01-01 08:17,10.464,11.223,0.759,-5
2011-01-02 09:12,10.57,11.761,1.191,0
2011-01-03 10:03,10.624,11.0,0.376,-3
2011-01-04 10:50,10.591,10.754,0.163,-14
2011-01-05 11:35,10.469,11.167,0.698,1
2011-01-06 12:18,10.267,11.456,1.189,-6
2011-01-07 13:00,9.993,11.597,1.604,6
2011-01-08 13:42,9.653,11.347,1.694,0
2011-01-09 02:13,9.063,10.849,1.786,-1
2011-01-10 02:55,8.975,8.903,-0.072,-13
2011-01-11 03:39,8.887,9.202,0.315,-3
2011-01-12 04:26,8.828,10.57,1.742,10
2011-01-13 05:15,8.83,9.376,0.546,-15
2011-01-14 06:06,8.926,9.471,0.545,-18
2011-01-15 06:59,9.15,9.494,0.344,-17
2011-01-16 07:52,9.516,9.661,0.145,-4
2011-01-17 08:43,9.993,10.084,0.091,-13
2011-01-18 09:31,10.504,11.154,0.65,11
2011-01-19 10:19,10.96,11.757,0.797,-7
2011-01-20 11:07,11.285,12.092,0.807,-7
2011-01-21 11:56,11.428,13.04,1.612,-14
2011-01-23 01:18,10.727,11.367,0.64,-12
2011-01-23 13:36,11.073,11.456,0.383,-6
2011-01-25 02:59,10.726,10.101,-0.625,1
2011-01-26 03:54,10.511,11.019,0.508,-6
2011-01-27 04:54,10.243,11.951,1.708,-24
2011-01-28 05:56,10.004,10.462,0.458,-2
2011-01-29 07:01,9.866,10.596,0.73,-7
2011-01-30 08:05,9.869,10.573,0.704,-5
2011-01-31 09:02,9.967,10.468,0.501,10
2011-02-01 09:53,10.069,10.517,0.448,1
2011-02-02 10:37,10.115,11.442,1.327,5
2011-02-03 11:19,10.086,11.003,0.917,-13
2011-02-04 11:58,9.981,10.196,0.215,8
2011-02-05 12:36,9.801,10.412,0.611,0
2011-02-06 01:01,9.338,10.734,1.396,-7
2011-02-07 13:54,9.221,10.022,0.801,-18
2011-02-08 02:15,9.234,10.015,0.781,-3
2011-02-09 02:55,9.111,8.201,-0.91,-19
2011-02-10 03:39,8.983,8.998,0.015,-27
2011-02-11 04:28,8.903,9.349,0.446,-34
2011-02-12 05:20,8.927,9.248,0.321,-14
2011-02-13 06:16,9.101,8.998,-0.103,-22
2011-02-14 07:14,9.45,9.966,0.516,4
2011-02-15 08:11,9.956,9.953,-0.003,-5
2011-02-16 09:05,10.53,10.465,-0.065,-11
2011-02-17 09:56,11.047,11.675,0.628,-14
2011-02-18 10:46,11.405,12.522,1.117,-4
2011-02-19 11:37,11.544,11.928,0.384,-1
2011-02-21 00:53,11.403,12.135,0.732,1
2011-02-22 01:43,11.354,11.918,0.564,-1
2011-02-23 02:35,11.067,11.429,0.362,1
2011-02-24 03:30,10.615,11.364,0.749,6
2011-02-25 04:31,10.12,10.908,0.788,5
2011-02-25 17:15,8.685,10.33,1.645,-21
2011-02-27 06:43,9.46,10.386,0.926,-7
2011-02-28 07:49,9.421,10.924,1.503,-13
2011-03-01 08:48,9.526,10.147,0.621,-18
2011-03-02 09:37,9.662,10.101,0.439,-1
2011-03-03 10:20,9.756,10.094,0.338,-8
2011-03-04 10:58,9.784,9.769,-0.015,-4
2011-03-05 11:35,9.74,10.143,0.403,-5
2011-03-05 23:54,9.568,9.782,0.214,-12
2011-03-07 00:28,9.625,10.393,0.768,2
2011-03-08 01:03,9.612,9.763,0.151,-21
2011-03-09 01:39,9.535,9.773,0.238,-21
2011-03-10 02:18,9.411,10.137,0.726,-18
2011-03-11 03:00,9.273,10.383,1.11,-18
2011-03-12 03:48,9.167,9.907,0.74,-30
2011-03-13 05:42,9.15,9.759,0.609,-12
2011-03-14 06:40,9.272,9.353,0.081,-22
2011-03-15 07:40,9.559,9.395,-0.164,-4
2011-03-16 08:41,9.999,9.956,-0.043,-17
2011-03-17 09:39,10.521,10.652,0.131,-9
2011-03-18 10:34,11.0,11.255,0.255,8
2011-03-19 11:26,11.322,11.62,0.298,-14
2011-03-21 00:39,11.791,11.807,0.016,-9
2011-03-22 01:29,11.861,12.538,0.677,1
2011-03-23 02:19,11.657,12.551,0.894,-7
2011-03-24 03:11,11.215,12.227,1.012,1
2011-03-25 04:07,10.625,11.436,0.811,-1
2011-03-26 05:08,10.017,10.534,0.517,-2
2011-03-27 06:13,9.524,9.795,0.271,-7
2011-03-28 07:19,9.222,9.33,0.108,11
2011-03-29 08:24,9.129,9.412,0.283,-6
2011-03-30 09:23,9.194,9.615,0.421,1
2011-03-31 10:12,9.319,9.917,0.598,-6
2011-04-01 10:54,9.43,11.36,1.93,6
2011-04-01 23:13,9.52,10.363,0.843,-7
2011-04-02 23:47,9.725,9.963,0.238,1
2011-04-04 00:22,9.858,10.307,0.449,-4
2011-04-05 00:56,9.918,10.96,1.042,-2
2011-04-06 01:31,9.913,10.107,0.194,-1
2011-04-07 02:08,9.859,10.028,0.169,-8
2011-04-08 02:47,9.772,10.13,0.358,-23
2011-04-09 03:29,9.669,10.055,0.386,-11
2011-04-10 04:17,9.574,9.769,0.195,-17
2011-04-11 05:12,9.527,10.061,0.534,-18
2011-04-12 06:11,9.577,9.563,-0.014,-11
2011-04-13 07:12,9.745,10.189,0.444,-6
2011-04-14 08:14,10.031,10.425,0.394,-8
2011-04-15 21:43,10.758,10.606,-0.152,-7
2011-04-16 22:35,11.404,12.184,0.78,7
2011-04-17 23:25,11.856,12.279,0.423,-7
2011-04-19 00:15,12.052,12.43,0.378,-9
2011-04-20 01:06,11.983,12.371,0.388,-6
2011-04-21 01:57,11.676,12.086,0.41,3
2011-04-22 02:50,11.181,10.97,-0.211,-8
2011-04-23 03:45,10.575,10.678,0.103,-3
2011-04-24 04:43,9.964,10.206,0.242,5
2011-04-25 05:45,9.454,10.074,0.62,-9
2011-04-26 06:47,9.102,9.841,0.739,13
2011-04-27 07:48,8.92,9.385,0.465,0
2011-04-27 20:24,8.922,9.467,0.545,0
2011-04-28 21:13,9.17,9.73,0.56,-7
2011-04-29 21:56,9.453,9.812,0.359,16
2011-04-30 22:35,9.718,9.838,0.12,1
2011-05-01 23:12,9.93,10.114,0.184,-6
2011-05-02 23:48,10.076,10.668,0.592,-12
2011-05-04 00:25,10.161,10.635,0.474,-7
2011-05-05 01:02,10.198,10.698,0.5,-8
2011-05-06 01:41,10.202,10.547,0.345,-11
2011-05-07 02:22,10.177,10.609,0.432,-10
2011-05-08 03:06,10.118,10.717,0.599,-12
2011-05-09 03:55,10.027,10.573,0.546,-13
2011-05-10 04:49,9.928,10.875,0.947,-19
2011-05-11 18:28,9.636,11.039,1.403,-22
2011-05-12 19:24,10.092,10.78,0.688,0
2011-05-13 20:21,10.615,11.367,0.752,-9
2011-05-14 21:17,11.143,11.78,0.637,1
2011-05-15 22:11,11.587,12.302,0.715,-5
2011-05-16 23:03,11.86,12.63,0.77,-3
2011-05-17 23:54,11.92,12.469,0.549,6
2011-05-19 00:46,11.772,12.479,0.707,2
2011-05-20 01:38,11.452,12.108,0.656,4
2011-05-21 02:29,11.001,11.784,0.783,1
2011-05-22 03:21,10.468,11.387,0.919,-3
2011-05-23 04:15,9.917,10.363,0.446,3
2011-05-24 05:11,9.418,10.147,0.729,1
2011-05-25 06:08,9.023,9.71,0.687,4
2011-05-25 18:45,9.047,9.553,0.506,9
2011-05-26 19:35,9.133,9.589,0.456,7
2011-05-27 20:25,9.298,9.608,0.31,-7
2011-05-28 21:12,9.519,9.825,0.306,0
2011-05-29 21:55,9.762,9.828,0.066,-1
2011-05-30 22:36,9.993,10.074,0.081,6
2011-05-31 23:15,10.192,10.202,0.01,3
2011-06-01 23:55,10.354,10.754,0.4,5
2011-06-03 00:36,10.48,10.685,0.205,0
2011-06-04 01:18,10.566,10.944,0.378,-6
2011-06-05 02:02,10.6,10.737,0.137,-8
2011-06-06 02:48,10.559,10.826,0.267,-6
2011-06-07 03:37,10.432,10.865,0.433,-13
2011-06-08 04:31,10.236,10.721,0.485,-7
2011-06-09 05:28,10.018,10.754,0.736,-4
2011-06-10 19:00,10.594,10.839,0.245,6
2011-06-11 19:57,10.875,11.15,0.275,9
2011-06-12 20:55,11.144,11.833,0.689,5
2011-06-13 21:52,11.371,12.141,0.77,-4
2011-06-14 22:45,11.5,12.43,0.93,9
2011-06-15 23:38,11.492,12.433,0.941,10
2011-06-17 00:29,11.347,12.125,0.778,7
2011-06-18 01:19,11.085,11.846,0.761,11
2011-06-19 02:08,10.729,11.498,0.769,4
2011-06-20 02:56,10.299,10.911,0.612,10
2011-06-21 03:45,9.828,10.386,0.558,-3
2011-06-22 04:35,9.36,10.045,0.685,7
2011-06-23 05:26,8.942,9.887,0.945,-2
2011-06-23 17:57,9.225,10.147,0.922,9
2011-06-24 18:46,9.238,10.176,0.938,8
2011-06-25 19:35,9.311,10.16,0.849,1
2011-06-26 20:25,9.456,10.078,0.622,-1
2011-06-27 21:13,9.677,10.084,0.407,-7
2011-06-28 22:00,9.955,10.511,0.556,-6
2011-06-29 22:44,10.254,10.878,0.624,-2
2011-06-30 23:27,10.536,11.078,0.542,-3
2011-07-02 00:10,10.773,11.18,0.407,2
2011-07-03 00:56,10.936,11.387,0.451,-2
2011-07-04 01:42,10.998,11.475,0.477,-6
2011-07-05 02:30,10.931,11.465,0.534,6
2011-07-06 03:20,10.723,11.124,0.401,-8
2011-07-07 16:46,10.653,10.799,0.146,2
2011-07-08 17:41,10.725,11.078,0.353,7
2011-07-09 18:39,10.758,11.223,0.465,3
2011-07-10 19:38,10.779,11.2,0.421,4
2011-07-11 20:39,10.825,11.547,0.722,3
2011-07-12 21:38,10.905,11.734,0.829,10
2011-07-13 22:33,10.971,11.843,0.872,9
2011-07-14 23:25,10.967,11.974,1.007,5
2011-07-16 00:14,10.871,11.321,0.45,10
2011-07-17 01:01,10.684,11.095,0.411,5
2011-07-18 01:46,10.417,10.629,0.212,2
2011-07-19 02:30,10.08,10.465,0.385,0
2011-07-19 15:00,9.586,10.268,0.682,6
2011-07-20 15:41,9.502,9.933,0.431,7
2011-07-21 16:25,9.402,9.717,0.315,-1
2011-07-22 17:10,9.307,9.467,0.16,-4
2011-07-23 17:58,9.246,9.599,0.353,-4
2011-07-24 18:48,9.249,9.572,0.323,-24
2011-07-25 19:40,9.347,9.759,0.412,-4
2011-07-26 20:33,9.57,10.235,0.665,-3
2011-07-27 21:24,9.911,10.356,0.445,6
2011-07-28 22:12,10.321,10.671,0.35,0
2011-07-29 22:59,10.724,11.295,0.571,1
2011-07-30 23:46,11.053,11.469,0.416,8
2011-08-01 00:33,11.257,11.659,0.402,-3
2011-08-02 01:22,11.303,11.689,0.386,-4
2011-08-03 14:41,11.056,11.656,0.6,-5
2011-08-04 15:30,11.128,11.58,0.452,0
2011-08-05 16:23,11.045,11.265,0.22,1
2011-08-06 17:20,10.86,10.98,0.12,4
2011-08-07 18:20,10.644,11.341,0.697,4
2011-08-08 19:23,10.467,11.367,0.9,7
2011-08-09 20:27,10.386,11.524,1.138,3
2011-08-10 21:28,10.411,11.616,1.205,2
2011-08-11 22:24,10.474,11.364,0.89,6
2011-08-12 23:13,10.496,11.141,0.645,11
2011-08-13 23:58,10.442,10.911,0.469,14
2011-08-15 00:40,10.308,10.895,0.587,8
2011-08-16 01:21,10.104,11.219,1.115,9
2011-08-16 13:46,9.75,10.429,0.679,8
2011-08-17 14:23,9.722,10.009,0.287,7
2011-08-18 15:02,9.638,9.933,0.295,4
2011-08-19 15:42,9.508,9.832,0.324,-12
2011-08-20 16:26,9.361,9.595,0.234,-2
2011-08-21 17:14,9.243,9.674,0.431,4
2011-08-22 18:05,9.207,9.622,0.415,1
2011-08-23 18:59,9.295,9.54,0.245,-11
2011-08-24 19:54,9.533,9.664,0.131,0
2011-08-25 20:49,9.919,10.209,0.29,-13
2011-08-26 21:42,10.396,10.626,0.23,0
2011-08-28 11:04,10.158,11.879,1.721,-4
2011-08-28 23:21,11.236,11.465,0.229,-3
2011-08-30 00:11,11.436,11.524,0.088,1
2011-08-31 13:26,11.568,11.669,0.101,4
2011-09-01 14:15,11.664,11.695,0.031,-3
2011-09-02 15:06,11.533,11.764,0.231,0
2011-09-03 16:01,11.212,11.449,0.237,-1
2011-09-04 17:00,10.795,11.131,0.336,-6
2011-09-05 18:03,10.4,10.783,0.383,9
2011-09-06 19:09,10.114,10.343,0.229,-9
2011-09-07 20:15,9.982,10.501,0.519,-3
2011-09-08 21:17,9.99,10.442,0.452,1
2011-09-09 22:10,10.051,10.822,0.771,2
2011-09-10 22:57,10.083,10.74,0.657,9
2011-09-11 23:38,10.051,10.534,0.483,4
2011-09-13 00:17,9.953,10.481,0.528,1
2011-09-13 12:36,9.902,10.557,0.655,12
2011-09-14 13:11,9.922,10.304,0.382,1
2011-09-15 13:48,9.88,10.458,0.578,0
2011-09-16 14:25,9.777,9.851,0.074,-19
2011-09-17 15:04,9.627,9.398,-0.229,2
2011-09-18 15:47,9.46,9.648,0.188,-5
2011-09-19 16:34,9.321,9.49,0.169,-10
2011-09-20 17:26,9.269,9.582,0.313,-14
2011-09-21 18:22,9.349,9.244,-0.105,-4
2011-09-22 19:19,9.577,9.7,0.123,-13
2011-09-23 20:17,9.943,10.068,0.125,1
2011-09-24 21:13,10.401,10.563,0.162,-1
2011-09-26 10:34,10.871,11.105,0.234,-10
2011-09-27 11:21,11.5,11.921,0.421,3
2011-09-28 12:10,11.926,12.417,0.491,2
2011-09-29 12:59,12.103,12.666,0.563,7
2011-09-30 13:50,12.02,12.561,0.541,4
2011-10-01 14:43,11.697,12.456,0.759,11
2011-10-02 15:39,11.198,12.004,0.806,3
2011-10-03 16:40,10.633,11.19,0.557,2
2011-10-04 17:45,10.134,11.173,1.039,15
2011-10-05 18:51,9.786,10.238,0.452,-9
2011-10-06 19:56,9.607,10.274,0.667,-2
2011-10-07 20:56,9.57,9.858,0.288,4
2011-10-08 09:30,9.383,9.704,0.321,6
2011-10-09 22:34,9.636,9.94,0.304,2
2011-10-10 10:53,9.835,10.002,0.167,7
2011-10-11 11:29,9.984,10.616,0.632,7
2011-10-12 12:04,10.064,10.658,0.594,2
2011-10-13 12:39,10.075,11.032,0.957,9
2011-10-14 13:15,10.023,11.341,1.318,9
2011-10-15 13:52,9.919,10.566,0.647,-4
2011-10-16 14:32,9.784,10.206,0.422,4
2011-10-17 15:14,9.64,10.042,0.402,-14
2011-10-18 16:01,9.513,10.028,0.515,-7
2011-10-19 16:53,9.444,10.593,1.149,1
2011-10-20 17:49,9.476,10.15,0.674,-19
2011-10-21 18:47,9.626,9.982,0.356,1
2011-10-23 08:21,9.958,10.202,0.244,3
2011-10-24 09:14,10.688,10.98,0.292,-2
2011-10-25 10:05,11.384,11.567,0.183,7
2011-10-26 10:55,11.928,12.259,0.331,5
2011-10-27 11:45,12.233,12.696,0.463,3
2011-10-28 12:36,12.269,12.62,0.351,0
2011-10-29 13:29,12.052,12.335,0.283,7
2011-10-30 02:10,10.426,12.187,1.761,-10
2011-10-31 15:18,11.053,10.967,-0.086,6
2011-11-01 16:17,10.43,10.878,0.448,-5
2011-11-02 17:20,9.869,10.225,0.356,-2
2011-11-03 18:24,9.448,9.789,0.341,-12
2011-11-04 07:07,9.088,9.526,0.438,-25
2011-11-05 08:03,9.194,9.658,0.464,3
2011-11-06 07:54,9.384,9.398,0.014,-12
2011-11-07 21:05,9.084,9.277,0.193,13
2011-11-08 09:19,9.823,9.894,0.071,-7
2011-11-09 09:57,9.991,10.337,0.346,-3
2011-11-10 10:33,10.097,10.662,0.565,-3
2011-11-11 11:09,10.137,10.937,0.8,-27
2011-11-12 11:47,10.124,9.592,-0.532,-11
2011-11-13 12:25,10.071,10.176,0.105,-1
2011-11-14 13:05,9.994,10.087,0.093,-17
2011-11-15 13:48,9.897,10.022,0.125,-12
2011-11-16 14:34,9.784,10.314,0.53,-4
2011-11-17 15:25,9.672,10.222,0.55,-19
2011-11-18 16:21,9.597,8.952,-0.645,-21
2011-11-20 05:56,9.812,9.333,-0.479,-8
2011-11-21 06:51,10.361,10.137,-0.224,-9
2011-11-22 07:47,10.942,10.786,-0.156,1
2011-11-23 08:41,11.481,12.729,1.248,1
2011-11-24 09:33,11.883,12.742,0.859,3
2011-11-25 10:25,12.077,12.223,0.146,5
2011-11-26 11:18,12.038,12.184,0.146,0
2011-11-27 12:11,11.787,12.181,0.394,-5
2011-11-28 13:04,11.364,11.413,0.049,-4
2011-11-29 13:57,10.814,11.229,0.415,3
2011-11-30 14:52,10.198,10.849,0.651,8
2011-12-01 15:49,9.601,9.966,0.365,-1
2011-12-02 16:47,9.097,9.471,0.374,1
2011-12-03 05:26,9.058,9.047,-0.011,4
2011-12-04 06:18,9.081,9.064,-0.017,-6
2011-12-05 07:09,9.188,9.021,-0.167,3
2011-12-06 07:58,9.366,9.53,0.164,8
2011-12-07 08:43,9.58,10.11,0.53,5
2011-12-08 09:25,9.793,10.012,0.219,17
2011-12-09 10:04,9.974,10.078,0.104,-4
2011-12-10 10:43,10.112,10.32,0.208,-1
2011-12-11 11:22,10.204,9.858,-0.346,-4
2011-12-12 12:02,10.255,10.068,-0.187,-14
2011-12-13 12:43,10.26,10.609,0.349,5
2011-12-14 13:26,10.206,10.606,0.4,-14
2011-12-15 14:12,10.081,10.337,0.256,0
2011-12-17 03:39,9.595,9.75,0.155,-3
2011-12-18 04:32,9.853,10.314,0.461,-2
2011-12-19 05:27,10.149,10.242,0.093,-9
2011-12-20 06:25,10.471,10.288,-0.183,-1
2011-12-21 07:23,10.811,10.944,0.133,-5
2011-12-22 08:22,11.149,11.173,0.024,8
2011-12-23 09:18,11.425,12.512,1.087,12
2011-12-24 10:11,11.567,11.944,0.377,-5
2011-12-25 11:04,11.537,11.813,0.276,-4
2011-12-26 11:55,11.337,11.629,0.292,5
2011-12-27 12:45,10.987,11.446,0.459,3
2011-12-28 01:24,9.747,11.17,1.423,6
2011-12-29 02:11,9.561,9.467,-0.094,-23
2011-12-30 15:13,9.362,8.893,-0.469,-7
2011-12-31 03:47,9.144,9.845,0.701,-5
2012-01-01 04:40,9.047,9.218,0.171,2
2012-01-02 05:31,8.974,9.818,0.844,-19
2012-01-03 06:23,8.989,9.09,0.101,-17
2012-01-04 07:15,9.103,8.998,-0.105,-15
2012-01-05 08:05,9.316,9.018,-0.298,-17
2012-01-06 08:52,9.596,10.15,0.554,-10
2012-01-07 09:36,9.896,10.225,0.329,-6
2012-01-08 10:17,10.177,10.366,0.189,-11
2012-01-09 10:57,10.41,10.353,-0.057,-15
2012-01-10 11:39,10.574,10.862,0.288,-9
2012-01-11 12:21,10.647,10.858,0.211,3
2012-01-12 13:05,10.606,12.774,2.168,-5
2012-01-13 13:51,10.432,11.275,0.843,-9
2012-01-15 03:11,10.217,10.166,-0.051,-5
2012-01-16 04:05,10.251,10.209,-0.042,-11
2012-01-17 05:02,10.262,10.055,-0.207,-8
2012-01-18 06:03,10.291,10.891,0.6,-15
2012-01-19 07:06,10.382,10.832,0.45,-12
2012-01-20 08:09,10.557,11.298,0.741,-9
2012-01-21 09:08,10.766,11.128,0.362,4
2012-01-22 10:03,10.913,11.498,0.585,-9
2012-01-23 10:53,10.935,11.334,0.399,1
2012-01-24 11:42,10.815,11.328,0.513,-12
2012-01-25 12:28,10.561,10.494,-0.067,-4
2012-01-26 13:12,10.193,10.284,0.091,-6
2012-01-27 13:56,9.738,11.17,1.432,-8
2012-01-28 02:22,9.487,9.982,0.495,-16
2012-01-29 03:05,9.271,9.638,0.367,-5
2012-01-30 03:52,9.054,8.995,-0.059,2
2012-01-31 04:41,8.879,8.634,-0.245,-11
2012-02-01 05:33,8.788,9.028,0.24,-3
2012-02-02 06:28,8.819,9.172,0.353,-4
2012-02-03 07:23,8.999,9.392,0.393,13
2012-02-04 08:15,9.321,9.546,0.225,3
2012-02-05 09:03,9.73,10.376,0.646,-3
2012-02-06 09:48,10.152,10.248,0.096,-6
2012-02-07 10:31,10.521,11.088,0.567,5
2012-02-08 11:15,10.787,11.095,0.308,3
2012-02-09 11:59,10.912,11.308,0.396,-11
2012-02-10 12:45,10.87,11.341,0.471,-15
2012-02-12 01:58,10.812,11.567,0.755,-10
2012-02-13 02:48,10.734,10.872,0.138,-6
2012-02-14 03:42,10.522,10.931,0.409,6
2012-02-15 04:42,10.263,10.504,0.241,0
2012-02-16 05:46,10.051,10.402,0.351,-10
2012-02-17 06:53,9.965,10.629,0.664,1
2012-02-18 08:00,10.041,10.458,0.417,-6
2012-02-19 09:01,10.215,10.471,0.256,-1
2012-02-20 09:54,10.366,10.566,0.2,-6
2012-02-21 10:41,10.417,10.668,0.251,-11
2012-02-22 11:25,10.349,10.836,0.487,5
2012-02-23 12:07,10.171,11.2,1.029,-1
2012-02-24 12:47,9.9,10.32,0.42,1
2012-02-25 01:07,9.795,11.154,1.359,5
2012-02-26 01:45,9.647,8.792,-0.855,3
2012-02-27 02:25,9.436,9.077,-0.359,-1
2012-02-28 03:08,9.19,9.097,-0.093,4
2012-02-29 03:56,8.955,9.238,0.283,-8
2012-03-01 04:47,8.794,10.025,1.231,19
2012-03-02 05:42,8.763,9.766,1.003,-18
2012-03-03 06:39,8.901,9.779,0.878,-3
2012-03-04 07:35,9.217,9.72,0.503,1
2012-03-05 08:28,9.668,10.025,0.357,2
2012-03-06 09:17,10.166,9.904,-0.262,1
2012-03-07 10:04,10.613,10.468,-0.145,-4
2012-03-08 10:50,10.932,10.832,-0.1,4
2012-03-09 23:59,11.268,11.219,-0.049,1
2012-03-10 12:26,11.025,11.278,0.253,-8
2012-03-12 02:35,11.413,10.927,-0.486,-5
2012-03-13 03:27,11.145,11.213,0.068,3
2012-03-14 04:23,10.719,11.206,0.487,-5
2012-03-15 05:26,10.258,10.783,0.525,4
2012-03-16 06:32,9.888,10.222,0.334,-2
2012-03-17 07:41,9.69,9.969,0.279,-11
2012-03-18 08:49,9.686,9.704,0.018,-7
2012-03-19 09:49,9.803,9.809,0.006,-7
2012-03-20 10:40,9.918,10.081,0.163,2
2012-03-21 11:25,9.963,9.72,-0.243,-1
2012-03-21 23:46,9.892,10.032,0.14,-4
2012-03-23 00:23,9.989,9.969,-0.02,1
2012-03-24 00:58,10.009,10.317,0.308,-4
2012-03-25 01:34,9.956,10.356,0.4,-4
2012-03-26 02:11,9.834,10.488,0.654,-5
2012-03-27 02:50,9.649,9.904,0.255,16
2012-03-28 03:31,9.422,9.779,0.357,5
2012-03-29 04:17,9.193,10.399,1.206,-11
2012-03-30 05:07,9.02,9.494,0.474,-13
2012-03-31 06:01,8.961,9.448,0.487,-7
2012-04-01 06:57,9.053,9.366,0.313,9
2012-04-02 07:55,9.307,9.992,0.685,-7
2012-04-03 08:51,9.702,10.268,0.566,-3
2012-04-04 22:11,10.363,11.023,0.66,-5
2012-04-05 22:58,11.053,11.544,0.491,2
2012-04-06 23:44,11.595,11.862,0.267,-2
2012-04-08 00:33,11.918,12.351,0.433,-9
2012-04-09 01:23,11.99,12.355,0.365,1
2012-04-10 02:15,11.808,12.246,0.438,-3
2012-04-11 03:09,11.402,12.0,0.598,-3
2012-04-12 04:07,10.853,11.449,0.596,-1
2012-04-13 05:10,10.288,10.589,0.301,-4
2012-04-14 06:16,9.828,10.084,0.256,-4
2012-04-15 07:24,9.537,10.068,0.531,-6
2012-04-16 08:29,9.423,9.891,0.468,7
2012-04-16 21:05,9.398,9.746,0.348,-11
2012-04-17 21:55,9.641,9.697,0.056,-7
2012-04-18 22:38,9.855,9.861,0.006,4
2012-04-19 23:16,10.011,10.15,0.139,-4
2012-04-20 23:52,10.101,10.327,0.226,2
2012-04-22 00:28,10.127,10.622,0.495,8
2012-04-23 01:04,10.092,11.255,1.163,2
2012-04-24 01:42,10.001,10.816,0.815,-18
2012-04-25 02:20,9.865,10.475,0.61,-2
2012-04-26 03:01,9.698,9.986,0.288,-7
2012-04-27 03:45,9.524,10.376,0.852,-15
2012-04-28 04:33,9.38,8.936,-0.444,-9
2012-04-29 05:25,9.307,8.923,-0.384,-13
2012-04-30 06:21,9.337,8.9,-0.437,-27
2012-05-01 19:52,9.653,9.615,-0.038,2
2012-05-02 20:45,10.291,10.143,-0.148,-9
2012-05-03 21:37,10.972,10.858,-0.114,-1
2012-05-04 22:28,11.586,11.823,0.237,-4
2012-05-05 23:18,12.028,12.177,0.149,0
2012-05-07 00:10,12.237,12.292,0.055,2
2012-05-08 01:03,12.198,12.338,0.14,-3
2012-05-09 01:57,11.932,12.145,0.213,3
2012-05-10 02:52,11.476,12.01,0.534,-4
2012-05-11 03:50,10.897,11.354,0.457,4
2012-05-12 04:51,10.297,10.609,0.312,-3
2012-05-13 05:54,9.776,10.094,0.318,-6
2012-05-14 06:57,9.387,9.713,0.326,-3
2012-05-14 19:35,9.483,9.681,0.198,-5
2012-05-15 20:30,9.571,9.832,0.261,0
2012-05-16 21:20,9.717,10.091,0.374,-14
2012-05-17 22:04,9.878,9.855,-0.023,-4
2012-05-18 22:44,10.02,9.874,-0.146,-14
2012-05-19 23:22,10.121,10.124,0.003,2
2012-05-20 23:59,10.173,9.999,-0.174,-5
2012-05-22 00:37,10.178,10.229,0.051,5
2012-05-23 01:16,10.142,10.507,0.365,-4
2012-05-24 01:55,10.074,10.324,0.25,-7
2012-05-25 02:35,9.983,10.038,0.055,1
2012-05-26 03:18,9.873,9.74,-0.133,-6
2012-05-27 04:04,9.755,9.786,0.031,-10
2012-05-28 17:33,9.472,9.743,0.271,-9
2012-05-29 18:24,9.836,10.455,0.619,6
2012-05-30 19:17,10.281,10.665,0.384,-5
2012-05-31 20:12,10.78,11.334,0.554,-6
2012-06-01 21:08,11.291,11.597,0.306,-2
2012-06-02 22:03,11.745,12.617,0.872,-3
2012-06-03 22:57,12.056,13.477,1.421,-3
2012-06-04 23:51,12.169,13.578,1.409,3
2012-06-06 00:45,12.076,12.994,0.918,3
2012-06-07 01:40,11.797,12.397,0.6,-4
2012-06-08 02:35,11.359,11.866,0.507,1
2012-06-09 03:30,10.806,11.324,0.518,-6
2012-06-10 04:27,10.206,10.668,0.462,-3
2012-06-11 05:25,9.645,10.091,0.446,-1
2012-06-12 18:55,9.585,9.838,0.253,-1
2012-06-13 19:48,9.567,10.032,0.465,0
2012-06-14 20:38,9.623,9.861,0.238,4
2012-06-15 21:26,9.743,10.005,0.262,-2
2012-06-16 22:10,9.895,10.166,0.271,-4
2012-06-17 22:52,10.041,10.215,0.174,-4
2012-06-18 23:32,10.159,10.33,0.171,-2
2012-06-20 00:11,10.239,10.301,0.062,-5
2012-06-21 00:51,10.283,10.616,0.333,3
2012-06-22 01:31,10.294,10.799,0.505,-7
2012-06-23 02:12,10.266,10.829,0.563,-18
2012-06-24 02:54,10.191,10.671,0.48,-6
2012-06-25 03:40,10.061,10.356,0.295,-10
2012-06-26 04:30,9.889,10.563,0.674,-6
2012-06-26 17:03,10.097,10.783,0.686,-9
2012-06-27 17:54,10.366,10.642,0.276,-6
2012-06-28 18:49,10.647,10.885,0.238,-1
2012-06-29 19:46,10.937,11.406,0.469,2
2012-06-30 20:45,11.237,11.682,0.445,3
2012-07-01 21:44,11.527,11.951,0.424,-8
2012-07-02 22:41,11.739,12.125,0.386,1
2012-07-03 23:36,11.811,12.309,0.498,0
2012-07-05 00:30,11.718,12.486,0.768,6
2012-07-06 01:24,11.468,11.921,0.453,0
2012-07-07 02:16,11.077,11.456,0.379,2
2012-07-08 03:07,10.571,10.931,0.36,-7
2012-07-09 03:58,10.002,10.402,0.4,-4
2012-07-10 17:21,9.681,9.818,0.137,-3
2012-07-11 18:11,9.522,9.517,-0.005,1
2012-07-12 19:02,9.429,9.392,-0.037,10
2012-07-13 19:54,9.421,9.326,-0.095,0
2012-07-14 20:46,9.514,9.622,0.108,14
2012-07-15 21:35,9.692,10.032,0.34,1
2012-07-16 22:21,9.913,10.34,0.427,15
2012-07-17 23:03,10.13,10.58,0.45,-3
2012-07-18 23:44,10.314,10.76,0.446,16
2012-07-20 00:25,10.451,10.442,-0.009,-1
2012-07-21 01:06,10.53,10.688,0.158,-6
2012-07-22 01:48,10.538,10.688,0.15,0
2012-07-23 02:32,10.457,10.429,-0.028,-8
2012-07-24 03:18,10.276,10.593,0.317,-6
2012-07-24 15:46,10.46,10.973,0.513,-4
2012-07-25 16:36,10.584,10.76,0.176,0
2012-07-26 17:29,10.661,11.065,0.404,7
2012-07-27 18:27,10.718,11.016,0.298,-9
2012-07-28 19:27,10.79,11.206,0.416,9
2012-07-29 20:30,10.913,11.387,0.474,0
2012-07-30 21:32,11.091,11.561,0.47,10
2012-07-31 22:30,11.254,11.931,0.677,6
2012-08-01 23:24,11.319,11.954,0.635,6
2012-08-03 00:16,11.244,11.797,0.553,8
2012-08-04 01:06,11.027,11.357,0.33,6
2012-08-05 01:54,10.685,10.773,0.088,0
2012-08-06 02:41,10.242,10.396,0.154,-5
2012-08-07 15:51,9.865,10.209,0.344,-3
2012-08-08 16:37,9.621,9.855,0.234,-1
2012-08-09 17:26,9.405,9.713,0.308,4
2012-08-10 18:18,9.259,9.789,0.53,18
2012-08-11 19:11,9.213,9.641,0.428,1
2012-08-12 20:05,9.292,9.766,0.474,-11
2012-08-13 20:58,9.499,9.809,0.31,-4
2012-08-14 21:47,9.793,10.087,0.294,1
2012-08-15 22:32,10.114,10.586,0.472,10
2012-08-16 23:15,10.405,10.78,0.375,3
2012-08-17 23:57,10.627,11.042,0.415,9
2012-08-19 00:40,10.755,11.154,0.399,2
2012-08-20 01:24,10.769,10.977,0.208,-6
2012-08-20 13:49,10.755,11.036,0.281,5
2012-08-21 14:33,10.948,11.134,0.186,3
2012-08-22 15:21,11.001,10.986,-0.015,-3
2012-08-23 16:12,10.922,10.927,0.005,6
2012-08-24 17:09,10.763,10.767,0.004,3
2012-08-25 18:10,10.599,10.737,0.138,2
2012-08-26 19:15,10.499,10.596,0.097,3
2012-08-27 20:20,10.508,10.832,0.324,10
2012-08-28 21:24,10.622,11.203,0.581,6
2012-08-29 22:21,10.752,11.213,0.461,3
2012-08-30 23:13,10.803,10.963,0.16,11
2012-09-01 00:01,10.73,10.888,0.158,5
2012-09-02 00:46,10.538,10.754,0.216,2
2012-09-03 01:30,10.247,10.507,0.26,6
2012-09-04 14:30,10.089,10.317,0.228,0
2012-09-05 15:11,9.856,10.199,0.343,1
2012-09-06 15:55,9.592,9.818,0.226,-1
2012-09-07 16:43,9.34,9.582,0.242,-1
2012-09-08 17:35,9.156,9.553,0.397,-5
2012-09-09 18:29,9.085,9.326,0.241,7
2012-09-10 19:24,9.153,9.064,-0.089,-6
2012-09-11 20:19,9.366,9.33,-0.036,5
2012-09-12 21:11,9.697,9.605,-0.092,1
2012-09-13 21:59,10.085,9.497,-0.588,1
2012-09-14 22:44,10.453,10.271,-0.182,10
2012-09-15 23:28,10.737,10.589,-0.148,2
2012-09-17 00:14,10.894,10.829,-0.065,4
2012-09-17 12:34,11.23,11.229,-0.001,2
2012-09-18 13:20,11.484,11.803,0.319,4
2012-09-19 14:07,11.553,11.508,-0.045,-1
2012-09-20 14:58,11.424,11.206,-0.218,-4
2012-09-21 15:53,11.131,11.105,-0.026,1
2012-09-22 16:53,10.76,10.865,0.105,7
2012-09-23 17:57,10.425,10.596,0.171,3
2012-09-24 19:04,10.205,10.406,0.201,8
2012-09-25 20:11,10.131,10.255,0.124,1
2012-09-26 21:14,10.176,10.419,0.243,-2
2012-09-28 10:38,10.143,10.304,0.161,-2
2012-09-29 11:21,10.321,10.822,0.501,3
2012-09-30 12:00,10.391,10.763,0.372,12
2012-10-01 00:25,10.029,10.33,0.301,-1
2012-10-02 13:17,10.263,10.009,-0.254,7
2012-10-03 13:55,10.097,10.255,0.158,5
2012-10-04 14:35,9.879,10.114,0.235,7
2012-10-05 15:18,9.627,9.91,0.283,-6
2012-10-06 16:04,9.374,9.795,0.421,-10
2012-10-07 16:54,9.171,9.271,0.1,-24
2012-10-08 17:48,9.073,9.254,0.181,-18
2012-10-09 18:43,9.111,9.264,0.153,-13
2012-10-10 19:38,9.289,9.973,0.684,-2
2012-10-11 20:32,9.592,9.136,-0.456,-2
2012-10-12 09:03,9.616,9.385,-0.231,3
2012-10-13 09:49,10.283,10.042,-0.241,5
2012-10-14 10:34,10.941,10.504,-0.437,20
2012-10-15 11:19,11.496,11.423,-0.073,5
2012-10-16 12:05,11.875,12.017,0.142,13
2012-10-17 12:54,12.036,12.03,-0.006,6
2012-10-18 13:45,11.965,12.095,0.13,9
2012-10-19 14:39,11.678,12.099,0.421,3
2012-10-20 15:36,11.226,11.777,0.551,0
2012-10-21 16:37,10.707,10.757,0.05,5
2012-10-22 17:43,10.244,10.396,0.152,5
2012-10-23 18:50,9.914,10.176,0.262,-2
2012-10-25 08:35,9.726,10.019,0.293,7
2012-10-26 09:28,9.955,10.343,0.388,-4
2012-10-27 10:14,10.154,10.724,0.57,10
2012-10-28 10:55,10.281,11.229,0.948,5
2012-10-29 11:33,10.329,12.899,2.57,15
2012-10-30 12:10,10.307,11.715,1.408,2
2012-10-31 12:47,10.226,11.741,1.515,19
2012-11-01 13:26,10.093,11.269,1.176,-2
2012-11-02 14:05,9.918,10.888,0.97,1
2012-11-03 14:46,9.71,10.53,0.82,2
2012-11-04 14:30,9.49,10.048,0.558,-12
2012-11-05 15:18,9.292,9.684,0.392,-18
2012-11-06 16:09,9.161,9.271,0.11,-3
2012-11-07 17:03,9.134,11.301,2.167,-9
2012-11-08 05:41,8.969,11.187,2.218,1
2012-11-09 06:32,9.434,9.69,0.256,-8
2012-11-10 07:23,10.028,10.281,0.253,1
2012-11-11 08:13,10.692,10.491,-0.201,-1
2012-11-12 09:02,11.339,11.308,-0.031,4
2012-11-13 09:51,11.864,11.879,0.015,-3
2012-11-14 10:41,12.184,12.525,0.341,1
2012-11-15 11:33,12.263,12.686,0.423,-9
2012-11-16 12:27,12.103,12.42,0.317,3
2012-11-17 13:22,11.733,11.744,0.011,2
2012-11-18 14:19,11.201,10.957,-0.244,5
2012-11-19 15:20,10.592,10.629,0.037,4
2012-11-21 05:08,9.629,10.478,0.849,-2
2012-11-21 17:28,9.561,10.209,0.648,8
2012-11-23 07:05,9.675,10.117,0.442,-5
2012-11-24 07:59,9.791,10.557,0.766,-11
2012-11-25 08:46,9.925,9.733,-0.192,-4
2012-11-26 09:28,10.041,9.694,-0.347,-4
2012-11-27 10:07,10.119,10.189,0.07,-1
2012-11-28 10:45,10.151,10.931,0.78,3
2012-11-29 11:23,10.134,10.13,-0.004,-5
2012-11-30 12:01,10.071,9.815,-0.256,17
2012-12-01 12:40,9.966,10.051,0.085,2
2012-12-02 13:20,9.825,10.186,0.361,-14
2012-12-03 14:01,9.656,9.763,0.107,-1
2012-12-04 14:46,9.473,9.809,0.336,-10
2012-12-05 15:34,9.303,9.31,0.007,-10
2012-12-06 16:26,9.181,9.116,-0.065,4
2012-12-07 05:01,9.371,9.362,-0.009,-1
2012-12-08 05:53,9.779,9.917,0.138,-11
2012-12-09 06:46,10.273,10.409,0.136,2
2012-12-10 07:41,10.821,11.485,0.664,1
2012-12-11 08:36,11.366,11.925,0.559,-6
2012-12-12 09:30,11.818,11.692,-0.126,0
2012-12-13 10:23,12.092,12.118,0.026,1
2012-12-14 11:17,12.142,12.102,-0.04,-5
2012-12-15 12:11,11.968,12.151,0.183,1
2012-12-16 13:06,11.591,11.856,0.265,0
2012-12-17 14:01,11.044,12.069,1.025,-1
2012-12-18 14:58,10.392,12.345,1.953,-4
2012-12-19 15:57,9.732,11.219,1.487,-9
2012-12-21 05:31,9.476,10.947,1.471,-1
2012-12-21 17:59,8.719,11.203,2.484,-35
2012-12-23 07:22,9.402,9.812,0.41,8
2012-12-24 08:13,9.496,9.31,-0.186,-7
2012-12-25 09:00,9.645,9.914,0.269,-6
2012-12-26 09:42,9.803,10.284,0.481,-6
2012-12-27 10:21,9.936,12.962,3.026,3
2012-12-28 11:00,10.024,10.458,0.434,0
2012-12-29 11:38,10.06,10.517,0.457,-8
2012-12-30 00:14,8.941,11.055,2.114,4
2012-12-31 12:56,9.974,9.061,-0.913,10
2013-01-01 13:35,9.877,9.917,0.04,1
2013-01-02 14:17,9.699,9.339,-0.36,-17
2013-01-03 15:04,9.48,9.668,0.188,-10
2013-01-04 03:35,9.518,9.579,0.061,-17
2013-01-05 04:26,9.712,9.5,-0.212,-14
2013-01-06 05:20,9.958,10.199,0.241,-26
2013-01-07 06:17,10.262,10.639,0.377,-5
2013-01-08 07:17,10.628,10.347,-0.281,-5
2013-01-09 08:17,11.043,11.21,0.167,-5
2013-01-10 09:15,11.434,10.921,-0.513,3
2013-01-11 10:11,11.703,12.253,0.55,1
2013-01-12 11:05,11.781,12.545,0.764,-17
2013-01-13 11:58,11.652,12.269,0.617,-4
2013-01-14 12:51,11.324,11.816,0.492,15
2013-01-15 13:42,10.823,11.105,0.282,0
2013-01-16 14:34,10.199,11.101,0.902,2
2013-01-18 03:57,9.618,10.048,0.43,9
2013-01-19 04:51,9.334,9.221,-0.113,-9
2013-01-20 05:45,9.137,9.205,0.068,-9
2013-01-21 06:40,9.059,8.729,-0.33,-16
2013-01-22 07:35,9.119,9.526,0.407,-11
2013-01-23 08:27,9.299,9.136,-0.163,-3
2013-01-24 09:13,9.54,9.051,-0.489,5
2013-01-25 09:55,9.779,9.497,-0.282,-1
2013-01-26 10:35,9.976,10.153,0.177,-17
2013-01-27 11:13,10.112,9.861,-0.251,-1
2013-01-28 11:52,10.18,10.202,0.022,-4
2013-01-29 12:31,10.175,10.56,0.385,-13
2013-01-30 13:11,10.089,10.79,0.701,-11
2013-01-31 13:53,9.913,10.258,0.345,-35
2013-02-01 14:40,9.65,9.677,0.027,-16
2013-02-02 03:05,10.025,9.658,-0.367,-17
2013-02-03 03:56,10.058,10.33,0.272,-14
2013-02-04 04:53,10.088,10.33,0.242,-17
2013-02-05 05:54,10.166,9.618,-0.548,0
2013-02-06 06:58,10.336,10.776,0.44,8
2013-02-07 08:03,10.617,10.56,-0.057,-3
2013-02-08 21:43,9.819,13.07,3.251,23
2013-02-09 10:00,11.203,12.991,1.788,-6
2013-02-10 10:53,11.299,11.606,0.307,1
2013-02-11 11:44,11.205,12.102,0.897,-8
2013-02-12 12:32,10.926,11.357,0.431,-2
2013-02-14 01:44,10.276,11.177,0.901,-14
2013-02-14 14:06,9.937,10.665,0.728,6
2013-02-16 03:16,9.581,10.288,0.707,-4
2013-02-17 04:06,9.222,10.629,1.407,0
2013-02-17 16:39,8.261,8.309,0.048,-39
2013-02-19 05:55,8.789,8.329,-0.46,-7
2013-02-20 06:52,8.798,9.261,0.463,-10
2013-02-21 07:48,8.971,8.965,-0.006,6
2013-02-22 08:39,9.261,9.773,0.512,9
2013-02-23 09:24,9.59,9.697,0.107,-6
2013-02-24 10:06,9.895,10.977,1.082,0
2013-02-25 10:46,10.139,11.118,0.979,2
2013-02-26 11:26,10.298,10.799,0.501,-2
2013-02-27 12:06,10.36,11.987,1.627,12
2013-02-28 00:28,10.335,11.908,1.573,2
2013-03-01 01:09,10.531,12.013,1.482,-3
2013-03-02 01:52,10.606,11.698,1.092,-4
2013-03-03 02:40,10.548,11.692,1.144,2
2013-03-04 03:34,10.386,11.337,0.951,2
2013-03-05 04:34,10.195,11.393,1.198,-4
2013-03-06 05:38,10.067,11.895,1.828,-2
2013-03-07 06:45,10.071,12.584,2.513,9
2013-03-08 07:52,10.232,12.843,2.611,8
2013-03-09 08:54,10.483,12.496,2.013,6
2013-03-10 10:49,10.693,11.57,0.877,5
2013-03-11 11:40,10.772,11.495,0.723,-4
2013-03-13 00:49,10.589,11.705,1.116,5
2013-03-13 13:13,10.463,11.502,1.039,-7
2013-03-14 13:56,10.118,10.76,0.642,-2
2013-03-16 02:53,10.005,10.261,0.256,-5
2013-03-17 03:37,9.649,10.439,0.79,-7
2013-03-18 04:24,9.285,9.3,0.015,-6
2013-03-19 05:15,8.973,9.795,0.822,3
2013-03-19 17:55,8.061,9.956,1.895,-7
2013-03-21 07:07,8.722,9.061,0.339,-13
2013-03-22 08:04,8.837,9.668,0.831,8
2013-03-23 08:58,9.102,9.497,0.395,8
2013-03-24 09:48,9.457,10.189,0.732,6
2013-03-25 10:32,9.828,10.872,1.044,-2
2013-03-25 22:55,9.833,11.377,1.544,-1
2013-03-27 11:58,10.385,11.21,0.825,-4
2013-03-28 00:16,10.772,11.666,0.894,-4
2013-03-29 00:58,11.087,11.912,0.825,-4
2013-03-30 01:43,11.248,12.046,0.798,-7
2013-03-31 02:30,11.228,11.938,0.71,-6
2013-04-01 03:21,11.027,12.45,1.423,-3
2013-04-02 04:18,10.694,11.134,0.44,0
2013-04-03 05:20,10.331,10.468,0.137,4
2013-04-04 06:26,10.049,10.081,0.032,-8
2013-04-05 20:18,9.44,10.255,0.815,0
2013-04-06 08:41,9.941,10.202,0.261,-5
2013-04-07 22:12,10.137,10.34,0.203,-18
2013-04-08 22:59,10.411,10.819,0.408,-11
2013-04-09 23:42,10.555,11.193,0.638,-6
2013-04-11 00:23,10.572,11.324,0.752,31
2013-04-12 01:02,10.482,10.944,0.462,-2
2013-04-13 01:42,10.308,11.511,1.203,-6
2013-04-14 02:21,10.068,10.895,0.827,-9
2013-04-15 03:03,9.78,10.215,0.435,-15
2013-04-16 03:48,9.468,9.799,0.331,18
2013-04-17 04:36,9.176,9.415,0.239,-6
2013-04-18 05:29,8.958,9.143,0.185,1
2013-04-19 06:23,8.857,9.234,0.377,-5
2013-04-20 07:19,8.895,9.07,0.175,5
2013-04-21 08:13,9.076,8.769,-0.307,17
2013-04-22 09:06,9.378,9.28,-0.098,0
2013-04-23 09:56,9.745,9.828,0.083,-8
2013-04-23 22:16,10.404,11.124,0.72,-4
2013-04-24 23:00,10.976,11.37,0.394,-6
2013-04-25 23:45,11.435,11.708,0.273,-9
2013-04-27 00:31,11.727,11.862,0.135,-1
2013-04-28 01:21,11.821,11.921,0.1,3
2013-04-29 02:12,11.706,11.958,0.252,-6
2013-04-30 03:06,11.399,11.606,0.207,-6
2013-05-01 04:04,10.955,11.095,0.14,2
2013-05-02 05:07,10.48,10.553,0.073,-7
2013-05-03 06:13,10.077,10.534,0.457,-7
2013-05-04 19:59,9.853,10.235,0.382,-5
2013-05-05 20:57,10.048,10.196,0.148,-3
2013-05-06 21:49,10.253,10.419,0.166,-7
2013-05-07 22:35,10.405,10.511,0.106,-5
2013-05-08 23:17,10.476,10.724,0.248,1
2013-05-09 23:56,10.467,10.904,0.437,-2
2013-05-11 00:35,10.396,11.006,0.61,1
2013-05-12 01:14,10.276,11.042,0.766,-8
2013-05-13 01:54,10.112,10.386,0.274,6
2013-05-14 02:34,9.908,10.133,0.225,-10
2013-05-15 03:17,9.675,9.736,0.061,-5
2013-05-16 04:02,9.434,9.881,0.447,-2
2013-05-17 04:51,9.225,9.389,0.164,3
2013-05-18 05:43,9.089,9.028,-0.061,-13
2013-05-19 06:36,9.053,9.024,-0.029,-6
2013-05-20 07:30,9.13,9.189,0.059,0
2013-05-20 19:59,9.745,9.897,0.152,-5
2013-05-21 20:49,10.288,10.521,0.233,-7
2013-05-22 21:39,10.881,11.173,0.292,3
2013-05-23 22:28,11.437,11.629,0.192,8
2013-05-24 23:18,11.865,12.25,0.385,6
2013-05-26 00:09,12.107,12.811,0.704,3
2013-05-27 01:02,12.139,12.22,0.081,4
2013-05-28 01:56,11.965,11.977,0.012,-8
2013-05-29 02:52,11.604,11.813,0.209,-4
2013-05-30 03:51,11.102,11.442,0.34,-9
2013-05-31 04:52,10.549,10.724,0.175,-4
2013-06-01 18:34,10.102,10.343,0.241,-10
2013-06-02 19:33,10.077,10.301,0.224,-9
2013-06-03 20:29,10.101,10.448,0.347,-5
2013-06-04 21:22,10.161,10.281,0.12,-10
2013-06-05 22:09,10.229,10.189,-0.04,-9
2013-06-06 22:51,10.276,10.37,0.094,9
2013-06-07 23:31,10.292,11.023,0.731,5
2013-06-09 00:10,10.274,10.442,0.168,8
2013-06-10 00:50,10.222,10.576,0.354,4
2013-06-11 01:29,10.134,10.593,0.459,1
2013-06-12 02:09,10.008,10.914,0.906,9
2013-06-13 02:50,9.846,10.432,0.586,4
2013-06-14 03:32,9.659,10.862,1.203,4
2013-06-15 04:17,9.467,10.143,0.676,-5
2013-06-15 16:52,9.299,9.878,0.579,-10
2013-06-16 17:39,9.504,10.051,0.547,-9
2013-06-17 18:28,9.801,10.383,0.582,-4
2013-06-18 19:19,10.181,10.527,0.346,5
2013-06-19 20:12,10.632,10.993,0.361,-18
2013-06-20 21:07,11.128,11.17,0.042,-13
2013-06-21 22:02,11.605,11.705,0.1,-2
2013-06-22 22:56,11.979,12.154,0.175,4
2013-06-23 23:50,12.178,12.512,0.334,4
2013-06-25 00:45,12.177,12.62,0.443,-3
2013-06-26 01:41,11.98,12.601,0.621,7
2013-06-27 02:37,11.599,12.286,0.687,-1
2013-06-28 03:33,11.067,12.128,1.061,-3
2013-06-29 04:31,10.46,11.508,1.048,-1
2013-06-30 18:05,10.198,10.53,0.332,-11
2013-07-01 19:01,10.029,10.304,0.275,-1
2013-07-02 19:56,9.917,10.17,0.253,4
2013-07-03 20:50,9.886,10.156,0.27,-2
2013-07-04 21:40,9.93,10.229,0.299,2
2013-07-05 22:25,10.013,10.366,0.353,-1
2013-07-06 23:07,10.098,10.527,0.429,5
2013-07-07 23:46,10.158,10.806,0.648,2
2013-07-09 00:26,10.181,10.904,0.723,4
2013-07-10 01:05,10.159,10.701,0.542,1
2013-07-11 01:44,10.092,10.842,0.75,-2
2013-07-12 02:23,9.98,10.498,0.518,1
2013-07-13 03:04,9.828,10.156,0.328,-4
2013-07-13 15:34,9.607,9.71,0.103,2
2013-07-14 16:16,9.756,9.828,0.072,-4
2013-07-15 17:02,9.939,10.035,0.096,-8
2013-07-16 17:52,10.163,10.297,0.134,-4
2013-07-17 18:46,10.429,10.507,0.078,-4
2013-07-18 19:43,10.741,11.177,0.436,5
2013-07-19 20:42,11.105,11.734,0.629,12
2013-07-20 21:42,11.489,12.086,0.597,-6
2013-07-21 22:39,11.812,12.525,0.713,-3
2013-07-22 23:35,11.987,12.758,0.771,7
2013-07-24 00:30,11.973,12.929,0.956,0
2013-07-25 01:25,11.766,12.453,0.687,-1
2013-07-26 02:19,11.379,12.049,0.67,5
2013-07-27 03:12,10.841,11.213,0.372,0
2013-07-28 16:35,10.378,10.931,0.553,-5
2013-07-29 17:29,10.063,10.681,0.618,1
2013-07-30 18:24,9.792,10.347,0.555,0
2013-07-31 19:19,9.607,10.163,0.556,-1
2013-08-01 20:14,9.544,10.225,0.681,-2
2013-08-02 21:07,9.606,10.448,0.842,5
2013-08-03 21:56,9.753,10.311,0.558,4
2013-08-04 22:40,9.923,10.708,0.785,8
2013-08-05 23:21,10.069,10.481,0.412,3
2013-08-07 00:00,10.164,10.557,0.393,6
2013-08-08 00:38,10.2,10.57,0.37,10
2013-08-09 01:17,10.178,10.553,0.375,7
2013-08-10 01:57,10.099,10.632,0.533,-3
2013-08-10 14:21,9.949,10.274,0.325,3
2013-08-11 15:01,10.095,10.229,0.134,-1
2013-08-12 15:43,10.214,10.576,0.362,-1
2013-08-13 16:31,10.304,10.75,0.446,-1
2013-08-14 17:24,10.385,10.694,0.309,6
2013-08-15 18:21,10.489,10.53,0.041,3
2013-08-16 19:22,10.647,10.895,0.248,2
2013-08-17 20:25,10.883,11.045,0.162,5
2013-08-18 21:27,11.183,11.564,0.381,3
2013-08-19 22:26,11.459,11.869,0.41,4
2013-08-20 23:21,11.609,12.22,0.611,3
2013-08-22 00:15,11.579,11.876,0.297,9
2013-08-23 01:07,11.365,11.692,0.327,-1
2013-08-24 01:58,10.986,11.259,0.273,2
2013-08-25 15:10,10.619,10.806,0.187,2
2013-08-26 15:59,10.243,10.465,0.222,1
2013-08-27 16:50,9.855,10.317,0.462,-8
2013-08-28 17:44,9.529,10.087,0.558,4
2013-08-29 18:39,9.318,10.071,0.753,-3
2013-08-30 19:35,9.248,9.513,0.265,7
2013-08-31 20:31,9.325,9.904,0.579,11
2013-09-01 21:23,9.515,9.917,0.402,-11
2013-09-02 22:09,9.751,10.498,0.747,9
2013-09-03 22:51,9.971,10.363,0.392,-3
2013-09-04 23:30,10.137,10.494,0.357,6
2013-09-06 00:10,10.234,10.606,0.372,2
2013-09-07 13:09,10.35,10.514,0.164,9
2013-09-08 13:49,10.534,10.95,0.416,-1
2013-09-09 14:30,10.649,10.553,-0.096,0
2013-09-10 15:16,10.674,10.606,-0.068,-10
2013-09-11 16:06,10.614,10.691,0.077,0
2013-09-12 17:03,10.513,10.776,0.263,15
2013-09-13 18:04,10.44,11.239,0.799,-4
2013-09-14 19:08,10.449,10.806,0.357,-2
2013-09-15 20:13,10.569,10.724,0.155,5
2013-09-16 21:17,10.78,11.157,0.377,7
2013-09-17 22:15,10.989,11.18,0.191,3
2013-09-18 23:08,11.092,11.265,0.173,4
2013-09-19 23:59,11.037,11.528,0.491,7
2013-09-20 12:22,11.092,11.423,0.331,2
2013-09-21 13:07,11.029,11.613,0.584,-1
2013-09-22 13:52,10.819,11.292,0.473,2
2013-09-23 14:36,10.497,10.714,0.217,0
2013-09-24 15:22,10.109,10.386,0.277,2
2013-09-25 16:10,9.711,10.084,0.373,-4
2013-09-26 17:02,9.368,9.799,0.431,-8
2013-09-27 17:58,9.138,9.481,0.343,8
2013-09-28 18:54,9.048,9.261,0.213,0
2013-09-29 19:50,9.1,9.28,0.18,10
2013-09-30 20:43,9.276,9.766,0.49,-1
2013-10-01 21:32,9.53,9.979,0.449,4
2013-10-02 22:16,9.8,10.215,0.415,2
2013-10-04 11:17,10.341,10.534,0.193,7
2013-10-05 11:56,10.702,11.068,0.366,16
2013-10-06 12:36,10.981,11.416,0.435,0
2013-10-07 13:19,11.154,11.872,0.718,11
2013-10-08 14:05,11.197,11.105,-0.092,-5
2013-10-09 14:54,11.098,11.259,0.161,-6
2013-10-10 15:47,10.875,11.019,0.144,1
2013-10-11 16:47,10.596,11.029,0.433,7
2013-10-12 17:51,10.355,11.0,0.645,-3
2013-10-13 18:57,10.219,10.524,0.305,3
2013-10-14 20:03,10.208,10.819,0.611,3
2013-10-15 21:06,10.3,10.75,0.45,0
2013-10-16 22:04,10.414,11.111,0.697,2
2013-10-17 10:29,10.77,11.413,0.643,7
2013-10-18 11:15,10.953,11.682,0.729,3
2013-10-19 11:58,10.979,11.285,0.306,2
2013-10-20 12:41,10.867,11.206,0.339,1
2013-10-21 13:23,10.649,10.665,0.016,-5
2013-10-22 14:05,10.357,10.911,0.554,1
2013-10-23 14:48,10.02,10.832,0.812,-12
2013-10-24 15:34,9.666,9.917,0.251,-4
2013-10-25 16:23,9.336,9.162,-0.174,1
2013-10-26 17:16,9.081,8.91,-0.171,2
2013-10-27 18:11,8.938,8.821,-0.117,-11
2013-10-29 07:41,8.862,8.772,-0.09,7
2013-10-29 19:59,9.025,9.057,0.032,-5
2013-10-31 09:16,9.727,9.789,0.062,8
2013-11-01 09:59,10.253,10.347,0.094,7
2013-11-02 10:41,10.765,11.019,0.254,1
2013-11-03 10:23,11.203,11.577,0.374,1
2013-11-04 11:07,11.514,11.321,-0.193,-1
2013-11-05 11:54,11.665,11.469,-0.196,0
2013-11-06 12:44,11.638,11.675,0.037,-2
2013-11-07 13:36,11.432,11.885,0.453,-6
2013-11-08 14:32,11.076,10.957,-0.119,4
2013-11-09 15:33,10.646,10.425,-0.221,-3
2013-11-10 16:37,10.245,10.708,0.463,-7
2013-11-11 17:43,9.948,10.33,0.382,-1
2013-11-12 06:24,9.961,10.186,0.225,0
2013-11-13 07:24,10.176,10.147,-0.029,-6
2013-11-14 08:20,10.412,10.16,-0.252,-2
2013-11-15 09:09,10.601,10.681,0.08,3
2013-11-16 09:54,10.695,10.934,0.239,-6
2013-11-17 10:36,10.685,10.888,0.203,-6
2013-11-18 11:17,10.587,11.272,0.685,-5
2013-11-19 11:57,10.424,10.396,-0.028,-9
2013-11-20 12:38,10.214,9.72,-0.494,-2
2013-11-21 13:19,9.964,9.431,-0.533,-13
2013-11-22 14:02,9.682,10.156,0.474,-8
2013-11-23 14:47,9.386,9.395,0.009,-5
2013-11-24 15:36,9.11,8.362,-0.748,-18
2013-11-25 16:27,8.899,8.368,-0.531,3
2013-11-27 05:54,9.035,9.809,0.774,18
2013-11-27 18:14,8.789,9.815,1.026,28
2013-11-29 07:32,9.872,9.084,-0.788,-2
2013-11-30 08:20,10.425,10.268,-0.157,-2
2013-12-01 09:07,10.988,10.914,-0.074,-1
2013-12-02 09:55,11.476,11.951,0.475,-1
2013-12-03 10:43,11.815,12.578,0.763,-1
2013-12-04 11:34,11.959,11.764,-0.195,2
2013-12-05 12:27,11.894,12.43,0.536,3
2013-12-06 13:21,11.627,12.145,0.518,-3
2013-12-07 14:17,11.182,10.973,-0.209,-5
2013-12-08 15:17,10.631,10.179,-0.452,-11
2013-12-09 16:20,10.077,10.875,0.798,-8
2013-12-10 05:00,10.026,10.425,0.399,0
2013-12-11 06:01,9.998,9.802,-0.196,5
2013-12-12 07:01,10.023,9.884,-0.139,-7
2013-12-13 07:57,10.096,9.891,-0.205,-15
2013-12-14 08:49,10.186,10.114,-0.072,-13
2013-12-15 09:35,10.255,12.364,2.109,1
2013-12-16 10:16,10.28,9.841,-0.439,8
2013-12-17 10:56,10.259,10.271,0.012,-2
2013-12-18 11:35,10.194,10.619,0.425,-5
2013-12-19 12:14,10.085,9.582,-0.503,-2
2013-12-20 12:54,9.927,10.468,0.541,6
2013-12-21 13:34,9.719,9.841,0.122,14
2013-12-22 14:15,9.466,9.943,0.477,9
2013-12-23 14:59,9.19,10.078,0.888,-17
2013-12-24 15:47,8.928,9.5,0.572,-17
2013-12-26 05:07,9.225,9.366,0.141,5
2013-12-27 05:58,9.522,9.471,-0.051,2
2013-12-28 06:50,9.928,9.789,-0.139,-14
2013-12-29 07:45,10.429,10.511,0.082,-3
2013-12-30 08:39,10.978,10.836,-0.142,-3
2013-12-31 09:32,11.482,11.977,0.495,4
2014-01-01 10:26,11.87,11.751,-0.119,-2
2014-01-02 11:19,12.043,13.066,1.023,5
2014-01-03 12:13,11.991,13.834,1.843,-1
2014-01-04 13:08,11.714,11.616,-0.098,-2
2014-01-05 14:03,11.234,11.698,0.464,-9
2014-01-06 14:59,10.612,11.751,1.139,-11
2014-01-07 03:36,10.346,10.898,0.552,-18
2014-01-08 04:34,10.087,8.726,-1.361,-10
2014-01-09 05:33,9.86,9.553,-0.307,-15
2014-01-10 06:32,9.704,9.385,-0.319,-8
2014-01-11 07:31,9.648,10.009,0.361,5
2014-01-12 08:25,9.692,10.202,0.51,11
2014-01-13 09:13,9.791,10.094,0.303,11
2014-01-14 09:56,9.895,10.816,0.921,-8
2014-01-15 10:36,9.973,10.304,0.331,-6
2014-01-16 11:14,10.006,10.904,0.898,-2
2014-01-17 11:52,9.983,10.606,0.623,-4
2014-01-18 12:30,9.898,10.822,0.924,18
2014-01-19 13:08,9.75,9.989,0.239,-8
2014-01-20 13:47,9.544,10.002,0.458,-5
2014-01-22 02:55,9.239,10.58,1.341,-1
2014-01-22 15:13,9.022,10.055,1.033,-7
2014-01-24 04:28,9.417,8.906,-0.511,-10
2014-01-25 05:22,9.616,9.536,-0.08,-4
2014-01-26 06:18,9.913,9.736,-0.177,-18
2014-01-27 07:18,10.32,10.156,-0.164,0
2014-01-28 08:18,10.818,10.639,-0.179,12
2014-01-29 09:15,11.32,11.141,-0.179,9
2014-01-30 10:10,11.708,11.62,-0.088,2
2014-01-31 11:04,11.897,11.83,-0.067,-4
2014-02-01 11:58,11.852,11.826,-0.026,-10
2014-02-02 12:51,11.573,11.892,0.319,-9
2014-02-03 13:44,11.082,11.223,0.141,-2
2014-02-04 02:14,10.786,10.819,0.033,-14
2014-02-05 15:33,9.724,10.563,0.839,-21
2014-02-06 04:01,10.0,10.504,0.504,-19
2014-02-07 04:58,9.605,9.7,0.095,-4
2014-02-08 05:57,9.312,9.103,-0.209,-9
2014-02-09 06:57,9.171,9.435,0.264,-21
2014-02-10 07:55,9.2,9.517,0.317,17
2014-02-11 08:47,9.354,9.444,0.09,7
2014-02-12 09:32,9.553,9.504,-0.049,4
2014-02-13 22:42,8.997,11.036,2.039,-18
2014-02-14 10:51,9.864,10.566,0.702,-3
2014-02-15 23:54,9.384,11.17,1.786,-18
2014-02-16 12:05,9.906,10.13,0.224,1
2014-02-18 01:04,9.615,9.605,-0.01,-16
2014-02-18 13:21,9.665,10.379,0.714,-15
2014-02-20 02:21,9.726,10.002,0.276,-21
2014-02-21 03:05,9.744,9.7,-0.044,25
2014-02-22 03:55,9.759,9.966,0.207,-13
2014-02-23 04:51,9.812,9.559,-0.253,-9
2014-02-24 05:52,9.951,10.435,0.484,2
2014-02-25 06:55,10.212,10.009,-0.203,-7
2014-02-26 07:59,10.599,10.895,0.296,1
2014-02-27 09:00,11.037,11.869,0.832,-6
2014-02-28 09:56,11.393,11.446,0.053,4
2014-03-01 10:50,11.566,11.541,-0.025,-8
2014-03-02 11:42,11.518,11.748,0.23,-12
2014-03-03 00:09,11.241,11.515,0.274,-9
2014-03-04 00:57,11.156,11.255,0.099,-9
2014-03-05 01:45,10.868,10.891,0.023,-3
2014-03-06 02:34,10.429,10.527,0.098,-10
2014-03-07 03:25,9.92,9.723,-0.197,-13
2014-03-08 04:20,9.44,9.937,0.497,-8
2014-03-09 06:18,9.077,9.818,0.741,-6
2014-03-10 07:17,8.884,9.435,0.551,-5
2014-03-11 08:17,8.882,9.664,0.782,1
2014-03-12 21:46,8.55,9.992,1.442,-10
2014-03-13 10:01,9.29,10.252,0.962,11
2014-03-14 10:43,9.538,9.484,-0.054,-1
2014-03-15 11:23,9.738,10.261,0.523,7
2014-03-16 12:01,9.866,9.645,-0.221,-1
2014-03-18 00:56,10.019,10.055,0.036,4
2014-03-19 01:33,10.175,10.265,0.09,-3
2014-03-20 02:11,10.276,10.816,0.54,-11
2014-03-21 02:53,10.306,10.704,0.398,-11
2014-03-22 03:39,10.258,10.307,0.049,-9
2014-03-23 04:31,10.154,10.255,0.101,-1
2014-03-24 05:30,10.054,10.14,0.086,0
2014-03-25 06:33,10.03,10.143,0.113,-3
2014-03-26 07:38,10.133,11.921,1.788,-8
2014-03-26 20:21,9.473,9.694,0.221,21
2014-03-28 09:46,10.691,10.501,-0.19,-4
2014-03-29 10:42,10.958,11.111,0.153,-12
2014-03-30 11:35,11.078,12.115,1.037,-5
2014-03-30 23:58,11.246,12.64,1.394,20
2014-04-01 00:45,11.295,12.338,1.043,-3
2014-04-02 01:31,11.146,12.036,0.89,-7
2014-04-03 02:17,10.831,11.236,0.405,7
2014-04-04 03:03,10.397,10.895,0.498,-3
2014-04-05 03:50,9.907,10.996,1.089,-2
2014-04-06 04:42,9.437,9.694,0.257,-12
2014-04-07 05:37,9.062,9.241,0.179,-7
2014-04-08 06:34,8.834,10.035,1.201,-4
2014-04-09 07:32,8.771,9.208,0.437,-8
2014-04-10 08:29,8.865,8.877,0.012,-5
2014-04-11 09:21,9.076,9.077,0.001,9
2014-04-12 22:28,9.578,9.697,0.119,8
2014-04-13 23:07,9.963,10.17,0.207,-1
2014-04-14 23:44,10.302,10.576,0.274,-2
2014-04-16 00:22,10.581,10.898,0.317,-10
2014-04-17 01:03,10.786,10.717,-0.069,-9
2014-04-18 01:45,10.897,10.826,-0.071,-9
2014-04-19 02:30,10.895,10.842,-0.053,-6
2014-04-20 03:20,10.771,10.619,-0.152,-2
2014-04-21 04:14,10.554,10.507,-0.047,4
2014-04-22 05:14,10.314,10.76,0.446,-8
2014-04-23 06:18,10.137,11.232,1.095,-6
2014-04-24 07:24,10.071,10.904,0.833,0
2014-04-24 20:04,9.956,11.262,1.306,8
2014-04-25 21:04,10.355,11.18,0.825,-10
2014-04-26 21:59,10.754,11.626,0.872,1
2014-04-27 22:49,11.05,11.502,0.452,-7
2014-04-28 23:36,11.185,12.118,0.933,-6
2014-04-30 00:21,11.151,11.606,0.455,-9
2014-05-01 01:06,10.975,11.321,0.346,-6
2014-05-02 01:50,10.692,11.39,0.698,-2
2014-05-03 02:33,10.336,10.996,0.66,3
2014-05-04 03:19,9.94,10.701,0.761,-1
2014-05-05 04:07,9.545,10.288,0.743,-7
2014-05-06 04:58,9.198,9.769,0.571,2
2014-05-07 05:52,8.945,9.408,0.463,-4
2014-05-08 06:47,8.808,9.054,0.246,1
2014-05-09 20:13,9.089,9.297,0.208,-1
2014-05-10 21:00,9.455,9.736,0.281,-12
2014-05-11 21:45,9.885,10.229,0.344,-3
2014-05-12 22:27,10.332,11.0,0.668,-3
2014-05-13 23:08,10.75,10.888,0.138,-2
2014-05-14 23:51,11.096,11.354,0.258,-3
2014-05-16 00:36,11.336,11.633,0.297,-6
2014-05-17 01:23,11.446,11.849,0.403,1
2014-05-18 02:12,11.407,11.675,0.268,0
2014-05-19 03:05,11.215,11.547,0.332,1
2014-05-20 04:01,10.9,11.42,0.52,-1
2014-05-21 05:02,10.537,11.246,0.709,-2
2014-05-22 06:05,10.208,10.921,0.713,1
2014-05-22 18:46,10.186,10.731,0.545,-4
2014-05-23 19:46,10.346,10.908,0.562,-4
2014-05-24 20:45,10.547,11.045,0.498,-3
2014-05-25 21:39,10.746,11.223,0.477,-9
2014-05-26 22:29,10.882,11.416,0.534,1
2014-05-27 23:15,10.916,11.787,0.871,-15
2014-05-28 23:59,10.848,11.249,0.401,-5
2014-05-30 00:42,10.701,10.94,0.239,6
2014-05-31 01:25,10.496,11.009,0.513,-1
2014-06-01 02:07,10.25,10.452,0.202,5
2014-06-02 02:50,9.97,10.104,0.134,-2
2014-06-03 03:34,9.665,10.114,0.449,8
2014-06-04 04:21,9.361,9.973,0.612,3
2014-06-05 17:47,9.035,9.628,0.593,-11
2014-06-06 18:36,9.162,9.343,0.181,6
2014-06-07 19:24,9.384,9.618,0.234,0
2014-06-08 20:12,9.709,10.13,0.421,6
2014-06-09 21:01,10.129,10.386,0.257,11
2014-06-10 21:48,10.607,10.927,0.32,0
2014-06-11 22:35,11.079,11.4,0.321,-5
2014-06-12 23:23,11.475,11.971,0.496,1
2014-06-14 00:12,11.739,12.522,0.783,0
2014-06-15 01:04,11.844,12.437,0.593,-4
2014-06-16 01:57,11.773,12.161,0.388,3
2014-06-17 02:51,11.524,11.856,0.332,-3
2014-06-18 03:48,11.124,11.682,0.558,-12
2014-06-19 04:47,10.644,11.229,0.585,1
2014-06-19 17:27,10.558,10.901,0.343,-9
2014-06-20 18:26,10.513,10.865,0.352,-2
2014-06-21 19:24,10.479,10.934,0.455,-6
2014-06-22 20:23,10.473,10.947,0.474,-11
2014-06-23 21:19,10.5,10.783,0.283,-13
2014-06-24 22:10,10.531,10.826,0.295,-4
2014-06-25 22:56,10.534,10.947,0.413,-2
2014-06-26 23:39,10.495,10.849,0.354,9
2014-06-28 00:21,10.417,10.711,0.294,-3
2014-06-29 01:02,10.305,10.501,0.196,4
2014-06-30 01:42,10.158,10.281,0.123,6
2014-07-01 02:23,9.969,10.196,0.227,1
2014-07-02 03:04,9.736,10.038,0.302,2
2014-07-03 03:48,9.47,9.773,0.303,12
2014-07-04 17:04,9.326,9.471,0.145,8
2014-07-05 17:51,9.432,9.481,0.049,15
2014-07-06 18:39,9.622,9.723,0.101,-3
2014-07-07 19:29,9.908,10.383,0.475,1
2014-07-08 20:21,10.293,10.914,0.621,-3
2014-07-09 21:15,10.762,11.141,0.379,3
2014-07-10 22:07,11.253,11.488,0.235,-1
2014-07-11 23:00,11.676,11.8,0.124,6
2014-07-12 23:52,11.954,12.158,0.204,2
2014-07-14 00:46,12.048,12.414,0.366,8
2014-07-15 01:41,11.943,12.282,0.339,1
2014-07-16 02:36,11.64,11.951,0.311,6
2014-07-17 03:32,11.166,11.449,0.283,-2
2014-07-17 16:06,10.981,11.085,0.104,0
2014-07-18 17:03,10.783,10.55,-0.233,-9
2014-07-19 18:01,10.553,10.481,-0.072,-1
2014-07-20 19:00,10.338,10.419,0.081,0
2014-07-21 19:59,10.18,10.356,0.176,-5
2014-07-22 20:57,10.112,10.34,0.228,9
2014-07-23 21:50,10.122,10.57,0.448,-2
2014-07-24 22:37,10.162,10.645,0.483,5
2014-07-25 23:19,10.194,10.491,0.297,11
2014-07-26 23:59,10.198,10.56,0.362,13
2014-07-28 00:39,10.164,10.816,0.652,15
2014-07-29 01:18,10.081,10.694,0.613,-12
2014-07-30 01:56,9.945,10.153,0.208,4
2014-07-31 02:36,9.755,9.874,0.119,-6
2014-08-01 15:41,9.557,9.53,-0.027,7
2014-08-02 16:24,9.591,9.553,-0.038,6
2014-08-03 17:09,9.669,9.69,0.021,15
2014-08-04 17:59,9.814,10.097,0.283,7
2014-08-05 18:52,10.046,10.452,0.406,2
2014-08-06 19:49,10.374,10.914,0.54,17
2014-08-07 20:47,10.797,11.282,0.485,-17
2014-08-08 21:45,11.269,11.534,0.265,-3
2014-08-09 22:40,11.69,12.108,0.418,2
2014-08-10 23:35,11.962,12.332,0.37,7
2014-08-12 00:29,12.031,12.315,0.284,7
2014-08-13 01:24,11.886,12.279,0.393,0
2014-08-14 02:18,11.536,12.151,0.615,6
2014-08-14 14:47,11.383,11.862,0.479,1
2014-08-15 15:40,11.133,11.518,0.385,-4
2014-08-16 16:35,10.766,11.016,0.25,-5
2014-08-17 17:33,10.373,10.701,0.328,-9
2014-08-18 18:32,10.032,10.36,0.328,-2
2014-08-19 19:31,9.799,10.147,0.348,-1
2014-08-20 20:31,9.708,10.081,0.373,-1
2014-08-21 21:25,9.747,10.061,0.314,-7
2014-08-22 22:13,9.853,10.337,0.484,-1
2014-08-23 22:56,9.963,10.36,0.397,4
2014-08-24 23:35,10.038,10.281,0.243,7
2014-08-26 00:13,10.057,10.281,0.224,11
2014-08-27 00:51,10.013,10.087,0.074,3
2014-08-28 13:50,9.822,10.255,0.433,-8
2014-08-29 14:27,9.863,10.16,0.297,-3
2014-08-30 15:05,9.884,9.976,0.092,1
2014-08-31 15:47,9.898,9.868,-0.03,7
2014-09-01 16:34,9.923,10.186,0.263,2
2014-09-02 17:27,9.99,10.484,0.494,3
2014-09-03 18:23,10.133,10.265,0.132,7
2014-09-04 19:24,10.373,10.626,0.253,0
2014-09-05 20:25,10.717,10.947,0.23,-1
2014-09-06 21:26,11.128,11.629,0.501,-8
2014-09-07 22:23,11.505,11.78,0.275,1
2014-09-08 23:18,11.739,11.853,0.114,6
2014-09-10 00:12,11.769,12.033,0.264,6
2014-09-11 01:05,11.589,11.895,0.306,1
2014-09-11 13:30,11.67,12.158,0.488,6
2014-09-12 14:20,11.47,11.561,0.091,-2
2014-09-13 15:11,11.091,11.452,0.361,1
2014-09-14 16:04,10.603,10.717,0.114,-10
2014-09-15 17:00,10.109,10.629,0.52,0
2014-09-16 17:59,9.705,10.255,0.55,7
2014-09-17 18:59,9.446,10.133,0.687,1
2014-09-18 19:58,9.353,9.874,0.521,2
2014-09-19 20:54,9.41,9.536,0.126,12
2014-09-20 21:43,9.558,9.494,-0.064,5
2014-09-21 22:27,9.723,10.439,0.716,3
2014-09-23 11:28,9.798,9.615,-0.183,2
2014-09-24 12:04,9.993,9.946,-0.047,8
2014-09-25 12:39,10.132,9.592,-0.54,9
2014-09-26 13:16,10.222,10.176,-0.046,2
2014-09-27 13:53,10.274,10.222,-0.052,-11
2014-09-28 14:33,10.289,10.544,0.255,-3
2014-09-29 15:17,10.264,10.53,0.266,-5
2014-09-30 16:06,10.209,10.465,0.256,0
2014-10-01 17:02,10.162,10.957,0.795,-2
2014-10-02 18:02,10.178,11.177,0.999,4
2014-10-03 19:04,10.293,11.413,1.12,2
2014-10-04 20:08,10.515,11.879,1.364,10
2014-10-05 21:10,10.814,11.731,0.917,2
2014-10-06 22:08,11.101,11.629,0.528,4
2014-10-07 23:03,11.271,11.777,0.506,3
2014-10-08 11:27,11.617,12.266,0.649,3
2014-10-09 12:16,11.74,11.846,0.106,2
2014-10-10 13:05,11.641,11.567,-0.074,1
2014-10-11 13:53,11.35,11.42,0.07,1
2014-10-12 14:42,10.915,10.96,0.045,0
2014-10-13 15:32,10.398,10.252,-0.146,-2
2014-10-14 16:25,9.884,9.789,-0.095,-1
2014-10-15 17:22,9.458,9.444,-0.014,2
2014-10-16 18:20,9.177,10.009,0.832,-8
2014-10-17 19:18,9.054,9.536,0.482,12
2014-10-18 20:14,9.075,9.937,0.862,4
2014-10-19 21:06,9.205,9.674,0.469,0
2014-10-21 10:13,9.732,10.117,0.385,-1
2014-10-22 10:51,10.046,11.341,1.295,21
2014-10-23 11:28,10.306,12.335,2.029,20
2014-10-24 12:05,10.506,11.462,0.956,-5
2014-10-25 12:43,10.645,11.308,0.663,5
2014-10-26 13:24,10.724,11.311,0.587,0
2014-10-27 14:07,10.731,10.665,-0.066,-1
2014-10-28 14:54,10.656,11.013,0.357,-6
2014-10-29 15:45,10.505,10.809,0.304,-9
2014-10-30 16:43,10.323,10.537,0.214,-7
2014-10-31 17:45,10.18,10.557,0.377,-3
2014-11-01 18:49,10.127,11.787,1.66,5
2014-11-02 06:29,9.996,11.515,1.519,13
2014-11-03 07:29,10.431,10.15,-0.281,-5
2014-11-04 08:26,10.89,11.282,0.392,-2
2014-11-05 09:18,11.272,11.839,0.567,0
2014-11-06 10:07,11.492,11.81,0.318,11
2014-11-07 10:55,11.517,12.259,0.742,17
2014-11-08 11:42,11.362,11.016,-0.346,0
2014-11-09 12:28,11.063,11.311,0.248,-4
2014-11-10 13:15,10.664,10.809,0.145,-9
2014-11-11 14:02,10.208,10.685,0.477,4
2014-11-12 14:50,9.744,10.547,0.803,-8
2014-11-13 15:43,9.326,9.891,0.565,-1
2014-11-14 16:37,9.007,9.343,0.336,-7
2014-11-15 17:33,8.811,8.762,-0.049,-3
2014-11-17 06:59,9.067,9.09,0.023,37
2014-11-18 07:47,9.381,9.645,0.264,7
2014-11-19 08:32,9.748,9.028,-0.72,10
2014-11-20 09:13,10.128,10.366,0.238,5
2014-11-21 09:53,10.484,10.616,0.132,1
2014-11-22 10:33,10.787,10.311,-0.476,-9
2014-11-23 11:15,11.013,10.75,-0.263,-3
2014-11-24 12:00,11.14,12.115,0.975,0
2014-11-25 12:47,11.149,11.41,0.261,7
2014-11-26 13:36,11.027,11.633,0.606,0
2014-11-27 02:17,9.83,11.524,1.694,-29
2014-11-28 15:27,10.452,11.141,0.689,-9
2014-11-29 16:29,10.128,10.57,0.442,-5
2014-11-30 17:33,9.876,10.412,0.536,-9
2014-12-01 06:11,10.207,10.311,0.104,-17
2014-12-02 07:10,10.454,10.612,0.158,-4
2014-12-03 08:08,10.718,11.383,0.665,-14
2014-12-04 09:02,10.941,10.553,-0.388,-2
2014-12-05 09:51,11.06,11.173,0.113,3
2014-12-06 10:37,11.048,11.321,0.273,-1
2014-12-07 11:22,10.915,11.131,0.216,-10
2014-12-08 12:06,10.689,11.213,0.524,0
2014-12-09 12:50,10.395,12.145,1.75,4
2014-12-10 13:33,10.05,11.889,1.839,27
2014-12-11 14:18,9.673,10.55,0.877,0
2014-12-12 15:04,9.287,9.832,0.545,-10
2014-12-13 15:54,8.931,9.464,0.533,6
2014-12-15 05:20,8.863,9.323,0.46,4
2014-12-16 06:09,9.015,9.569,0.554,-3
2014-12-17 06:59,9.268,10.107,0.839,-5
2014-12-18 07:48,9.623,9.966,0.343,0
2014-12-19 08:35,10.057,10.439,0.382,1
2014-12-20 09:20,10.519,11.075,0.556,10
2014-12-21 10:05,10.945,11.426,0.481,-5
2014-12-22 10:51,11.276,11.807,0.531,3
2014-12-23 11:39,11.466,12.125,0.659,3
2014-12-24 12:29,11.49,12.335,0.845,1
2014-12-25 13:21,11.33,11.816,0.486,9
2014-12-26 14:15,10.993,10.645,-0.348,-3
2014-12-27 15:12,10.527,10.619,0.092,-12
2014-12-28 03:50,10.294,10.455,0.161,-8
2014-12-29 04:49,10.239,10.324,0.085,-7
2014-12-30 05:50,10.209,10.025,-0.184,-8
2014-12-31 06:51,10.222,10.189,-0.033,-15
2015-01-01 07:52,10.298,10.242,-0.056,2
2015-01-02 08:47,10.398,10.419,0.021,7
2015-01-03 09:37,10.473,10.133,-0.34,5
2015-01-04 10:23,10.483,11.013,0.53,-5
2015-01-04 22:59,9.277,10.11,0.833,-29
2015-01-06 11:47,10.3,9.805,-0.495,1
2015-01-07 12:27,10.123,10.816,0.693,-3
2015-01-08 13:08,9.89,10.068,0.178,-2
2015-01-09 01:40,9.109,9.228,0.119,2
2015-01-10 14:31,9.269,9.067,-0.202,-19
2015-01-11 15:16,8.914,8.805,-0.109,-16
2015-01-12 16:05,8.584,8.493,-0.091,1
2015-01-13 04:35,8.876,8.883,0.007,-23
2015-01-14 05:24,8.961,9.103,0.142,0
2015-01-15 06:15,9.161,9.677,0.516,-15
2015-01-16 07:07,9.497,9.855,0.358,-13
2015-01-17 08:00,9.965,9.543,-0.422,0
2015-01-18 08:52,10.513,10.645,0.132,14
2015-01-19 09:42,11.049,11.626,0.577,0
2015-01-20 10:32,11.48,11.488,0.008,-8
2015-01-21 11:22,11.736,11.803,0.067,-4
2015-01-22 12:14,11.78,12.394,0.614,-8
2015-01-23 13:06,11.598,11.702,0.104,-6
2015-01-24 14:00,11.197,12.177,0.98,-6
2015-01-26 03:28,10.597,10.655,0.058,-22
2015-01-27 04:26,10.318,13.611,3.293,34
2015-01-27 16:58,9.408,11.19,1.782,-4
2015-01-29 06:30,9.859,9.989,0.13,-6
2015-01-30 07:32,9.787,10.609,0.822,-8
2015-01-31 08:31,9.83,10.173,0.343,-1
2015-02-01 09:22,9.925,9.733,-0.192,-4
2015-02-02 10:07,10.006,11.337,1.331,17
2015-02-03 10:48,10.044,10.281,0.237,-24
2015-02-04 11:27,10.027,10.143,0.116,-3
2015-02-05 12:05,9.951,10.583,0.632,-5
2015-02-06 12:43,9.808,10.005,0.197,5
2015-02-07 13:21,9.595,9.858,0.263,-3
2015-02-08 14:01,9.316,10.176,0.86,-13
2015-02-09 14:42,8.992,10.511,1.519,0
2015-02-10 03:05,9.147,10.343,1.196,-23
2015-02-11 03:50,9.093,10.061,0.968,-14
2015-02-12 04:39,9.11,10.409,1.299,9
2015-02-13 05:32,9.239,9.625,0.386,-32
2015-02-14 06:28,9.511,10.192,0.681,-4
2015-02-15 07:27,9.937,12.105,2.168,-9
2015-02-16 08:24,10.486,9.09,-1.396,0
2015-02-17 09:19,11.055,11.085,0.03,-1
2015-02-18 10:12,11.521,12.355,0.834,-6
2015-02-19 11:05,11.794,12.853,1.059,-5
2015-02-20 11:57,11.83,11.249,-0.581,-9
2015-02-22 01:17,11.385,11.206,-0.179,-11
2015-02-23 02:09,11.178,11.068,-0.11,-15
2015-02-24 03:02,10.789,10.068,-0.721,4
2015-02-25 04:00,10.311,10.721,0.41,-18
2015-02-26 05:01,9.858,9.786,-0.072,5
2015-02-27 06:04,9.521,9.474,-0.047,-4
2015-02-28 07:08,9.36,8.815,-0.545,4
2015-03-01 08:09,9.381,8.962,-0.419,3
2015-03-02 09:02,9.51,9.458,-0.052,-2
2015-03-03 09:47,9.659,9.061,-0.598,7
2015-03-04 10:27,9.776,9.759,-0.017,3
2015-03-04 22:52,9.317,9.612,0.295,-4
2015-03-06 11:42,9.826,9.864,0.038,6
2015-03-07 12:18,9.744,9.569,-0.175,-6
2015-03-08 13:55,9.591,9.684,0.093,-13
2015-03-09 02:12,9.649,9.671,0.022,-6
2015-03-10 02:49,9.606,9.49,-0.116,-7
2015-03-11 03:29,9.537,9.769,0.232,-11
2015-03-12 04:12,9.468,9.631,0.163,-6
2015-03-13 05:02,9.437,8.729,-0.708,16
2015-03-14 05:57,9.491,9.257,-0.234,-3
2015-03-15 06:56,9.672,10.527,0.855,-8
2015-03-16 07:58,10.001,10.324,0.323,8
2015-03-17 09:00,10.464,11.091,0.627,0
2015-03-18 09:58,10.973,10.658,-0.315,14
2015-03-19 23:22,11.18,11.075,-0.105,-4
2015-03-21 00:13,11.59,11.794,0.204,-7
2015-03-22 01:03,11.761,12.273,0.512,-9
2015-03-22 13:32,11.424,10.534,-0.89,-8
2015-03-24 02:44,11.358,10.799,-0.559,-8
2015-03-25 03:36,10.857,10.53,-0.327,-12
2015-03-26 04:32,10.272,10.117,-0.155,-8
2015-03-27 05:31,9.726,9.95,0.224,-13
2015-03-28 06:33,9.318,10.179,0.861,-27
2015-03-29 07:36,9.1,9.448,0.348,-6
2015-03-30 08:37,9.079,9.185,0.106,5
2015-03-31 09:32,9.202,9.513,0.311,-2
2015-04-01 10:19,9.378,9.773,0.395,-7
2015-04-02 11:00,9.539,9.415,-0.124,6
2015-04-03 11:38,9.648,9.809,0.161,-2
2015-04-04 12:15,9.688,10.101,0.413,-3
2015-04-05 00:29,9.946,9.49,-0.456,1
2015-04-06 01:05,10.03,9.979,-0.051,-5
2015-04-07 01:41,10.062,10.514,0.452,-11
2015-04-08 02:18,10.054,10.202,0.148,-6
2015-04-09 02:59,10.012,10.422,0.41,1
2015-04-10 03:44,9.943,10.209,0.266,-2
2015-04-11 04:34,9.87,10.012,0.142,-22
2015-04-12 05:31,9.841,9.566,-0.275,-1
2015-04-13 06:32,9.905,9.851,-0.054,-2
2015-04-14 07:35,10.089,9.776,-0.313,-11
2015-04-15 08:38,10.392,10.468,0.076,4
2015-04-16 22:08,11.018,10.799,-0.219,-8
2015-04-17 23:00,11.522,11.508,-0.014,-6
2015-04-18 23:50,11.819,12.092,0.273,-2
2015-04-20 00:40,11.874,11.836,-0.038,-10
2015-04-21 01:30,11.698,12.515,0.817,-6
2015-04-22 02:20,11.323,11.915,0.592,-8
2015-04-23 03:10,10.806,11.41,0.604,2
2015-04-24 04:03,10.226,10.826,0.6,-9
2015-04-25 04:59,9.681,10.343,0.662,-5
2015-04-26 05:58,9.256,10.078,0.822,2
2015-04-27 06:57,8.992,9.815,0.823,-3
2015-04-28 07:56,8.896,9.809,0.913,4
2015-04-29 08:51,8.947,9.887,0.94,-9
2015-04-29 21:19,9.215,9.914,0.699,5
2015-04-30 22:02,9.527,10.11,0.583,4
2015-05-01 22:41,9.824,10.225,0.401,1
2015-05-02 23:19,10.073,10.432,0.359,5
2015-05-03 23:55,10.262,10.402,0.14,-1
2015-05-05 00:33,10.397,10.458,0.061,-3
2015-05-06 01:12,10.484,10.478,-0.006,-6
2015-05-07 01:52,10.525,10.544,0.019,-4
2015-05-08 02:35,10.512,10.685,0.173,-5
2015-05-09 03:22,10.438,10.458,0.02,-10
2015-05-10 04:14,10.313,10.219,-0.094,-8
2015-05-11 05:12,10.184,10.356,0.172,0
2015-05-12 06:13,10.104,10.422,0.318,-7
2015-05-13 19:52,10.323,10.468,0.145,-4
2015-05-14 20:51,10.778,10.589,-0.189,-3
2015-05-15 21:47,11.221,11.134,-0.087,1
2015-05-16 22:39,11.555,11.698,0.143,3
2015-05-17 23:29,11.711,11.885,0.174,1
2015-05-19 00:19,11.67,11.767,0.097,-1
2015-05-20 01:08,11.455,11.853,0.398,-2
2015-05-21 01:57,11.105,11.114,0.009,3
2015-05-22 02:45,10.659,10.855,0.196,-3
2015-05-23 03:34,10.166,10.087,-0.079,-10
2015-05-24 04:26,9.686,9.002,-0.684,4
2015-05-25 05:20,9.276,8.962,-0.314,-2
2015-05-25 18:00,9.002,8.726,-0.276,0
2015-05-26 18:51,9.02,8.795,-0.225,9
2015-05-27 19:42,9.141,8.811,-0.33,6
2015-05-28 20:31,9.354,9.054,-0.3,11
2015-05-29 21:18,9.631,9.425,-0.206,0
2015-05-30 22:01,9.936,9.635,-0.301,-1
2015-05-31 22:42,10.234,10.097,-0.137,0
2015-06-01 23:22,10.5,10.931,0.431,8
2015-06-03 00:02,10.721,10.993,0.272,-2
2015-06-04 00:45,10.887,10.908,0.021,3
2015-06-05 01:29,10.983,10.96,-0.023,-5
2015-06-06 02:16,10.99,11.15,0.16,-4
2015-06-07 03:05,10.889,10.816,-0.073,1
2015-06-08 03:59,10.69,10.727,0.037,-5
2015-06-09 17:36,10.253,10.622,0.369,6
2015-06-10 18:34,10.436,10.55,0.114,-4
2015-06-11 19:32,10.649,10.734,0.085,-2
2015-06-12 20:31,10.88,11.101,0.221,-7
2015-06-13 21:28,11.106,11.324,0.218,2
2015-06-14 22:21,11.27,11.416,0.146,-3
2015-06-15 23:12,11.321,11.436,0.115,6
2015-06-17 00:01,11.246,11.485,0.239,5
2015-06-18 00:48,11.059,11.17,0.111,6
2015-06-19 01:35,10.789,11.045,0.256,7
2015-06-20 02:20,10.456,10.668,0.212,4
2015-06-21 03:06,10.08,10.294,0.214,0
2015-06-22 03:52,9.685,9.976,0.291,-4
2015-06-23 04:41,9.306,9.668,0.362,13
2015-06-23 17:17,9.203,9.75,0.547,7
2015-06-24 18:05,9.201,9.487,0.286,-11
2015-06-25 18:53,9.267,9.425,0.158,1
2015-06-26 19:42,9.409,9.589,0.18,0
2015-06-27 20:31,9.635,9.786,0.151,5
2015-06-28 21:19,9.945,10.721,0.776,5
2015-06-29 22:05,10.307,10.708,0.401,1
2015-06-30 22:49,10.676,11.098,0.422,-1
2015-07-01 23:34,11.006,11.606,0.6,8
2015-07-03 00:21,11.255,11.784,0.529,9
2015-07-04 01:09,11.395,11.757,0.362,-3
2015-07-05 01:58,11.398,11.705,0.307,8
2015-07-06 02:50,11.246,11.223,-0.023,4
2015-07-07 03:44,10.949,11.036,0.087,-8
2015-07-08 17:16,10.709,10.924,0.215,2
2015-07-09 18:14,10.703,10.967,0.264,4
2015-07-10 19:13,10.692,11.049,0.357,-1
2015-07-11 20:13,10.702,11.023,0.321,5
2015-07-12 21:12,10.749,11.111,0.362,0
2015-07-13 22:07,10.807,11.397,0.59,-1
2015-07-14 22:57,10.824,11.652,0.828,9
2015-07-15 23:45,10.772,11.452,0.68,9
2015-07-17 00:30,10.653,11.088,0.435,6
2015-07-18 01:13,10.475,10.855,0.38,11
2015-07-19 01:55,10.247,10.698,0.451,11
2015-07-20 02:37,9.971,10.468,0.497,5
2015-07-21 03:20,9.652,10.448,0.796,4
2015-07-21 15:50,9.425,10.209,0.784,4
2015-07-22 16:33,9.357,10.009,0.652,-3
2015-07-23 17:19,9.315,9.648,0.333,5
2015-07-24 18:07,9.326,9.861,0.535,5
2015-07-25 18:56,9.418,9.838,0.42,4
2015-07-26 19:47,9.614,10.015,0.401,7
2015-07-27 20:39,9.933,10.373,0.44,3
2015-07-28 21:30,10.356,10.803,0.447,0
2015-07-29 22:20,10.822,11.252,0.43,10
2015-07-30 23:09,11.246,11.685,0.439,3
2015-07-31 23:58,11.557,12.056,0.499,8
2015-08-02 00:49,11.709,12.004,0.295,5
2015-08-03 01:40,11.679,11.941,0.262,2
2015-08-04 02:33,11.457,11.718,0.261,3
2015-08-05 15:58,11.135,11.321,0.186,20
2015-08-06 16:54,10.953,10.996,0.043,-6
2015-08-07 17:53,10.725,10.94,0.215,1
2015-08-08 18:54,10.511,10.993,0.482,-6
2015-08-09 19:56,10.362,11.121,0.759,-2
2015-08-10 20:57,10.314,10.619,0.305,9
2015-08-11 21:54,10.341,11.088,0.747,0
2015-08-12 22:43,10.377,10.996,0.619,5
2015-08-13 23:28,10.375,10.648,0.273,14
2015-08-15 00:10,10.322,10.56,0.238,14
2015-08-16 00:50,10.216,10.419,0.203,16
2015-08-17 01:30,10.059,10.199,0.14,6
2015-08-18 02:09,9.848,9.943,0.095,9
2015-08-18 14:32,9.66,9.878,0.218,4
2015-08-19 15:11,9.598,9.802,0.204,7
2015-08-20 15:52,9.51,9.723,0.213,2
2015-08-21 16:36,9.427,9.576,0.149,-6
2015-08-22 17:23,9.395,9.612,0.217,7
2015-08-23 18:14,9.456,9.878,0.422,4
2015-08-24 19:07,9.639,10.252,0.613,-1
2015-08-25 20:03,9.961,10.53,0.569,-3
2015-08-26 20:59,10.409,10.852,0.443,1
2015-08-27 21:53,10.921,11.108,0.187,1
2015-08-28 22:45,11.388,11.59,0.202,9
2015-08-29 23:37,11.715,11.79,0.075,5
2015-08-31 00:29,11.846,12.03,0.184,1
2015-09-01 13:49,11.698,11.879,0.181,-1
2015-09-02 14:40,11.643,11.954,0.311,2
2015-09-03 15:34,11.387,11.656,0.269,2
2015-09-04 16:31,10.997,11.269,0.272,5
2015-09-05 17:31,10.577,10.488,-0.089,-7
2015-09-06 18:34,10.22,10.376,0.156,-4
2015-09-07 19:38,9.987,9.802,-0.185,-2
2015-09-08 20:40,9.904,10.511,0.607,-10
2015-09-09 21:36,9.936,10.291,0.355,6
2015-09-10 22:25,10.005,10.629,0.624,11
2015-09-11 23:08,10.05,10.599,0.549,10
2015-09-12 23:47,10.049,10.635,0.586,7
2015-09-14 00:25,9.992,10.635,0.643,5
2015-09-14 12:45,9.881,10.114,0.233,9
2015-09-15 13:21,9.908,9.75,-0.158,3
2015-09-16 13:57,9.882,9.917,0.035,-3
2015-09-17 14:35,9.81,9.96,0.15,1
2015-09-18 15:14,9.708,9.943,0.235,-2
2015-09-19 15:57,9.607,9.914,0.307,-3
2015-09-20 16:45,9.547,9.717,0.17,-15
2015-09-21 17:37,9.575,9.779,0.204,-13
2015-09-22 18:33,9.725,9.884,0.159,3
2015-09-23 19:32,10.01,10.11,0.1,-2
2015-09-24 20:31,10.419,10.445,0.026,5
2015-09-25 21:29,10.896,10.904,0.008,1
2015-09-26 22:23,11.336,11.295,-0.041,1
2015-09-28 11:42,11.757,11.347,-0.41,6
2015-09-29 12:33,12.03,11.971,-0.059,3
2015-09-30 13:24,12.058,12.433,0.375,0
2015-10-01 14:16,11.845,12.151,0.306,-4
2015-10-02 15:09,11.429,12.082,0.653,-3
2015-10-03 16:06,10.891,11.57,0.679,-6
2015-10-04 17:06,10.347,10.98,0.633,0
2015-10-05 18:09,9.907,10.494,0.587,3
2015-10-06 19:13,9.625,10.363,0.738,5
2015-10-07 20:14,9.51,10.248,0.738,-2
2015-10-08 21:11,9.531,10.061,0.53,1
2015-10-09 21:59,9.617,10.416,0.799,7
2015-10-10 10:24,9.642,9.815,0.173,0
2015-10-11 11:02,9.855,9.95,0.095,10
2015-10-12 11:37,10.017,10.622,0.605,11
2015-10-13 12:12,10.115,10.858,0.743,6
2015-10-14 12:48,10.146,10.586,0.44,12
2015-10-15 13:24,10.122,10.586,0.464,0
2015-10-16 14:02,10.057,10.402,0.345,-2
2015-10-17 14:42,9.968,10.209,0.241,-6
2015-10-18 15:25,9.871,9.759,-0.112,-1
2015-10-19 16:13,9.789,9.631,-0.158,-7
2015-10-20 17:07,9.761,9.198,-0.563,-1
2015-10-21 18:05,9.828,9.828,0.0,-5
2015-10-22 19:06,10.01,10.189,0.179,-12
2015-10-24 08:42,10.363,10.57,0.207,-6
2015-10-25 09:37,11.028,11.272,0.244,-7
2015-10-26 10:29,11.617,11.59,-0.027,1
2015-10-27 11:19,12.02,11.748,-0.272,5
2015-10-28 12:10,12.179,12.0,-0.179,-4
2015-10-29 13:01,12.086,12.663,0.577,-1
2015-10-30 13:53,11.771,11.639,-0.132,1
2015-10-31 14:45,11.282,11.37,0.088,-9
2015-11-01 14:40,10.692,11.111,0.419,-4
2015-11-02 15:37,10.102,10.133,0.031,-1
2015-11-03 16:38,9.611,9.878,0.267,4
2015-11-04 17:39,9.274,9.261,-0.013,9
2015-11-05 18:38,9.097,9.349,0.252,4
2015-11-06 07:14,9.156,9.559,0.403,-2
2015-11-07 20:25,9.134,9.221,0.087,-1
2015-11-08 08:47,9.64,9.175,-0.465,13
2015-11-09 09:27,9.894,9.49,-0.404,-3
2015-11-10 10:04,10.1,10.104,0.004,2
2015-11-11 10:40,10.24,11.675,1.435,-4
2015-11-12 11:17,10.317,11.055,0.738,1
2015-11-13 11:55,10.341,10.914,0.573,-7
2015-11-14 12:34,10.327,10.084,-0.243,14
2015-11-15 13:15,10.279,10.343,0.064,-3
2015-11-16 14:00,10.195,10.265,0.07,-6
2015-11-17 14:49,10.08,9.933,-0.147,-13
2015-11-18 15:43,9.962,9.753,-0.209,-7
2015-11-19 16:42,9.89,10.094,0.204,-6
2015-11-20 17:43,9.9,10.232,0.332,-1
2015-11-22 07:18,10.601,10.885,0.284,0
2015-11-23 08:15,11.123,11.252,0.129,3
2015-11-24 09:09,11.572,11.009,-0.563,-3
2015-11-25 10:00,11.856,11.41,-0.446,-6
2015-11-26 10:51,11.926,11.324,-0.602,-3
2015-11-27 11:41,11.782,11.19,-0.592,-5
2015-11-28 12:32,11.458,11.561,0.103,-2
2015-11-29 13:22,10.997,11.026,0.029,-10
2015-11-30 14:13,10.451,10.317,-0.134,-7
2015-12-01 15:06,9.884,9.651,-0.233,6
2015-12-02 16:01,9.37,9.828,0.458,17
2015-12-03 04:42,8.997,9.756,0.759,24
2015-12-04 05:35,8.955,8.841,-0.114,13
2015-12-05 06:27,9.026,8.693,-0.333,-3
2015-12-06 07:18,9.197,8.949,-0.248,12
2015-12-07 08:05,9.44,9.097,-0.343,1
2015-12-08 08:49,9.717,10.422,0.705,5
2015-12-09 09:30,9.985,10.35,0.365,6
2015-12-10 10:09,10.219,10.655,0.436,3
2015-12-11 10:48,10.404,11.055,0.651,-6
2015-12-12 11:28,10.539,10.727,0.188,2
2015-12-13 12:10,10.617,10.819,0.202,-4
2015-12-14 12:54,10.627,11.374,0.747,-12
2015-12-15 13:40,10.551,11.354,0.803,-4
2015-12-16 14:29,10.381,11.295,0.914,-5
2015-12-17 15:23,10.141,10.826,0.685,1
2015-12-18 16:22,9.89,10.757,0.867,-22
2015-12-20 05:58,10.272,9.313,-0.959,2
2015-12-21 06:57,10.557,10.196,-0.361,21
2015-12-22 07:56,10.868,10.885,0.017,-8
2015-12-23 08:53,11.156,11.518,0.362,1
2015-12-24 09:46,11.347,12.004,0.657,2
2015-12-25 10:36,11.388,11.574,0.186,-12
2015-12-26 11:25,11.272,11.318,0.046,-1
2015-12-27 12:13,11.019,11.242,0.223,-1
2015-12-28 13:00,10.655,10.681,0.026,0
2015-12-29 13:46,10.209,11.311,1.102,-4
2015-12-30 02:22,9.378,10.475,1.097,-4
2015-12-31 03:09,9.164,9.595,0.431,33
2016-01-01 04:00,8.922,9.32,0.398,0
2016-01-02 04:50,8.84,8.887,0.047,10
2016-01-03 05:41,8.846,9.353,0.507,-5
2016-01-04 06:32,8.947,9.684,0.737,-2
2016-01-05 07:23,9.146,9.74,0.594,25
2016-01-06 08:11,9.439,9.307,-0.132,1
2016-01-07 08:57,9.793,9.999,0.206,15
2016-01-08 09:40,10.163,11.078,0.915,-4
2016-01-09 10:22,10.508,11.541,1.033,8
2016-01-10 11:05,10.791,12.276,1.485,-11
2016-01-11 11:49,10.982,11.269,0.287,5
2016-01-12 12:35,11.051,11.715,0.664,1
2016-01-13 13:23,10.97,10.537,-0.433,1
2016-01-14 14:13,10.73,10.648,-0.082,-7
2016-01-16 03:41,10.256,11.105,0.849,-17
2016-01-17 04:38,10.24,11.544,1.304,-8
2016-01-18 05:38,10.234,11.226,0.992,-2
2016-01-19 06:39,10.27,9.825,-0.445,-9
2016-01-20 07:42,10.377,10.124,-0.253,-12
2016-01-21 08:41,10.538,10.586,0.048,-11
2016-01-22 09:35,10.681,11.118,0.437,1
2016-01-23 10:25,10.739,12.131,1.392,-1
2016-01-24 11:12,10.689,12.348,1.659,-12
2016-01-25 11:57,10.534,11.114,0.58,-9
2016-01-26 12:40,10.289,11.049,0.76,-4
2016-01-27 13:22,9.966,10.022,0.056,2
2016-01-28 14:04,9.579,10.176,0.597,-4
2016-01-29 14:48,9.153,10.452,1.299,-18
2016-01-30 03:15,9.048,10.002,0.954,-15
2016-01-31 04:02,8.902,9.533,0.631,-20
2016-02-01 04:51,8.81,9.559,0.749,-3
2016-02-02 05:42,8.809,9.284,0.475,0
2016-02-03 06:35,8.931,9.152,0.221,1
2016-02-04 07:28,9.202,9.382,0.18,-16
2016-02-05 08:20,9.612,10.311,0.699,-14
2016-02-06 09:09,10.104,10.327,0.223,21
2016-02-07 09:55,10.594,10.783,0.189,5
2016-02-08 10:41,11.007,12.968,1.961,-17
2016-02-09 11:28,11.281,12.978,1.697,-22
2016-02-10 12:16,11.377,12.374,0.997,2
2016-02-11 13:05,11.268,12.177,0.909,-11
2016-02-13 02:24,10.856,11.534,0.678,-6
2016-02-14 03:18,10.677,11.085,0.408,-12
2016-02-15 04:16,10.412,10.222,-0.19,-4
2016-02-16 05:18,10.149,10.419,0.27,-12
2016-02-17 06:22,9.965,10.501,0.536,-28
2016-02-18 07:28,9.919,10.186,0.267,2
2016-02-19 08:30,10.008,10.576,0.568,0
2016-02-20 09:25,10.144,10.757,0.613,-1
2016-02-21 10:13,10.237,10.849,0.612,5
2016-02-22 10:57,10.251,10.737,0.486,-3
2016-02-23 11:38,10.179,10.58,0.401,-2
2016-02-24 12:17,10.03,10.724,0.694,-5
2016-02-25 12:56,9.808,10.911,1.103,-2
2016-02-26 01:17,9.565,10.192,0.627,-23
2016-02-27 01:55,9.453,9.517,0.064,-1
2016-02-28 02:35,9.292,9.267,-0.025,-17
2016-02-29 03:18,9.109,9.677,0.568,-6
2016-03-01 04:05,8.953,9.005,0.052,1
2016-03-02 04:56,8.882,9.805,0.923,-8
2016-03-03 05:50,8.946,8.723,-0.223,-20
2016-03-04 19:26,8.312,9.287,0.975,16
2016-03-05 07:43,9.595,10.813,1.218,17
2016-03-06 08:37,10.134,10.156,0.022,5
2016-03-07 09:28,10.695,10.803,0.108,-4
2016-03-08 10:17,11.168,11.101,-0.067,1
2016-03-09 11:07,11.47,11.816,0.346,-7
2016-03-11 00:22,11.476,12.164,0.688,-10
2016-03-11 12:48,11.419,11.856,0.437,-12
2016-03-13 03:02,11.369,11.393,0.024,-68
2016-03-14 03:56,10.998,11.357,0.359,-14
2016-03-15 04:55,10.524,11.236,0.712,-7
2016-03-16 05:58,10.07,11.006,0.936,-4
2016-03-17 07:04,9.741,10.911,1.17,8
2016-03-18 08:11,9.596,10.599,1.003,7
2016-03-19 09:15,9.63,10.317,0.687,-3
2016-03-20 10:10,9.748,10.166,0.418,-10
2016-03-21 10:56,9.854,10.898,1.044,-2
2016-03-21 23:21,9.572,10.025,0.453,-3
2016-03-23 12:16,9.885,9.907,0.022,-10
2016-03-24 12:54,9.803,10.386,0.583,0
2016-03-25 13:31,9.658,10.412,0.754,-1
2016-03-26 01:45,9.831,10.297,0.466,-9
2016-03-27 02:21,9.741,9.871,0.13,21
2016-03-28 03:00,9.597,9.937,0.34,0
2016-03-29 03:41,9.424,9.72,0.296,1
2016-03-30 04:26,9.264,9.162,-0.102,10
2016-03-31 05:16,9.172,8.969,-0.203,-4
2016-04-01 06:11,9.202,9.267,0.065,1
2016-04-02 19:49,8.768,9.513,0.745,-1
2016-04-03 08:07,9.734,10.694,0.96,17
2016-04-04 21:39,10.019,9.982,-0.037,-3
2016-04-05 22:29,10.746,11.157,0.411,-5
2016-04-06 23:18,11.379,11.337,-0.042,0
2016-04-08 00:07,11.823,12.794,0.971,5
2016-04-09 00:57,12.027,12.23,0.203,-3
2016-04-10 01:48,11.971,12.282,0.311,-6
2016-04-11 02:41,11.668,11.301,-0.367,-11
2016-04-12 03:35,11.17,11.213,0.043,-5
2016-04-13 04:34,10.58,10.504,-0.076,-10
2016-04-14 05:37,10.029,10.176,0.147,-7
2016-04-15 06:42,9.617,10.078,0.461,-12
2016-04-16 07:48,9.39,10.17,0.78,-6
2016-04-17 08:50,9.341,9.825,0.484,-2
2016-04-18 09:45,9.407,9.845,0.438,-3
2016-04-19 10:31,9.5,10.324,0.824,-7
2016-04-19 22:51,9.741,10.137,0.396,-9
2016-04-20 23:27,9.917,10.229,0.312,-3
2016-04-22 12:29,9.563,10.429,0.866,-5
2016-04-23 00:38,10.087,10.996,0.909,-8
2016-04-24 01:14,10.077,10.675,0.598,-2
2016-04-25 01:51,10.014,10.55,0.536,-3
2016-04-26 02:29,9.911,10.416,0.505,-5
2016-04-27 03:10,9.789,10.576,0.787,2
2016-04-28 03:55,9.669,10.199,0.53,-25
2016-04-29 04:44,9.586,9.969,0.383,-8
2016-04-30 05:39,9.582,9.73,0.148,-15
2016-05-01 06:37,9.685,9.72,0.035,-13
2016-05-02 20:13,9.96,10.288,0.328,-13
2016-05-03 21:08,10.612,10.855,0.243,-2
2016-05-04 22:01,11.269,12.03,0.761,-13
2016-05-05 22:53,11.809,12.794,0.985,-11
2016-05-06 23:43,12.142,12.561,0.419,-1
2016-05-08 00:35,12.227,13.011,0.784,-5
2016-05-09 01:28,12.069,12.463,0.394,-10
2016-05-10 02:21,11.699,11.784,0.085,-9
2016-05-11 03:15,11.169,11.305,0.136,-9
2016-05-12 04:12,10.563,10.816,0.253,-6
2016-05-13 05:12,9.988,10.445,0.457,-6
2016-05-14 06:14,9.529,10.219,0.69,-14
2016-05-14 18:56,9.262,9.91,0.648,-8
2016-05-15 19:52,9.278,9.73,0.452,-4
2016-05-16 20:45,9.406,9.166,-0.24,-3
2016-05-17 21:32,9.605,9.713,0.108,-8
2016-05-18 22:15,9.821,9.828,0.007,3
2016-05-19 22:53,10.012,9.966,-0.046,1
2016-05-20 23:30,10.152,10.074,-0.078,0
2016-05-22 00:08,10.234,10.396,0.162,4
2016-05-23 00:45,10.265,10.744,0.479,3
2016-05-24 01:24,10.258,10.796,0.538,-6
2016-05-25 02:03,10.224,10.626,0.402,-3
2016-05-26 02:45,10.169,10.37,0.201,3
2016-05-27 03:30,10.093,10.206,0.113,-6
2016-05-28 04:19,10.006,10.199,0.193,-13
2016-05-29 05:14,9.937,10.238,0.301,-2
2016-05-30 18:48,10.039,10.12,0.081,0
2016-05-31 19:44,10.489,10.629,0.14,-2
2016-06-01 20:41,10.986,11.118,0.132,-5
2016-06-02 21:37,11.47,11.741,0.271,-7
2016-06-03 22:30,11.852,12.204,0.352,0
2016-06-04 23:23,12.055,12.437,0.382,1
2016-06-06 00:16,12.051,12.939,0.888,2
2016-06-07 01:09,11.852,12.62,0.768,3
2016-06-08 02:02,11.492,12.427,0.935,4
2016-06-09 02:54,11.008,11.557,0.549,0
2016-06-10 03:47,10.453,10.947,0.494,1
2016-06-11 04:42,9.901,10.327,0.426,-6
2016-06-12 05:39,9.421,10.258,0.837,3
2016-06-12 18:17,9.381,10.14,0.759,1
2016-06-13 19:09,9.354,10.022,0.668,-3
2016-06-14 19:59,9.415,9.845,0.43,1
2016-06-15 20:48,9.557,10.058,0.501,0
2016-06-16 21:35,9.753,10.425,0.672,1
2016-06-17 22:17,9.962,10.202,0.24,13
2016-06-18 22:58,10.152,10.173,0.021,2
2016-06-19 23:37,10.306,10.192,-0.114,-1
2016-06-21 00:17,10.423,10.74,0.317,7
2016-06-22 00:58,10.506,10.891,0.385,14
2016-06-23 01:40,10.554,10.845,0.291,2
2016-06-24 02:23,10.553,10.832,0.279,-5
2016-06-25 03:09,10.488,10.57,0.082,-3
2016-06-26 03:59,10.355,10.297,-0.058,-5
2016-06-27 04:53,10.178,10.261,0.083,-5
2016-06-28 18:24,10.487,10.389,-0.098,-6
2016-06-29 19:20,10.753,10.957,0.204,-2
2016-06-30 20:19,11.031,11.157,0.126,-7
2016-07-01 21:17,11.31,11.528,0.218,1
2016-07-02 22:13,11.539,11.734,0.195,-1
2016-07-03 23:07,11.654,11.57,-0.084,-1
2016-07-05 00:00,11.62,11.78,0.16,6
2016-07-06 00:52,11.442,11.862,0.42,2
2016-07-07 01:42,11.141,11.649,0.508,0
2016-07-08 02:31,10.738,11.285,0.547,5
2016-07-09 03:20,10.264,11.072,0.808,10
2016-07-10 04:10,9.765,10.53,0.765,2
2016-07-11 05:01,9.296,9.884,0.588,5
2016-07-12 18:22,9.339,9.559,0.22,8
2016-07-13 19:12,9.336,9.631,0.295,12
2016-07-14 20:03,9.415,9.74,0.325,3
2016-07-15 20:53,9.582,9.897,0.315,1
2016-07-16 21:40,9.821,10.091,0.27,8
2016-07-17 22:25,10.094,10.34,0.246,-13
2016-07-18 23:07,10.364,10.553,0.189,-1
2016-07-19 23:50,10.603,10.773,0.17,-2
2016-07-21 00:33,10.79,10.918,0.128,-3
2016-07-22 01:17,10.905,11.236,0.331,-5
2016-07-23 02:02,10.924,11.239,0.315,10
2016-07-24 02:50,10.824,11.036,0.212,-2
2016-07-25 03:40,10.603,10.944,0.341,-4
2016-07-25 16:12,10.59,11.009,0.419,-6
2016-07-26 17:05,10.662,11.036,0.374,1
2016-07-27 18:02,10.705,11.052,0.347,4
2016-07-28 19:01,10.742,11.167,0.425,-1
2016-07-29 20:02,10.806,11.36,0.554,-2
2016-07-30 21:03,10.919,11.321,0.402,3
2016-07-31 22:01,11.052,11.442,0.39,-1
2016-08-01 22:56,11.134,11.498,0.364,-2
2016-08-02 23:46,11.114,11.587,0.473,2
2016-08-04 00:35,10.98,11.262,0.282,7
2016-08-05 01:22,10.745,11.003,0.258,2
2016-08-06 02:07,10.424,10.704,0.28,5
2016-08-07 02:51,10.037,10.425,0.388,9
2016-08-08 16:02,9.589,9.746,0.157,4
2016-08-09 16:47,9.424,9.638,0.214,1
2016-08-10 17:36,9.295,9.264,-0.031,6
2016-08-11 18:26,9.233,9.415,0.182,16
2016-08-12 19:18,9.264,9.507,0.243,18
2016-08-13 20:10,9.414,10.005,0.591,2
2016-08-14 21:02,9.689,10.061,0.372,-2
2016-08-15 21:51,10.055,10.337,0.282,9
2016-08-16 22:37,10.45,10.796,0.346,11
2016-08-17 23:22,10.81,11.078,0.268,14
2016-08-19 00:07,11.082,11.446,0.364,-1
2016-08-20 00:54,11.23,11.528,0.298,0
2016-08-21 01:41,11.23,11.488,0.258,1
2016-08-21 14:09,10.997,11.37,0.373,3
2016-08-22 14:57,11.111,11.196,0.085,3
2016-08-23 15:49,11.077,10.872,-0.205,-1
2016-08-24 16:44,10.929,10.642,-0.287,-2
2016-08-25 17:43,10.734,10.711,-0.023,-1
2016-08-26 18:45,10.562,10.763,0.201,3
2016-08-27 19:49,10.468,10.701,0.233,5
2016-08-28 20:53,10.483,10.717,0.234,1
2016-08-29 21:52,10.572,10.622,0.05,2
2016-08-30 22:45,10.645,11.141,0.496,3
2016-08-31 23:32,10.64,11.269,0.629,4
2016-09-02 00:17,10.541,11.183,0.642,1
2016-09-03 01:00,10.358,10.675,0.317,0
2016-09-04 14:02,9.975,10.402,0.427,-2
2016-09-05 14:41,9.846,10.576,0.73,-5
2016-09-06 15:21,9.673,10.101,0.428,-3
2016-09-07 16:05,9.477,9.917,0.44,1
2016-09-08 16:52,9.298,9.832,0.534,-4
2016-09-09 17:42,9.187,9.572,0.385,6
2016-09-10 18:35,9.189,9.871,0.682,7
2016-09-11 19:29,9.334,9.608,0.274,-11
2016-09-12 20:24,9.632,9.651,0.019,0
2016-09-13 21:16,10.056,10.337,0.281,2
2016-09-14 22:06,10.532,10.553,0.021,-6
2016-09-15 22:54,10.966,11.141,0.175,0
2016-09-16 23:42,11.281,11.301,0.02,0
2016-09-18 00:30,11.427,11.492,0.065,0
2016-09-18 12:54,11.514,11.616,0.102,0
2016-09-19 13:43,11.688,11.787,0.099,5
2016-09-20 14:33,11.654,11.551,-0.103,-9
2016-09-21 15:26,11.421,11.15,-0.271,-2
2016-09-22 16:23,11.051,10.954,-0.097,1
2016-09-23 17:25,10.651,10.944,0.293,-1
2016-09-24 18:30,10.324,10.652,0.328,-6
2016-09-25 19:36,10.129,10.412,0.283,6
2016-09-26 20:41,10.083,10.435,0.352,1
2016-09-28 10:13,9.806,10.576,0.77,-1
2016-09-28 22:31,10.188,11.203,1.015,5
2016-09-30 11:37,10.114,10.645,0.531,5
2016-10-01 12:15,10.165,10.767,0.602,-3
2016-10-02 12:51,10.155,10.504,0.349,3
2016-10-03 01:15,9.79,10.37,0.58,3
2016-10-04 14:06,9.963,10.35,0.387,-6
2016-10-05 14:45,9.789,9.907,0.118,-3
2016-10-06 15:27,9.584,9.69,0.106,-3
2016-10-07 16:12,9.386,9.418,0.032,-6
2016-10-08 17:02,9.25,9.595,0.345,-2
2016-10-09 17:55,9.23,9.963,0.733,-1
2016-10-10 18:51,9.356,9.346,-0.01,-9
2016-10-11 19:47,9.632,9.966,0.334,1
2016-10-12 20:42,10.037,10.33,0.293,0
2016-10-13 21:36,10.508,10.901,0.393,-12
2016-10-14 22:27,10.946,11.0,0.054,3
2016-10-15 23:18,11.258,11.397,0.139,0
2016-10-16 11:39,11.811,11.892,0.081,-3
2016-10-17 12:28,12.105,12.358,0.253,2
2016-10-18 13:19,12.158,12.811,0.653,5
2016-10-19 14:11,11.969,12.168,0.199,1
2016-10-20 15:06,11.572,11.744,0.172,0
2016-10-21 16:04,11.044,11.748,0.704,2
2016-10-22 17:06,10.504,11.58,1.076,-12
2016-10-23 18:12,10.067,9.848,-0.219,0
2016-10-24 19:18,9.784,9.937,0.153,18
2016-10-25 20:22,9.658,9.602,-0.056,-10
2016-10-27 09:48,9.827,9.858,0.031,0
2016-10-28 10:31,10.009,10.901,0.892,-1
2016-10-29 11:09,10.14,10.593,0.453,15
2016-10-30 11:45,10.21,10.691,0.481,-3
2016-10-31 12:21,10.219,10.612,0.393,9
2016-11-01 12:57,10.167,10.353,0.186,9
2016-11-02 13:35,10.06,10.222,0.162,-5
2016-11-03 14:14,9.909,10.754,0.845,-8
2016-11-04 14:54,9.734,10.133,0.399,-6
2016-11-05 15:38,9.56,9.74,0.18,-2
2016-11-06 15:26,9.423,9.73,0.307,-26
2016-11-07 16:19,9.368,9.477,0.109,5
2016-11-08 17:15,9.43,9.782,0.352,9
2016-11-09 18:12,9.615,10.114,0.499,-6
2016-11-10 19:11,9.912,10.274,0.362,-11
2016-11-11 07:42,10.351,10.36,0.009,0
2016-11-12 08:34,11.042,10.685,-0.357,-4
2016-11-13 09:25,11.665,10.799,-0.866,-7
2016-11-14 10:15,12.115,12.063,-0.052,-3
2016-11-15 11:06,12.323,12.463,0.14,-12
2016-11-16 11:58,12.276,12.82,0.544,-4
2016-11-17 12:51,11.995,12.22,0.225,-3
2016-11-18 13:46,11.52,12.263,0.743,2
2016-11-19 14:43,10.922,11.459,0.537,-13
2016-11-20 15:44,10.305,10.75,0.445,-14
2016-11-21 16:47,9.774,9.96,0.186,-5
2016-11-22 17:50,9.387,9.129,-0.258,-2
2016-11-24 07:25,9.489,9.668,0.179,5
2016-11-25 08:15,9.649,9.894,0.245,3
2016-11-26 08:59,9.831,10.255,0.424,1
2016-11-27 09:39,9.993,10.924,0.931,9
2016-11-28 10:16,10.111,9.625,-0.486,14
2016-11-29 10:53,10.171,10.455,0.284,7
2016-11-30 11:30,10.173,10.189,0.016,-12
2016-12-01 12:08,10.125,11.249,1.124,4
2016-12-02 12:47,10.04,10.127,0.087,1
2016-12-03 13:28,9.929,10.288,0.359,-4
2016-12-04 14:10,9.8,10.14,0.34,-10
2016-12-05 14:57,9.666,10.206,0.54,3
2016-12-06 15:48,9.552,10.084,0.532,-6
2016-12-07 16:44,9.497,10.061,0.564,-20
2016-12-08 05:21,9.559,10.11,0.551,3
2016-12-09 06:16,10.011,10.104,0.093,2
2016-12-10 07:12,10.542,10.166,-0.376,0
2016-12-11 08:08,11.104,10.799,-0.305,-8
2016-12-12 09:02,11.616,12.309,0.693,10
2016-12-13 09:55,11.979,12.122,0.143,-7
2016-12-14 10:48,12.128,12.794,0.666,-6
2016-12-15 11:41,12.048,12.302,0.254,-5
2016-12-16 12:34,11.76,11.095,-0.665,14
2016-12-17 13:27,11.297,11.656,0.359,-3
2016-12-18 14:21,10.707,11.318,0.611,-3
2016-12-19 15:17,10.067,9.897,-0.17,19
2016-12-20 16:15,9.469,9.599,0.13,-3
2016-12-22 05:49,9.196,9.579,0.383,-1
2016-12-23 06:43,9.193,9.425,0.232,-13
2016-12-24 07:35,9.291,9.369,0.078,7
2016-12-25 08:23,9.467,9.238,-0.229,7
2016-12-26 09:07,9.675,9.664,-0.011,11
2016-12-27 09:48,9.873,9.91,0.037,0
2016-12-28 10:27,10.031,10.662,0.631,3
2016-12-29 11:05,10.14,11.059,0.919,1
2016-12-30 11:44,10.201,10.432,0.231,4
2016-12-31 12:24,10.216,10.767,0.551,0
2017-01-01 13:05,10.227,10.478,0.251,-5
2017-01-02 13:47,10.138,10.038,-0.1,1
2017-01-03 14:33,9.985,10.977,0.992,-9
2017-01-04 03:08,9.434,11.045,1.611,10
2017-01-05 16:18,9.568,9.484,-0.084,-6
2017-01-06 17:18,9.402,9.868,0.466,-12
2017-01-07 05:49,10.104,10.33,0.226,-1
2017-01-08 06:47,10.428,11.045,0.617,-17
2017-01-09 07:47,10.796,10.55,-0.246,-11
2017-01-10 08:45,11.167,11.315,0.148,-9
2017-01-11 09:41,11.457,11.744,0.287,-5
2017-01-12 10:35,11.592,11.895,0.303,-5
2017-01-13 11:27,11.541,11.157,-0.384,3
2017-01-14 12:19,11.312,10.911,-0.401,-1
2017-01-15 13:09,10.924,10.99,0.066,-9
2017-01-16 13:59,10.408,10.045,-0.363,-11
2017-01-18 03:23,9.412,10.235,0.823,1
2017-01-18 15:41,9.228,10.061,0.833,-5
2017-01-20 05:05,8.995,9.523,0.528,7
2017-01-21 05:58,8.917,9.648,0.731,-4
2017-01-22 06:51,8.949,9.845,0.896,9
2017-01-23 07:44,9.101,10.419,1.318,22
2017-01-24 08:33,9.348,11.977,2.629,9
2017-01-25 09:18,9.641,10.927,1.286,12
2017-01-26 10:00,9.929,10.977,1.048,6
2017-01-27 10:40,10.181,10.173,-0.008,-4
2017-01-28 11:20,10.377,10.35,-0.027,4
2017-01-29 12:01,10.503,10.816,0.313,5
2017-01-30 12:42,10.539,11.203,0.664,-6
2017-01-31 13:26,10.466,11.085,0.619,-8
2017-02-01 14:12,10.268,10.74,0.472,-6
2017-02-02 02:41,10.062,10.32,0.258,-5
2017-02-03 03:31,10.111,10.366,0.255,5
2017-02-04 04:26,10.127,10.058,-0.069,-14
2017-02-05 05:25,10.152,10.265,0.113,-13
2017-02-06 06:27,10.228,9.986,-0.242,-9
2017-02-07 07:31,10.397,10.53,0.133,-1
2017-02-08 08:33,10.648,11.898,1.25,-15
2017-02-09 09:31,10.897,12.676,1.779,5
2017-02-10 10:24,11.044,11.032,-0.012,0
2017-02-11 11:15,11.039,11.912,0.873,-3
2017-02-13 00:34,10.084,12.168,2.084,-4
2017-02-14 01:17,9.967,11.725,1.758,1
2017-02-14 13:34,10.151,11.439,1.288,8
2017-02-16 02:42,9.502,11.931,2.429,12
2017-02-16 15:05,9.115,10.117,1.002,1
2017-02-18 04:17,8.972,9.517,0.545,-5
2017-02-19 05:09,8.798,9.451,0.653,-3
2017-02-20 06:03,8.74,9.517,0.777,3
2017-02-21 06:59,8.829,9.303,0.474,-5
2017-02-22 07:53,9.074,9.707,0.633,7
2017-02-23 08:43,9.436,10.261,0.825,-1
2017-02-24 09:29,9.845,10.488,0.643,-5
2017-02-25 10:12,10.234,11.006,0.772,6
2017-02-26 10:54,10.555,10.868,0.313,-12
2017-02-27 11:36,10.77,10.76,-0.01,0
2017-02-28 12:20,10.848,11.128,0.28,-2
2017-03-01 13:06,10.769,11.564,0.795,-6
2017-03-02 01:29,10.729,11.433,0.704,1
2017-03-03 02:17,10.741,10.527,-0.214,-11
2017-03-04 03:08,10.608,9.917,-0.691,-20
2017-03-05 04:05,10.386,10.058,-0.328,-11
2017-03-06 05:07,10.165,10.343,0.178,-7
2017-03-07 06:12,10.031,10.402,0.371,-6
2017-03-08 07:19,10.045,10.714,0.669,-1
2017-03-09 08:24,10.206,10.783,0.577,-6
2017-03-10 09:22,10.411,10.698,0.287,-4
2017-03-11 10:14,10.546,10.57,0.024,-2
2017-03-12 12:01,10.557,9.828,-0.729,5
2017-03-13 12:45,10.44,10.484,0.044,-3
2017-03-14 13:27,10.211,12.263,2.052,21
2017-03-15 14:08,9.893,10.645,0.752,10
2017-03-17 03:05,9.681,9.874,0.193,1
2017-03-18 03:47,9.407,9.53,0.123,1
2017-03-19 04:33,9.127,9.713,0.586,-3
2017-03-20 05:24,8.897,9.641,0.744,18
2017-03-21 06:18,8.775,9.238,0.463,6
2017-03-22 07:13,8.806,9.362,0.556,-1
2017-03-23 08:10,9.013,8.421,-0.592,-4
2017-03-24 09:04,9.38,9.189,-0.191,2
2017-03-25 09:54,9.843,9.818,-0.025,-12
2017-03-26 10:40,10.31,10.544,0.234,-10
2017-03-27 11:26,10.703,11.042,0.339,-2
2017-03-28 12:11,10.962,11.603,0.641,-11
2017-03-29 00:33,11.087,11.931,0.844,3
2017-03-30 01:18,11.375,11.597,0.222,-6
2017-03-31 02:05,11.465,11.833,0.368,-11
2017-04-01 02:55,11.34,12.542,1.202,-1
2017-04-02 03:49,11.027,12.128,1.101,-1
2017-04-03 04:48,10.609,11.305,0.696,-12
2017-04-04 05:52,10.209,11.334,1.125,-4
2017-04-05 06:59,9.929,11.511,1.582,1
2017-04-06 20:52,9.354,11.128,1.774,-22
2017-04-07 09:13,9.884,11.511,1.627,-19
2017-04-08 10:10,10.009,10.963,0.954,-4
2017-04-09 23:21,10.12,10.767,0.647,3
2017-04-10 11:43,10.091,10.583,0.492,-7
2017-04-12 00:39,10.241,10.681,0.44,3
2017-04-13 01:16,10.183,10.488,0.305,2
2017-04-14 01:53,10.059,10.278,0.219,1
2017-04-15 02:31,9.873,9.979,0.106,-1
2017-04-16 03:12,9.638,9.914,0.276,-6
2017-04-17 03:56,9.383,9.943,0.56,-2
2017-04-18 04:44,9.156,9.536,0.38,-2
2017-04-19 05:36,9.016,9.248,0.232,-6
2017-04-20 06:31,9.01,9.208,0.198,-19
2017-04-21 07:27,9.159,9.799,0.64,-3
2017-04-22 08:23,9.461,10.12,0.659,-11
2017-04-23 09:17,9.878,10.304,0.426,1
2017-04-24 10:08,10.33,10.57,0.24,-8
2017-04-25 10:57,10.722,10.904,0.182,-3
2017-04-25 23:17,11.346,11.784,0.438,-5
2017-04-27 00:04,11.778,12.282,0.504,-4
2017-04-28 00:53,11.998,12.45,0.452,-5
2017-04-29 01:44,11.982,11.981,-0.001,-8
2017-04-30 02:37,11.737,12.118,0.381,-1
2017-05-01 03:32,11.302,11.626,0.324,-14
2017-05-02 04:32,10.772,11.626,0.854,-14
2017-05-03 05:37,10.268,10.862,0.594,-7
2017-05-04 06:43,9.885,10.163,0.278,-19
2017-05-05 20:30,9.632,10.57,0.938,0
2017-05-06 21:25,9.825,10.937,1.112,-1
2017-05-07 22:13,10.021,10.836,0.815,5
2017-05-08 22:54,10.169,10.658,0.489,6
2017-05-09 23:33,10.252,10.767,0.515,3
2017-05-11 00:10,10.274,10.822,0.548,2
2017-05-12 00:46,10.239,10.868,0.629,-4
2017-05-13 01:24,10.152,10.878,0.726,0
2017-05-14 02:03,10.018,11.085,1.067,3
2017-05-15 02:43,9.847,10.98,1.133,5
2017-05-16 03:25,9.658,10.544,0.886,-1
2017-05-17 04:11,9.479,9.858,0.379,-11
2017-05-18 05:00,9.353,9.884,0.531,-6
2017-05-19 05:53,9.318,9.759,0.441,1
2017-05-20 06:48,9.392,9.661,0.269,6
2017-05-20 19:24,9.448,9.52,0.072,0
2017-05-22 08:41,9.87,10.196,0.326,-5
2017-05-22 21:08,10.617,10.806,0.189,-8
2017-05-23 21:59,11.255,11.81,0.555,1
2017-05-24 22:49,11.796,12.371,0.575,-7
2017-05-25 23:39,12.153,13.401,1.248,-9
2017-05-27 00:31,12.282,13.08,0.798,-7
2017-05-28 01:25,12.183,13.099,0.916,-7
2017-05-29 02:20,11.874,12.647,0.773,-2
2017-05-30 03:16,11.396,11.892,0.496,2
2017-05-31 04:16,10.825,11.321,0.496,2
2017-06-01 05:18,10.263,10.865,0.602,6
2017-06-02 06:21,9.792,10.317,0.525,-3
2017-06-03 19:59,9.76,10.196,0.436,-11
2017-06-04 20:52,9.838,10.379,0.541,-10
2017-06-05 21:41,9.955,10.714,0.759,7
2017-06-06 22:24,10.073,11.347,1.274,6
2017-06-07 23:03,10.164,10.671,0.507,-3
2017-06-08 23:41,10.217,10.734,0.517,7
2017-06-10 00:19,10.226,10.58,0.354,5
2017-06-11 00:58,10.195,10.744,0.549,-4
2017-06-12 01:37,10.128,10.294,0.166,5
2017-06-13 02:17,10.034,10.501,0.467,1
2017-06-14 02:58,9.919,10.327,0.408,2
2017-06-15 03:42,9.795,10.206,0.411,0
2017-06-16 04:29,9.679,9.927,0.248,-11
2017-06-17 05:21,9.598,10.104,0.506,3
2017-06-17 17:57,9.601,10.002,0.401,-3
2017-06-18 18:48,9.98,10.058,0.078,6
2017-06-19 19:41,10.435,10.406,-0.029,7
2017-06-20 20:36,10.941,11.009,0.068,0
2017-06-21 21:31,11.449,11.623,0.174,-1
2017-06-22 22:25,11.878,12.177,0.299,-1
2017-06-23 23:19,12.148,12.807,0.659,5
2017-06-25 00:13,12.215,12.46,0.245,5
2017-06-26 01:09,12.082,12.378,0.296,-3
2017-06-27 02:04,11.768,12.049,0.281,-4
2017-06-28 02:59,11.299,11.839,0.54,1
2017-06-29 03:55,10.727,10.865,0.138,-7
2017-06-30 04:53,10.132,10.452,0.32,-5
2017-07-01 18:27,9.779,10.166,0.387,-3
2017-07-02 19:21,9.687,10.183,0.496,3
2017-07-03 20:13,9.669,10.025,0.356,5
2017-07-04 21:04,9.731,10.117,0.386,8
2017-07-13 02:33,10.176,10.511,0.335,-9
2017-07-14 03:16,10.077,10.347,0.27,-4
2017-07-15 04:03,9.938,10.229,0.291,-9
2017-07-16 04:53,9.781,10.202,0.421,1
2017-07-16 17:24,10.08,10.304,0.224,-6
2017-07-17 18:17,10.35,10.353,0.003,-5
2017-07-18 19:12,10.647,10.547,-0.1,0
2017-07-19 20:11,10.973,11.187,0.214,1
2017-07-20 21:10,11.319,11.606,0.287,8
2017-07-21 22:08,11.638,12.017,0.379,4
2017-07-22 23:04,11.85,12.404,0.554,2
2017-07-23 23:59,11.897,12.571,0.674,7
2017-07-25 00:53,11.77,12.633,0.863,1
2017-07-26 01:46,11.476,11.879,0.403,2
2017-07-27 02:39,11.036,11.301,0.265,3
2017-07-28 03:30,10.487,10.872,0.385,6
2017-07-29 16:54,9.891,10.521,0.63,12
2017-07-30 17:46,9.66,10.17,0.51,8
2017-07-31 18:38,9.494,9.848,0.354,-2
2017-08-01 19:31,9.416,9.799,0.383,5
2017-08-02 20:24,9.446,10.005,0.559,6
2017-08-03 21:15,9.582,9.982,0.4,-3
2017-08-04 22:02,9.783,10.314,0.531,4
2017-08-05 22:45,9.998,10.573,0.575,3
2017-08-06 23:26,10.189,10.389,0.2,10
2017-08-08 00:06,10.335,10.573,0.238,6
2017-08-09 00:46,10.429,10.793,0.364,2
2017-08-10 01:27,10.465,10.484,0.019,-3
2017-08-11 02:09,10.433,10.458,0.025,-3
2017-08-12 02:53,10.321,10.399,0.078,1
2017-08-12 15:19,10.234,10.517,0.283,5
2017-08-13 16:06,10.365,10.465,0.1,-6
2017-08-14 16:57,10.459,10.455,-0.004,3
2017-08-15 17:52,10.539,10.763,0.224,2
2017-08-16 18:51,10.634,10.957,0.323,-9
2017-08-17 19:53,10.776,10.973,0.197,1
2017-08-18 20:55,10.986,11.748,0.762,5
2017-08-19 21:56,11.227,11.869,0.642,4
2017-08-20 22:52,11.406,11.666,0.26,2
2017-08-21 23:45,11.449,11.728,0.279,9
2017-08-23 00:37,11.33,11.987,0.657,5
2017-08-24 01:27,11.059,11.367,0.308,3
2017-08-25 02:15,10.659,10.911,0.252,9
2017-08-26 15:26,10.117,10.225,0.108,-2
2017-08-27 16:13,9.815,9.927,0.112,5
2017-08-28 17:02,9.529,9.569,0.04,10
2017-08-29 17:54,9.309,9.336,0.027,6
2017-08-30 18:47,9.192,9.835,0.643,13
2017-08-31 19:42,9.201,10.071,0.87,0
2017-09-01 20:36,9.347,9.323,-0.024,6
2017-09-02 21:27,9.602,9.815,0.213,3
2017-09-03 22:13,9.907,10.261,0.354,-1
2017-09-04 22:56,10.202,10.429,0.227,10
2017-09-05 23:37,10.446,10.776,0.33,-1
2017-09-07 00:18,10.614,11.006,0.392,0
2017-09-08 01:01,10.69,10.744,0.054,-1
2017-09-09 01:45,10.66,10.78,0.12,3
2017-09-09 14:06,10.761,10.721,-0.04,0
2017-09-10 14:51,10.864,10.632,-0.232,-3
2017-09-11 15:40,10.848,10.76,-0.088,-10
2017-09-12 16:34,10.737,11.128,0.391,-4
2017-09-13 17:33,10.595,11.144,0.549,3
2017-09-14 18:35,10.494,11.072,0.578,1
2017-09-15 19:40,10.486,10.94,0.454,8
2017-09-16 20:46,10.594,11.072,0.478,8
2017-09-17 21:47,10.77,11.367,0.597,-5
2017-09-18 22:42,10.908,11.492,0.584,6
2017-09-19 23:32,10.928,11.669,0.741,4
2017-09-21 12:43,10.645,11.869,1.224,5
2017-09-22 01:06,10.562,11.741,1.179,0
2017-09-23 01:51,10.219,10.986,0.767,-3
2017-09-24 14:49,10.096,10.76,0.664,5
2017-09-25 15:33,9.787,10.258,0.471,-3
2017-09-26 16:19,9.477,9.923,0.446,-7
2017-09-27 17:11,9.22,10.065,0.845,-5
2017-09-28 18:05,9.067,9.5,0.433,13
2017-09-29 19:00,9.05,9.376,0.326,0
2017-09-30 19:55,9.181,9.602,0.421,5
2017-10-01 20:48,9.446,9.569,0.123,0
2017-10-02 21:37,9.798,10.327,0.529,5
2017-10-03 22:23,10.168,10.078,-0.09,1
2017-10-05 11:29,10.573,10.629,0.056,7
2017-10-06 12:10,10.991,11.229,0.238,8
2017-10-07 12:53,11.295,11.577,0.282,-5
2017-10-08 13:39,11.449,11.62,0.171,-3
2017-10-09 14:27,11.429,11.633,0.204,3
2017-10-10 15:19,11.237,11.344,0.107,-7
2017-10-11 16:15,10.922,11.049,0.127,-3
2017-10-12 17:17,10.582,10.678,0.096,7
2017-10-13 18:23,10.319,10.488,0.169,-5
2017-10-14 19:30,10.186,10.242,0.056,-6
2017-10-15 20:36,10.19,10.803,0.613,0
2017-10-16 21:36,10.279,10.671,0.392,6
2017-10-17 10:08,10.272,10.652,0.38,-2
2017-10-18 10:54,10.499,10.514,0.015,-6
2017-10-19 11:37,10.606,10.858,0.252,5
2017-10-20 12:17,10.598,10.521,-0.077,1
2017-10-21 12:56,10.494,10.78,0.286,-2
2017-10-22 13:35,10.315,10.58,0.265,7
2017-10-23 14:15,10.08,10.389,0.309,-3
2017-10-24 14:57,9.803,10.189,0.386,-3
2017-10-25 15:42,9.509,10.206,0.697,-6
2017-10-26 16:30,9.242,10.212,0.97,12
2017-10-27 17:23,9.058,9.172,0.114,-5
2017-10-28 18:18,8.998,9.359,0.361,6
2017-10-30 07:51,8.859,11.675,2.816,-21
2017-10-31 08:40,9.332,9.212,-0.12,8
2017-10-31 20:59,9.629,9.694,0.065,-5
2017-11-02 10:11,10.543,10.685,0.142,1
2017-11-03 10:55,11.127,11.301,0.174,-1
2017-11-04 11:39,11.59,11.748,0.158,-3
2017-11-05 11:26,11.876,12.295,0.419,-8
2017-11-06 12:15,11.952,12.108,0.156,-3
2017-11-07 13:07,11.815,12.269,0.454,-13
2017-11-08 14:01,11.482,12.036,0.554,-1
2017-11-09 14:59,11.016,11.393,0.377,-5
2017-11-10 03:46,9.826,10.816,0.99,2
2017-11-11 17:09,10.121,9.897,-0.224,-3
2017-11-12 18:16,9.852,10.019,0.167,-10
2017-11-13 19:21,9.725,10.002,0.277,-3
2017-11-14 20:21,9.703,10.557,0.854,-3
2017-11-15 08:47,10.201,10.793,0.592,-5
2017-11-16 09:32,10.358,11.226,0.868,-8
2017-11-17 10:13,10.432,10.688,0.256,5
2017-11-18 10:51,10.424,11.157,0.733,9
2017-11-19 11:29,10.349,11.682,1.333,-11
2017-11-20 12:07,10.221,9.969,-0.252,-1
2017-11-21 12:47,10.046,10.192,0.146,-5
2017-11-22 13:27,9.832,10.468,0.636,9
2017-11-23 14:10,9.591,9.579,-0.012,2
2017-11-24 14:55,9.349,9.608,0.259,-19
2017-11-25 15:44,9.147,9.75,0.603,-8
2017-11-26 16:36,9.032,8.883,-0.149,0
2017-11-27 17:30,9.031,9.175,0.144,-6
2017-11-29 06:57,9.571,9.248,-0.323,-9
2017-11-30 07:47,10.167,10.429,0.262,7
2017-12-01 08:36,10.814,10.908,0.094,0
2017-12-02 09:25,11.418,11.524,0.106,-1
2017-12-03 10:13,11.882,12.197,0.315,-1
2017-12-04 11:04,12.14,12.371,0.231,-4
2017-12-05 11:56,12.165,12.551,0.386,-2
2017-12-06 12:50,11.963,12.384,0.421,-2
2017-12-07 13:45,11.56,11.938,0.378,3
2017-12-08 14:43,11.01,11.265,0.255,-7
2017-12-09 15:44,10.41,11.088,0.678,-2
2017-12-10 04:30,9.808,10.642,0.834,-18
2017-12-11 17:54,9.448,9.841,0.393,-6
2017-12-12 18:58,9.177,10.635,1.458,-22
2017-12-13 07:29,9.77,10.632,0.862,13
2017-12-14 08:21,9.884,9.874,-0.01,-9
2017-12-15 09:08,10.002,9.989,-0.013,-2
2017-12-16 09:49,10.092,9.907,-0.185,-1
2017-12-17 10:28,10.14,9.743,-0.397,-4
2017-12-18 11:06,10.143,10.455,0.312,-6
2017-12-19 11:44,10.1,10.511,0.411,-8
2017-12-20 12:22,10.012,10.196,0.184,14
2017-12-21 13:02,9.88,10.015,0.135,4
2017-12-22 13:42,9.709,9.897,0.188,-12
2017-12-23 14:24,9.511,10.54,1.029,0
2017-12-25 03:46,8.869,10.229,1.36,-4
2017-12-25 15:59,9.137,8.979,-0.158,-23
2017-12-26 16:52,9.034,8.355,-0.679,-4
2017-12-27 17:47,9.026,8.158,-0.868,-11
2017-12-29 07:11,10.269,10.278,0.009,-11
2017-12-30 08:06,10.835,10.875,0.04,6
2017-12-31 09:00,11.386,11.21,-0.176,0
2018-01-01 09:54,11.751,11.931,0.18,-6
2018-01-02 10:47,12.001,11.987,-0.014,-5
2018-01-03 11:41,12.028,12.141,0.113,-5
2018-01-04 12:36,11.834,15.163,3.329,6
2018-01-05 01:17,10.43,10.478,0.048,-47
2018-01-06 14:26,10.871,9.149,-1.722,-8
2018-01-07 03:06,10.057,9.723,-0.334,0
2018-01-08 04:04,9.816,9.307,-0.509,-10
2018-01-09 05:01,9.611,9.635,0.024,-19
2018-01-10 05:58,9.469,9.435,-0.034,-4
2018-01-11 06:55,9.412,9.484,0.072,-7
2018-01-12 07:49,9.45,9.638,0.188,-1
2018-01-13 08:39,9.566,10.425,0.859,15
2018-01-14 09:23,9.715,9.855,0.14,7
2018-01-15 10:04,9.858,10.212,0.354,14
2018-01-16 10:43,9.967,10.356,0.389,-1
2018-01-17 11:21,10.027,10.704,0.677,-9
2018-01-18 11:59,10.032,10.583,0.551,25
2018-01-19 12:38,9.982,10.75,0.768,4
2018-01-20 13:16,9.876,10.356,0.48,2
2018-01-21 13:56,9.716,10.173,0.457,-8
2018-01-22 14:39,9.509,10.045,0.536,-9
2018-01-23 15:27,9.274,10.55,1.276,-9
2018-01-25 04:48,9.572,9.864,0.292,-6
2018-01-26 05:43,9.832,9.549,-0.283,-7
2018-01-27 06:41,10.167,9.871,-0.296,-5
2018-01-28 07:42,10.584,10.626,0.042,-12
2018-01-29 08:41,11.046,11.567,0.521,1
2018-01-30 09:38,11.457,13.24,1.783,-20
2018-01-31 10:33,11.716,11.708,-0.008,-15
2018-02-01 11:28,11.769,12.515,0.746,-4
2018-02-02 12:21,11.603,12.108,0.505,-15
2018-02-03 13:13,11.227,10.901,-0.326,-1
2018-02-04 14:05,10.674,11.042,0.368,-5
2018-02-05 02:37,10.193,11.482,1.289,-13
2018-02-06 03:28,9.854,9.874,0.02,2
2018-02-07 16:51,8.741,9.841,1.1,-3
2018-02-08 05:16,9.222,9.005,-0.217,-4
2018-02-09 06:12,9.043,9.156,0.113,-18
2018-02-10 07:09,9.008,9.248,0.24,3
2018-02-11 08:04,9.122,9.543,0.421,2
2018-02-12 08:54,9.341,9.343,0.002,0
2018-02-13 09:38,9.592,9.212,-0.38,-2
2018-02-14 10:18,9.818,9.835,0.017,0
2018-02-15 10:57,9.99,10.242,0.252,-3
2018-02-16 11:35,10.092,11.114,1.022,-11
2018-02-17 12:13,10.121,10.196,0.075,-7
2018-02-18 12:52,10.074,10.084,0.01,-10
2018-02-19 13:32,9.946,9.769,-0.177,-2
2018-02-21 02:37,9.841,9.927,0.086,-1
2018-02-21 15:02,9.453,9.723,0.27,-14
2018-02-23 04:18,9.907,9.838,-0.069,-12
2018-02-24 05:16,9.96,9.848,-0.112,-10
2018-02-25 06:18,10.091,10.58,0.489,-24
2018-02-26 07:23,10.343,10.763,0.42,19
2018-02-27 08:27,10.703,10.868,0.165,-3
2018-02-28 09:27,11.068,11.315,0.247,-3
2018-03-01 10:22,11.316,12.43,1.114,2
2018-03-02 11:14,11.375,14.628,3.253,4
2018-03-03 12:05,11.227,13.91,2.683,1
2018-03-04 00:33,10.727,13.027,2.3,3
2018-03-05 01:19,10.586,12.863,2.277,-1
2018-03-06 02:04,10.296,12.45,2.154,2
2018-03-07 02:50,9.907,11.787,1.88,10
2018-03-08 03:39,9.49,12.437,2.947,15
2018-03-09 04:32,9.12,10.566,1.446,-8
2018-03-10 05:28,8.865,9.625,0.76,2
2018-03-11 07:25,8.769,9.438,0.669,-1
2018-03-12 08:23,8.853,9.49,0.637,1
2018-03-13 09:18,9.09,11.846,2.756,30
2018-03-14 10:06,9.404,9.044,-0.36,0
2018-03-15 10:48,9.717,10.337,0.62,6
2018-03-16 11:28,9.979,10.599,0.62,-4
2018-03-17 12:08,10.165,10.488,0.323,4
2018-03-18 12:47,10.263,10.616,0.353,-5
2018-03-20 01:46,10.36,10.547,0.187,-4
2018-03-21 02:27,10.487,11.442,0.955,3
2018-03-22 03:11,10.502,12.666,2.164,-11
2018-03-22 15:43,9.655,11.295,1.64,-7
2018-03-24 04:56,10.241,11.045,0.804,-2
2018-03-25 05:57,10.094,11.272,1.178,-3
2018-03-26 07:03,10.044,10.688,0.644,-9
2018-03-27 08:11,10.145,10.701,0.556,-5
2018-03-28 09:16,10.387,11.397,1.01,-10
2018-03-29 10:16,10.663,11.423,0.76,-4
2018-03-30 11:10,10.848,12.072,1.224,-4
2018-03-30 23:37,10.65,11.354,0.704,-19
2018-04-01 12:48,10.729,11.383,0.654,-12
2018-04-02 13:34,10.439,11.15,0.711,2
2018-04-03 01:49,10.637,11.236,0.599,-7
2018-04-04 02:31,10.352,11.42,1.068,-7
2018-04-05 03:14,9.983,9.786,-0.197,-44
2018-04-06 04:00,9.579,9.559,-0.02,-6
2018-04-07 04:50,9.203,9.586,0.383,16
2018-04-08 05:44,8.92,9.684,0.764,-8
2018-04-09 06:41,8.779,9.257,0.478,7
2018-04-10 07:39,8.801,8.887,0.086,9
2018-04-11 08:34,8.981,9.372,0.391,-4
2018-04-12 21:56,9.149,9.615,0.466,10
2018-04-13 22:37,9.631,10.232,0.601,11
2018-04-14 23:16,10.102,10.399,0.297,-4
2018-04-15 23:54,10.526,11.17,0.644,0
2018-04-17 00:35,10.868,12.046,1.178,1
2018-04-18 01:17,11.097,12.043,0.946,1
2018-04-19 02:02,11.181,12.086,0.905,-8
2018-04-20 02:50,11.101,11.771,0.67,-14
2018-04-21 03:42,10.869,11.036,0.167,-6
2018-04-22 04:41,10.55,10.612,0.062,-11
2018-04-23 05:44,10.249,10.514,0.265,-8
2018-04-24 06:51,10.053,10.297,0.244,-9
2018-04-25 07:59,10.003,10.566,0.563,-11
2018-04-26 09:04,10.089,11.255,1.166,-4
2018-04-26 21:39,10.16,10.799,0.639,-9
2018-04-27 22:30,10.499,11.347,0.848,-6
2018-04-28 23:16,10.719,11.515,0.796,-10
2018-04-29 23:59,10.795,11.236,0.441,1
2018-05-01 00:40,10.738,11.275,0.537,-4
2018-05-02 01:20,10.577,10.967,0.39,-2
2018-05-03 02:01,10.337,10.881,0.544,-7
2018-05-04 02:43,10.042,10.586,0.544,5
2018-05-05 03:26,9.715,10.065,0.35,-2
2018-05-06 04:14,9.392,9.648,0.256,4
2018-05-07 05:05,9.123,9.622,0.499,1
2018-05-08 05:59,8.952,9.087,0.135,1
2018-05-09 06:54,8.905,8.979,0.074,-12
2018-05-10 07:48,8.99,9.523,0.533,0
2018-05-11 21:10,9.529,9.615,0.086,2
2018-05-12 21:54,10.073,10.124,0.051,-12
2018-05-13 22:37,10.622,10.911,0.289,-1
2018-05-14 23:20,11.11,11.574,0.464,-8
2018-05-16 00:04,11.477,11.725,0.248,-16
2018-05-17 00:52,11.685,12.187,0.502,-4
2018-05-18 01:41,11.711,12.135,0.424,-11
2018-05-19 02:33,11.549,11.741,0.192,-9
2018-05-20 03:29,11.224,11.662,0.438,-11
2018-05-21 04:29,10.802,11.059,0.257,-11
2018-05-22 05:32,10.385,10.681,0.296,-8
2018-05-23 06:38,10.053,10.632,0.579,4
2018-05-23 19:21,9.922,10.799,0.877,-15
2018-05-24 20:22,10.096,10.665,0.569,-16
2018-05-25 21:18,10.309,10.626,0.317,-6
2018-05-26 22:08,10.494,11.173,0.679,-8
2018-05-27 22:53,10.599,11.203,0.604,-11
2018-05-28 23:34,10.613,11.196,0.583,2
2018-05-30 00:14,10.549,11.108,0.559,4
2018-05-31 00:54,10.427,10.842,0.415,6
2018-06-01 01:34,10.264,10.747,0.483,-4
2018-06-02 02:15,10.065,10.927,0.862,-3
2018-06-03 02:58,9.836,10.622,0.786,-4
2018-06-04 03:42,9.59,10.353,0.763,-6
2018-06-05 04:29,9.355,10.448,1.093,13
2018-06-06 05:19,9.168,10.281,1.113,5
2018-06-07 06:11,9.062,9.595,0.533,1
2018-06-08 19:35,9.446,9.631,0.185,1
2018-06-09 20:24,9.9,10.219,0.319,0
2018-06-10 21:13,10.438,10.858,0.42,-1
2018-06-11 22:01,10.997,11.226,0.229,-1
2018-06-12 22:49,11.494,11.344,-0.15,5
2018-06-13 23:39,11.852,12.355,0.503,-3
2018-06-15 00:30,12.03,12.902,0.872,0
2018-06-16 01:24,12.014,12.466,0.452,-6
2018-06-17 02:19,11.807,12.243,0.436,-1
2018-06-18 03:16,11.428,11.843,0.415,-10
2018-06-19 04:15,10.934,11.347,0.413,-9
2018-06-20 05:17,10.415,10.937,0.522,-5
2018-06-20 17:59,10.202,10.632,0.43,1
2018-06-21 18:58,10.169,10.668,0.499,-10
2018-06-22 19:56,10.172,10.504,0.332,-2
2018-06-23 20:52,10.211,10.803,0.592,-10
2018-06-24 21:43,10.268,11.15,0.882,5
2018-06-25 22:29,10.314,10.78,0.466,7
2018-06-26 23:11,10.329,10.566,0.237,7
2018-06-27 23:51,10.312,10.698,0.386,9
2018-06-29 00:31,10.264,11.042,0.778,5
2018-06-30 01:11,10.188,10.609,0.421,13
2018-07-01 01:51,10.078,10.435,0.357,-9
2018-07-02 02:31,9.93,10.261,0.331,5
2018-07-03 03:13,9.748,9.982,0.234,5
2018-07-04 03:56,9.544,9.589,0.045,-2
2018-07-05 04:43,9.348,9.395,0.047,-1
2018-07-06 18:03,9.48,9.504,0.024,15
2018-07-07 18:52,9.79,9.497,-0.293,8
2018-07-08 19:43,10.186,9.923,-0.263,23
2018-07-09 20:37,10.654,10.665,0.011,-1
2018-07-10 21:31,11.158,11.597,0.439,5
2018-07-11 22:25,11.623,11.994,0.371,-1
2018-07-12 23:18,11.964,12.318,0.354,-6
2018-07-14 00:13,12.125,12.443,0.318,-1
2018-07-15 01:08,12.089,12.371,0.282,-2
2018-07-16 02:04,11.857,12.328,0.471,-4
2018-07-17 03:00,11.441,11.902,0.461,0
2018-07-18 03:57,10.888,11.475,0.587,3
2018-07-18 16:35,10.532,10.947,0.415,-11
2018-07-19 17:32,10.338,10.58,0.242,-2
2018-07-20 18:29,10.15,10.356,0.206,-5
2018-07-21 19:25,9.997,10.383,0.386,11
2018-07-22 20:21,9.912,10.425,0.513,3
2018-07-23 21:15,9.91,10.15,0.24,3
2018-07-24 22:03,9.968,10.389,0.421,3
2018-07-25 22:47,10.048,10.527,0.479,7
2018-07-26 23:28,10.118,10.471,0.353,8
2018-07-28 00:08,10.159,10.534,0.375,10
2018-07-29 00:47,10.158,10.675,0.517,7
2018-07-30 01:26,10.111,10.271,0.16,-2
2018-07-31 02:05,10.014,10.186,0.172,-5
2018-08-01 02:45,9.868,10.173,0.305,3
2018-08-02 03:26,9.682,9.956,0.274,4
2018-08-03 16:37,9.645,9.72,0.075,-1
2018-08-04 17:25,9.818,9.966,0.148,-13
2018-08-05 18:16,10.047,10.245,0.198,2
2018-08-06 19:10,10.336,10.462,0.126,2
2018-08-07 20:08,10.693,10.937,0.244,-8
2018-08-08 21:08,11.111,11.623,0.512,-2
2018-08-09 22:06,11.53,12.171,0.641,0
2018-08-10 23:02,11.853,12.414,0.561,4
2018-08-11 23:58,12.002,12.555,0.553,8
2018-08-13 00:53,11.947,12.384,0.437,1
2018-08-14 01:47,11.689,12.213,0.524,1
2018-08-15 02:41,11.245,11.78,0.535,1
2018-08-15 15:12,10.882,11.265,0.383,6
2018-08-16 16:04,10.607,10.927,0.32,-4
2018-08-17 16:58,10.27,10.632,0.362,2
2018-08-18 17:54,9.945,10.576,0.631,6
2018-08-19 18:50,9.689,10.576,0.887,-2
2018-08-20 19:47,9.546,10.37,0.824,7
2018-08-21 20:43,9.541,10.448,0.907,11
2018-08-22 21:35,9.653,10.498,0.845,7
2018-08-23 22:21,9.821,10.356,0.535,9
2018-08-24 23:03,9.985,10.242,0.257,9
2018-08-25 23:43,10.106,10.166,0.06,11
2018-08-27 00:21,10.165,10.484,0.319,9
2018-08-28 00:59,10.159,10.501,0.342,-5
2018-08-29 01:38,10.091,10.419,0.328,-8
2018-08-30 02:17,9.965,10.504,0.539,1
2018-08-31 15:19,9.988,10.153,0.165,-1
2018-09-01 16:03,10.059,10.242,0.183,-3
2018-09-02 16:52,10.124,10.271,0.147,-10
2018-09-03 17:47,10.213,10.261,0.048,-5
2018-09-04 18:46,10.358,10.383,0.025,-4
2018-09-05 19:48,10.588,10.908,0.32,0
2018-09-06 20:51,10.91,10.891,-0.019,9
2018-09-07 21:52,11.271,11.872,0.601,-4
2018-09-08 22:49,11.557,12.112,0.555,5
2018-09-09 23:43,11.674,12.522,0.848,5
2018-09-11 00:36,11.589,12.309,0.72,6
2018-09-11 13:05,11.231,11.948,0.717,1
2018-09-12 13:54,11.163,11.511,0.348,6
2018-09-13 14:42,10.922,11.301,0.379,0
2018-09-14 15:30,10.547,10.888,0.341,0
2018-09-15 16:21,10.112,10.445,0.333,3
2018-09-16 17:15,9.703,10.353,0.65,-3
2018-09-17 18:12,9.396,9.923,0.527,0
2018-09-18 19:09,9.236,10.242,1.006,9
2018-09-19 20:07,9.237,10.511,1.274,11
2018-09-20 21:01,9.383,10.147,0.764,5
2018-09-21 21:50,9.608,10.215,0.607,-2
2018-09-22 22:33,9.839,10.094,0.255,15
2018-09-24 11:38,9.748,10.353,0.605,4
2018-09-25 12:14,9.993,10.458,0.465,4
2018-09-26 12:50,10.196,10.635,0.439,10
2018-09-27 13:27,10.356,10.609,0.253,9
2018-09-28 14:06,10.466,10.977,0.511,-6
2018-09-29 14:48,10.51,10.799,0.289,-6
2018-09-30 15:35,10.479,10.865,0.386,-11
2018-10-01 16:27,10.393,10.652,0.259,-15
2018-10-02 17:26,10.31,10.921,0.611,-2
2018-10-03 18:28,10.297,10.97,0.673,-10
2018-10-04 19:33,10.392,11.075,0.683,3
2018-10-05 20:39,10.602,11.482,0.88,3
2018-10-06 21:40,10.869,11.574,0.705,8
2018-10-07 22:36,11.079,11.8,0.721,6
2018-10-08 23:29,11.141,11.538,0.397,1
2018-10-09 11:53,11.242,11.495,0.253,1
2018-10-10 12:40,11.274,11.567,0.293,8
2018-10-11 13:26,11.124,12.318,1.194,4
2018-10-12 14:11,10.823,12.046,1.223,-5
2018-10-13 14:57,10.419,11.42,1.001,-3
2018-10-14 15:44,9.968,10.137,0.169,-2
2018-10-15 16:36,9.542,10.166,0.624,0
2018-10-16 17:31,9.215,9.152,-0.063,-1
2018-10-17 18:28,9.033,9.084,0.051,-4
2018-10-18 19:25,9.006,8.503,-0.503,11
2018-10-20 08:58,8.922,9.376,0.454,2
2018-10-21 09:42,9.315,9.878,0.563,6
2018-10-21 21:58,9.587,9.779,0.192,-4
2018-10-23 11:00,10.116,10.219,0.103,6
2018-10-24 11:37,10.458,10.816,0.358,11
2018-10-25 12:15,10.737,10.842,0.105,3
2018-10-26 12:55,10.933,10.711,-0.222,-7
2018-10-27 13:38,11.029,12.528,1.499,16
2018-10-28 14:24,11.006,11.83,0.824,-6
2018-10-29 15:13,10.859,11.492,0.633,-19
2018-10-30 16:09,10.62,10.973,0.353,-3
2018-10-31 17:10,10.368,10.881,0.513,-10
2018-11-01 18:15,10.191,10.872,0.681,-15
2018-11-02 19:21,10.13,10.904,0.774,-3
2018-11-03 08:05,9.877,10.648,0.771,19
2018-11-04 20:29,10.321,10.238,-0.083,7
2018-11-05 21:24,10.43,11.288,0.858,0
2018-11-06 09:47,10.993,11.472,0.479,-5
2018-11-07 10:32,11.122,11.488,0.366,-2
2018-11-08 11:16,11.082,11.275,0.193,2
2018-11-09 11:59,10.9,11.124,0.224,-5
2018-11-10 12:42,10.614,10.901,0.287,6
2018-11-11 13:26,10.26,9.546,-0.714,10
2018-11-12 14:11,9.873,9.467,-0.406,7
2018-11-13 14:59,9.491,10.409,0.918,-5
2018-11-15 04:36,8.44,7.61,-0.83,6
2018-11-16 05:29,8.485,11.128,2.643,19
2018-11-16 17:40,8.835,9.271,0.436,-16
2018-11-18 07:10,8.979,9.215,0.236,-10
2018-11-19 07:57,9.39,9.874,0.484,9
2018-11-20 08:40,9.862,10.996,1.134,14
2018-11-21 09:21,10.347,11.019,0.672,-3
2018-11-22 10:02,10.794,10.54,-0.254,-8
2018-11-23 10:44,11.157,10.849,-0.308,-8
2018-11-24 11:28,11.395,11.121,-0.274,2
2018-11-25 12:15,11.483,13.014,1.531,3
2018-11-26 13:05,11.406,12.542,1.136,-5
2018-11-27 13:57,11.167,12.345,1.178,3
2018-11-28 14:54,10.802,12.168,1.366,0
2018-11-29 15:56,10.395,11.265,0.87,-2
2018-11-30 17:02,10.042,11.164,1.122,-8
2018-12-01 05:46,9.806,10.74,0.934,-10
2018-12-02 19:13,9.675,11.17,1.495,-7
2018-12-03 07:46,10.265,11.547,1.282,-4
2018-12-04 08:40,10.513,11.226,0.713,-4
2018-12-05 09:28,10.686,11.452,0.766,-4
2018-12-06 10:13,10.745,11.456,0.711,-1
2018-12-07 10:55,10.694,11.187,0.493,5
2018-12-08 11:36,10.556,10.881,0.325,-6
2018-12-09 12:18,10.355,10.445,0.09,0
2018-12-10 12:59,10.108,10.566,0.458,1
2018-12-11 13:41,9.825,10.124,0.299,-5
2018-12-12 14:26,9.516,9.894,0.378,4
2018-12-13 15:13,9.205,9.103,-0.102,5
2018-12-14 16:03,8.932,8.572,-0.36,-3
2018-12-16 05:31,8.745,9.382,0.637,5
2018-12-17 06:20,9.008,10.068,1.06,16
2018-12-17 18:42,8.666,9.425,0.759,-12
2018-12-19 07:57,9.87,9.96,0.09,3
2018-12-20 08:44,10.411,10.55,0.139,4
2018-12-21 09:30,10.941,12.04,1.099,-6
2018-12-22 10:17,11.382,12.601,1.219,1
2018-12-23 11:06,11.671,11.757,0.086,0
2018-12-24 11:57,11.774,12.358,0.584,-9
2018-12-25 12:49,11.677,12.04,0.363,-7
2018-12-26 13:43,11.38,11.659,0.279,-13
2018-12-27 14:40,10.918,10.996,0.078,8
2018-12-28 15:41,10.369,10.954,0.585,1
2018-12-29 04:22,9.985,10.698,0.713,-4
2018-12-30 05:23,9.934,10.547,0.613,1
2018-12-31 06:24,9.933,10.274,0.341,0
2019-01-01 07:23,10.016,10.963,0.947,-5
2019-01-02 08:19,10.106,10.196,0.09,5
2019-01-03 09:09,10.193,11.023,0.83,-9
2019-01-04 09:54,10.24,10.796,0.556,18
2019-01-05 10:35,10.238,11.6,1.362,1
2019-01-06 11:16,10.189,11.255,1.066,8
2019-01-07 11:55,10.097,10.202,0.105,11
2019-01-08 12:35,9.959,11.075,1.116,1
2019-01-09 13:15,9.77,10.885,1.115,-9
2019-01-10 13:55,9.525,10.511,0.986,-1
2019-01-11 02:30,8.72,9.622,0.902,-6
2019-01-12 03:12,8.691,8.549,-0.142,6
2019-01-13 16:13,8.652,8.844,0.192,-1
2019-01-14 04:43,8.81,9.238,0.428,-1
2019-01-15 05:32,9.011,9.727,0.716,4
2019-01-16 06:24,9.325,9.999,0.674,-12
2019-01-17 07:17,9.759,9.855,0.096,-5
2019-01-18 08:11,10.295,10.645,0.35,-11
2019-01-19 09:05,10.865,11.091,0.226,-5
2019-01-20 09:57,11.371,13.103,1.732,-9
2019-01-21 10:49,11.723,12.158,0.435,-19
2019-01-22 11:42,11.868,11.272,-0.596,-12
2019-01-23 12:36,11.784,11.836,0.052,-6
2019-01-24 13:30,11.468,12.217,0.749,0
2019-01-25 14:25,10.948,11.492,0.544,-7
2019-01-27 03:57,10.195,10.796,0.601,-3
2019-01-28 04:56,9.946,10.652,0.706,-8
2019-01-29 05:55,9.73,10.498,0.768,17
2019-01-30 06:55,9.594,10.75,1.156,-7
2019-01-30 19:37,8.459,9.113,0.654,-37
2019-02-01 08:48,9.645,9.29,-0.355,-6
2019-02-02 09:35,9.758,9.861,0.103,-5
2019-02-03 10:17,9.862,10.399,0.537,7
2019-02-04 10:57,9.932,10.337,0.405,9
2019-02-05 11:35,9.95,10.727,0.777,-5
2019-02-06 12:13,9.904,10.521,0.617,-1
2019-02-07 12:51,9.788,10.363,0.575,-15
2019-02-08 13:29,9.598,10.173,0.575,-11
2019-02-09 01:55,9.091,8.283,-0.808,-31
2019-02-10 14:50,9.046,8.171,-0.875,-14
2019-02-11 03:14,9.097,8.634,-0.463,-20
2019-02-12 03:59,9.138,9.008,-0.13,1
2019-02-13 04:49,9.245,10.947,1.702,-13
2019-02-14 05:44,9.449,9.451,0.002,-2
2019-02-15 06:43,9.775,10.37,0.595,-13
2019-02-16 07:43,10.236,10.947,0.711,-13
2019-02-17 08:43,10.784,11.275,0.491,-13
2019-02-18 09:39,11.305,12.374,1.069,15
2019-02-19 10:34,11.678,11.511,-0.167,-4
2019-02-20 11:27,11.829,11.643,-0.186,-9
2019-02-21 12:21,11.732,12.414,0.682,-3
2019-02-22 13:14,11.389,11.984,0.595,-2
2019-02-24 02:33,10.722,11.357,0.635,-3
2019-02-24 15:01,10.143,11.905,1.762,11
2019-02-26 04:22,9.873,8.939,-0.934,2
2019-02-27 05:21,9.479,8.634,-0.845,15
2019-02-28 06:22,9.216,9.94,0.724,-10
2019-03-01 07:24,9.134,9.848,0.714,0
2019-03-02 08:22,9.226,10.343,1.117,14
2019-03-03 09:12,9.414,10.576,1.162,0
2019-03-04 09:55,9.615,11.574,1.959,-13
2019-03-05 10:34,9.775,10.022,0.247,14
2019-03-06 11:12,9.867,10.117,0.25,0
2019-03-07 11:49,9.878,10.015,0.137,-7
2019-03-08 12:26,9.809,9.884,0.075,-2
2019-03-09 13:03,9.665,9.91,0.245,-9
2019-03-10 14:41,9.453,10.353,0.9,1
2019-03-11 02:58,9.616,10.455,0.839,-4
2019-03-12 03:38,9.611,9.684,0.073,4
2019-03-13 04:23,9.592,9.805,0.213,-17
2019-03-14 05:16,9.593,9.687,0.094,-4
2019-03-15 06:14,9.665,10.255,0.59,-14
2019-03-16 07:17,9.859,10.156,0.297,-23
2019-03-17 08:21,10.203,10.297,0.094,-3
2019-03-18 09:25,10.666,10.675,0.009,-7
2019-03-19 10:23,11.128,11.272,0.144,-5
2019-03-20 11:18,11.454,11.469,0.015,-6
2019-03-22 00:39,11.31,12.259,0.949,-3
2019-03-22 13:04,11.44,12.866,1.426,-10
2019-03-24 02:15,11.227,11.318,0.091,-9
2019-03-25 03:04,10.862,11.298,0.436,-10
2019-03-26 03:54,10.357,10.652,0.295,-6
2019-03-27 04:48,9.812,9.992,0.18,0
2019-03-28 05:45,9.338,9.382,0.044,3
2019-03-29 06:46,9.019,9.277,0.258,-16
2019-03-30 07:47,8.898,9.323,0.425,1
2019-03-31 08:47,8.972,9.586,0.614,7
2019-04-01 09:39,9.176,9.084,-0.092,15
2019-04-02 10:25,9.415,9.238,-0.177,-1
2019-04-03 11:05,9.62,10.314,0.694,1
2019-04-03 23:28,9.472,8.982,-0.49,-22
2019-04-05 00:03,9.729,9.002,-0.727,-9
2019-04-06 00:37,9.925,10.019,0.094,-7
2019-04-07 01:12,10.067,10.366,0.299,-6
2019-04-08 01:49,10.159,10.708,0.549,-1
2019-04-09 02:27,10.197,10.845,0.648,-21
2019-04-10 03:10,10.172,11.272,1.1,2
2019-04-11 03:58,10.089,10.717,0.628,-16
2019-04-12 04:52,9.985,10.33,0.345,-16
2019-04-13 05:53,9.929,10.268,0.339,1
2019-04-14 06:58,9.984,10.35,0.366,-4
2019-04-15 08:04,10.176,11.354,1.178,-4
2019-04-16 21:45,10.314,10.455,0.141,-21
2019-04-17 22:38,10.882,11.397,0.515,-2
2019-04-18 23:27,11.294,12.079,0.785,-3
2019-04-20 00:15,11.489,11.872,0.383,-3
2019-04-21 01:02,11.458,12.086,0.628,4
2019-04-22 01:49,11.223,11.337,0.114,-1
2019-04-23 02:35,10.826,11.554,0.728,-5
2019-04-24 03:23,10.327,11.285,0.958,1
2019-04-25 04:14,9.804,10.56,0.756,-2
2019-04-26 05:09,9.343,10.265,0.922,3
2019-04-27 06:06,9.017,10.491,1.474,-36
2019-04-28 07:05,8.853,9.241,0.388,1
2019-04-29 08:03,8.852,8.719,-0.133,21
2019-04-30 08:57,8.982,9.054,0.072,-3
2019-05-01 09:46,9.183,8.979,-0.204,8
2019-05-02 10:30,9.388,9.608,0.22,0
2019-05-02 22:48,9.803,9.736,-0.067,-18
2019-05-03 23:25,10.12,10.462,0.342,-1
2019-05-05 00:02,10.379,10.865,0.486,-8
2019-05-06 00:40,10.576,11.223,0.647,-4
2019-05-07 01:20,10.706,11.321,0.615,-2
2019-05-08 02:03,10.753,11.147,0.394,-9
2019-05-09 02:49,10.704,10.852,0.148,-13
2019-05-10 03:40,10.56,10.839,0.279,-16
2019-05-11 04:37,10.362,10.757,0.395,-7
2019-05-12 05:39,10.182,10.622,0.44,-3
2019-05-13 06:44,10.082,11.072,0.99,10
2019-05-14 07:49,10.084,11.505,1.421,-7
2019-05-15 21:25,10.648,11.666,1.018,-1
2019-05-16 22:17,11.044,11.833,0.789,-5
2019-05-17 23:06,11.293,12.118,0.825,0
2019-05-18 23:52,11.357,11.889,0.532,-4
2019-05-20 00:38,11.247,11.715,0.468,4
2019-05-21 01:24,10.999,11.669,0.67,6
2019-05-22 02:09,10.654,10.888,0.234,-3
2019-05-23 02:55,10.25,10.635,0.385,5
2019-05-24 03:43,9.829,10.586,0.757,17
2019-05-25 04:33,9.437,10.183,0.746,9
2019-05-26 05:27,9.121,9.638,0.517,9
2019-05-27 06:21,8.909,9.648,0.739,3
2019-05-28 07:16,8.806,9.3,0.494,-4
2019-05-28 19:51,8.961,9.677,0.716,9
2019-05-29 20:39,9.264,10.058,0.794,9
2019-05-30 21:24,9.63,10.373,0.743,0
2019-05-31 22:06,10.023,10.658,0.635,0
2019-06-01 22:46,10.404,10.996,0.592,8
2019-06-02 23:27,10.741,11.643,0.902,-3
2019-06-04 00:10,11.007,11.538,0.531,-4
2019-06-05 00:55,11.179,11.662,0.483,-1
2019-06-06 01:43,11.238,11.836,0.598,-1
2019-06-07 02:33,11.168,11.659,0.491,-3
2019-06-08 03:27,10.967,11.315,0.348,-3
2019-06-09 04:25,10.672,10.731,0.059,-7
2019-06-10 05:26,10.355,10.452,0.097,-8
2019-06-11 06:30,10.079,10.711,0.632,-6
2019-06-12 20:07,10.477,10.629,0.152,-7
2019-06-13 21:04,10.71,11.134,0.424,14
2019-06-14 21:57,10.9,11.226,0.326,-3
2019-06-15 22:46,10.997,11.216,0.219,2
2019-06-16 23:32,10.98,11.521,0.541,10
2019-06-18 00:17,10.862,11.173,0.311,7
2019-06-19 01:02,10.672,11.154,0.482,4
2019-06-20 01:45,10.433,11.131,0.698,3
2019-06-21 02:29,10.157,11.255,1.098,7
2019-06-22 03:13,9.852,10.626,0.774,5
2019-06-23 03:59,9.534,9.937,0.403,-5
2019-06-24 04:48,9.228,9.786,0.558,6
2019-06-25 05:39,8.968,9.579,0.611,3
2019-06-25 18:14,9.005,9.474,0.469,4
2019-06-26 19:01,9.165,9.645,0.48,5
2019-06-27 19:49,9.406,9.776,0.37,5
2019-06-28 20:37,9.736,10.055,0.319,5
2019-06-29 21:24,10.142,10.616,0.474,6
2019-06-30 22:10,10.583,11.213,0.63,-16
2019-07-01 22:57,11.003,11.613,0.61,3
2019-07-02 23:44,11.341,12.066,0.725,-2
2019-07-04 00:34,11.558,12.23,0.672,-4
2019-07-05 01:26,11.626,12.046,0.42,-2
2019-07-06 02:19,11.528,11.862,0.334,5
2019-07-07 03:14,11.258,11.797,0.539,-2
2019-07-08 04:11,10.854,11.301,0.447,7
2019-07-09 05:12,10.39,10.868,0.478,-6
2019-07-10 18:47,10.475,10.898,0.423,7
2019-07-11 19:45,10.473,11.085,0.612,3
2019-07-12 20:43,10.491,11.292,0.801,-1
2019-07-13 21:38,10.527,11.16,0.633,-2
2019-07-14 22:29,10.551,11.016,0.465,1
2019-07-15 23:15,10.536,10.99,0.454,15
2019-07-16 23:59,10.477,10.983,0.506,13
2019-07-18 00:41,10.38,10.78,0.4,19
2019-07-19 01:23,10.247,10.868,0.621,1
2019-07-20 02:04,10.073,10.632,0.559,-4
2019-07-21 02:45,9.851,10.435,0.584,27
2019-07-22 03:27,9.582,10.156,0.574,3
2019-07-23 04:12,9.284,9.989,0.705,6
2019-07-23 16:42,9.165,9.91,0.745,-12
2019-07-24 17:27,9.211,9.622,0.411,-3
2019-07-25 18:14,9.321,9.684,0.363,-2
2019-07-26 19:02,9.514,9.73,0.216,4
2019-07-27 19:53,9.807,10.012,0.205,1
2019-07-28 20:46,10.209,10.717,0.508,8
2019-07-29 21:39,10.69,11.147,0.457,3
2019-07-30 22:31,11.174,11.639,0.465,5
2019-07-31 23:23,11.572,11.99,0.418,1
2019-08-02 00:16,11.816,12.21,0.394,2
2019-08-03 01:09,11.871,12.141,0.27,3
2019-08-04 02:03,11.722,12.072,0.35,3
2019-08-05 02:58,11.371,11.551,0.18,2
2019-08-06 16:27,10.845,11.216,0.371,9
2019-08-07 17:24,10.649,11.255,0.606,6
2019-08-08 18:23,10.428,11.239,0.811,1
2019-08-09 19:22,10.232,10.97,0.738,2
2019-08-10 20:22,10.111,10.767,0.656,2
2019-08-11 21:20,10.088,10.471,0.383,4
2019-08-12 22:12,10.128,10.642,0.514,6
2019-08-13 22:58,10.177,10.76,0.583,2
2019-08-14 23:40,10.201,10.79,0.589,8
2019-08-16 00:20,10.186,10.616,0.43,4
2019-08-17 00:59,10.121,10.494,0.373,1
2019-08-18 01:38,9.999,10.347,0.348,-2
2019-08-19 02:17,9.815,10.271,0.456,1
2019-08-20 02:56,9.571,9.9,0.329,-2
2019-08-20 15:20,9.441,9.546,0.105,-2
2019-08-21 16:00,9.424,9.812,0.388,0
2019-08-22 16:43,9.426,9.782,0.356,-13
2019-08-23 17:31,9.483,9.792,0.309,-7
2019-08-24 18:22,9.625,9.897,0.272,2
2019-08-25 19:17,9.878,10.058,0.18,1
2019-08-26 20:15,10.254,10.606,0.352,3
2019-08-27 21:13,10.735,10.983,0.248,-1
2019-08-28 22:10,11.241,11.958,0.717,2
2019-08-29 23:04,11.655,12.197,0.542,-4
2019-08-30 23:58,11.887,12.19,0.303,-4
2019-09-01 00:52,11.897,12.072,0.175,2
2019-09-02 14:14,11.447,11.803,0.356,4
2019-09-03 02:40,11.26,11.646,0.386,-4
2019-09-04 15:59,11.003,11.403,0.4,1
2019-09-05 16:56,10.598,10.754,0.156,4
2019-09-06 17:55,10.198,10.744,0.546,17
2019-09-07 06:39,9.015,10.786,1.771,15
2019-09-08 19:58,9.71,9.799,0.089,14
2019-09-09 20:58,9.694,10.291,0.597,8
2019-09-10 21:51,9.785,10.143,0.358,3
2019-09-11 22:36,9.904,10.334,0.43,18
2019-09-12 23:17,9.996,10.507,0.511,7
2019-09-13 23:56,10.033,10.278,0.245,10
2019-09-15 00:33,10.002,10.179,0.177,3
2019-09-16 01:11,9.901,10.265,0.364,1
2019-09-16 13:30,9.775,10.258,0.483,12
2019-09-17 14:06,9.792,10.327,0.535,-6
2019-09-18 14:42,9.774,10.225,0.451,0
2019-09-19 15:21,9.735,10.078,0.343,-3
2019-09-20 16:05,9.696,9.9,0.204,-5
2019-09-21 16:54,9.69,9.878,0.188,-6
2019-09-22 17:49,9.76,9.904,0.144,-1
2019-09-23 18:49,9.944,10.137,0.193,-1
2019-09-24 19:50,10.256,10.963,0.707,-2
2019-09-25 20:52,10.681,11.206,0.525,-10
2019-09-26 21:51,11.138,11.905,0.767,3
2019-09-27 22:47,11.505,11.816,0.311,1
2019-09-28 23:40,11.682,11.921,0.239,2
2019-09-30 12:58,11.776,11.944,0.168,-4
2019-10-01 13:48,11.711,12.138,0.427,-6
2019-10-02 14:38,11.42,11.876,0.456,10
2019-10-03 15:30,10.957,11.295,0.338,-6
2019-10-04 16:26,10.416,10.767,0.351,-2
2019-10-05 17:25,9.914,10.005,0.091,5
2019-10-06 18:26,9.547,9.786,0.239,10
2019-10-07 19:28,9.356,9.658,0.302,14
2019-10-08 20:28,9.339,9.835,0.496,2
2019-10-09 21:21,9.449,10.261,0.812,-15
2019-10-10 22:08,9.603,10.898,1.295,22
2019-10-11 22:49,9.735,11.482,1.747,23
2019-10-12 11:11,9.717,10.79,1.073,13
2019-10-14 00:05,9.805,10.593,0.788,1
2019-10-14 12:20,10.06,10.977,0.917,4
2019-10-15 12:55,10.134,10.724,0.59,-1
2019-10-17 02:01,9.415,12.729,3.314,59
2019-10-17 14:09,10.14,11.105,0.965,9
2019-10-18 14:50,10.091,10.776,0.685,-2
2019-10-19 15:35,10.015,10.412,0.397,-5
2019-10-20 16:27,9.936,10.35,0.414,-15
2019-10-21 17:25,9.906,10.616,0.71,-7
2019-10-22 18:27,9.977,10.901,0.924,3
2019-10-23 19:31,10.166,10.806,0.64,-7
2019-10-24 20:34,10.46,10.603,0.143,-4
2019-10-26 10:05,10.988,11.456,0.468,-5
2019-10-27 10:56,11.499,12.259,0.76,4
2019-10-28 11:45,11.795,13.217,1.422,3
2019-10-29 12:33,11.843,12.315,0.472,-3
2019-10-30 13:22,11.657,12.095,0.438,2
2019-10-31 14:12,11.278,12.026,0.748,-6
2019-11-01 02:52,9.929,10.678,0.749,-4
2019-11-02 15:55,10.199,10.931,0.732,-1
2019-11-03 15:51,9.677,10.36,0.683,9
2019-11-04 16:50,9.285,9.838,0.553,-2
2019-11-05 17:50,9.056,9.812,0.756,16
2019-11-06 18:48,8.985,8.972,-0.013,12
2019-11-07 19:42,9.043,9.257,0.214,0
2019-11-08 08:14,9.191,9.49,0.299,10
2019-11-09 08:56,9.53,9.563,0.033,-2
2019-11-10 09:34,9.845,9.881,0.036,-4
2019-11-11 10:10,10.104,10.156,0.052,2
2019-11-12 10:46,10.296,11.19,0.894,14
2019-11-13 11:23,10.423,10.17,-0.253,-5
2019-11-14 12:01,10.494,10.55,0.056,-7
2019-11-15 12:42,10.511,10.547,0.036,-12
2019-11-16 13:25,10.467,10.491,0.024,-7
2019-11-17 14:13,10.356,10.481,0.125,-7
2019-11-18 15:07,10.194,12.049,1.855,-1
2019-11-19 16:06,10.035,10.629,0.594,0
2019-11-20 17:09,9.942,10.76,0.818,-3
2019-11-21 18:13,9.945,10.868,0.923,-7
2019-11-23 07:51,10.549,10.819,0.27,9
2019-11-24 08:45,11.041,12.194,1.153,9
2019-11-25 09:36,11.407,11.967,0.56,0
2019-11-26 10:25,11.578,12.177,0.599,-7
2019-11-27 11:13,11.539,12.233,0.694,-1
2019-11-28 12:00,11.318,12.309,0.991,-12
2019-11-29 12:48,10.959,11.99,1.031,0
2019-11-30 13:36,10.508,10.839,0.331,6
2019-12-01 14:24,10.014,10.986,0.972,6
2019-12-02 15:16,9.533,12.007,2.474,-4
2019-12-03 04:02,8.651,11.21,2.559,-14
2019-12-04 04:55,8.579,9.759,1.18,11
2019-12-05 05:47,8.639,9.569,0.93,1
2019-12-06 06:37,8.813,8.916,0.103,29
2019-12-07 07:26,9.078,9.218,0.14,4
2019-12-08 08:12,9.402,9.189,-0.213,6
2019-12-09 08:54,9.749,9.651,-0.098,12
2019-12-10 09:34,10.084,10.255,0.171,-4
2019-12-11 10:13,10.38,10.498,0.118,5
2019-12-12 10:53,10.621,10.586,-0.035,-5
2019-12-13 11:35,10.791,11.009,0.218,-5
2019-12-14 12:20,10.873,13.044,2.171,4
2019-12-15 13:07,10.849,10.396,-0.453,17
2019-12-16 13:57,10.703,10.009,-0.694,-3
2019-12-17 14:51,10.445,11.105,0.66,-15
2019-12-18 15:50,10.129,10.954,0.825,4
2019-12-20 05:33,9.896,9.815,-0.081,3
2019-12-21 06:32,10.16,10.54,0.38,-14
2019-12-22 07:31,10.455,10.888,0.433,5
2019-12-23 08:27,10.743,11.462,0.719,3
2019-12-24 09:20,10.959,11.515,0.556,-2
2019-12-25 10:09,11.052,11.826,0.774,-9
2019-12-26 10:56,11.008,11.712,0.704,-2
2019-12-27 11:42,10.845,11.511,0.666,6
2019-12-28 12:27,10.589,11.219,0.63,3
2019-12-29 13:11,10.264,10.799,0.535,13
2019-12-30 13:56,9.886,11.495,1.609,-2
2019-12-31 02:34,8.874,11.006,2.132,8
2020-01-01 03:21,8.606,9.504,0.898,9
2020-01-02 04:08,8.545,9.264,0.719,4
2020-01-03 04:57,8.562,9.5,0.938,15
2020-01-04 05:46,8.659,9.582,0.923,-4
2020-01-05 06:36,8.841,9.923,1.082,-12
2020-01-06 07:25,9.118,9.95,0.832,17
2020-01-07 08:14,9.486,9.75,0.264,-2
2020-01-08 09:00,9.916,10.904,0.988,-12
2020-01-09 09:44,10.359,9.756,-0.603,-8
2020-01-10 10:29,10.758,10.691,-0.067,-11
2020-01-11 11:15,11.064,10.937,-0.127,-3
2020-01-12 12:03,11.236,11.675,0.439,3
2020-01-13 12:52,11.241,11.767,0.526,2
2020-01-14 13:44,11.057,11.328,0.271,-2
2020-01-15 14:37,10.694,11.167,0.473,-13
2020-01-17 04:10,10.129,10.799,0.67,-16
2020-01-18 05:09,10.109,10.56,0.451,9
2020-01-19 06:08,10.095,11.544,1.449,-2
2020-01-20 07:09,10.116,10.904,0.788,3
2020-01-21 08:09,10.193,10.603,0.41,9
2020-01-22 09:05,10.296,10.95,0.654,7
2020-01-23 09:55,10.369,10.767,0.398,-1
2020-01-24 10:41,10.375,11.183,0.808,-5
2020-01-25 11:25,10.309,11.426,1.117,-1
2020-01-26 12:07,10.173,11.295,1.122,5
2020-01-27 12:48,9.969,10.885,0.916,6
2020-01-28 13:29,9.696,10.671,0.975,1
2020-01-29 14:10,9.357,10.189,0.832,-4
2020-01-30 02:39,8.866,9.517,0.651,15
2020-01-31 03:22,8.782,9.402,0.62,2
2020-02-01 16:31,8.213,9.257,1.044,11
2020-02-02 04:55,8.701,10.055,1.354,-25
2020-02-03 05:45,8.776,9.963,1.187,-3
2020-02-04 06:38,8.978,9.641,0.663,-32
2020-02-05 07:32,9.332,10.202,0.87,10
2020-02-06 08:25,9.826,10.98,1.154,11
2020-02-07 09:16,10.387,12.42,2.033,2
2020-02-08 10:06,10.915,10.694,-0.221,-6
2020-02-09 10:55,11.318,11.367,0.049,-1
2020-02-10 11:45,11.533,11.511,-0.022,-9
2020-02-11 12:36,11.523,12.253,0.73,-6
2020-02-12 13:28,11.274,11.275,0.001,-4
2020-02-14 02:50,10.71,11.344,0.634,-20
2020-02-15 03:45,10.474,10.484,0.01,-9
2020-02-16 04:43,10.172,9.838,-0.334,5
2020-02-17 05:45,9.89,10.245,0.355,9
2020-02-18 06:49,9.705,10.238,0.533,-7
2020-02-19 07:54,9.672,9.894,0.222,6
2020-02-20 08:52,9.763,9.71,-0.053,-10
2020-02-21 09:43,9.886,10.379,0.493,-1
2020-02-22 10:28,9.974,10.104,0.13,8
2020-02-23 11:09,9.999,10.54,0.541,3
2020-02-24 11:48,9.952,10.829,0.877,0
2020-02-25 12:25,9.831,10.652,0.821,-1
2020-02-26 13:03,9.631,10.534,0.903,-3
2020-02-27 13:41,9.353,11.026,1.673,1
2020-02-28 02:01,9.23,9.543,0.313,-7
2020-02-29 02:40,9.126,9.704,0.578,-4
2020-03-01 03:22,9.006,9.802,0.796,-10
2020-03-02 04:08,8.918,9.74,0.822,-8
2020-03-03 05:00,8.918,9.674,0.756,-6
2020-03-04 05:55,9.058,10.035,0.977,-31
2020-03-05 06:54,9.374,9.241,-0.133,-6
2020-03-06 07:54,9.866,10.379,0.513,0
2020-03-07 08:50,10.462,12.315,1.853,4
2020-03-08 10:44,11.03,11.131,0.101,-14
2020-03-09 11:35,11.45,11.938,0.488,-5
2020-03-10 12:27,11.647,12.358,0.711,-3
2020-03-12 01:44,11.435,12.256,0.821,-8
2020-03-13 02:33,11.404,12.302,0.898,9
2020-03-13 15:03,10.768,11.741,0.973,-3
2020-03-15 04:19,10.673,10.626,-0.047,-1
2020-03-16 05:18,10.153,10.448,0.295,0
2020-03-17 06:21,9.695,10.081,0.386,3
2020-03-18 07:27,9.399,9.848,0.449,3
2020-03-19 08:34,9.316,9.982,0.666,2
2020-03-20 09:34,9.406,10.133,0.727,2
2020-03-21 10:25,9.56,9.412,-0.148,11
2020-03-22 11:08,9.691,9.822,0.131,-8
2020-03-23 11:47,9.762,9.838,0.076,-11
2020-03-24 00:09,9.448,10.494,1.046,9
2020-03-25 13:01,9.683,10.517,0.834,5
2020-03-26 01:17,9.665,10.767,1.102,-17
2020-03-27 01:51,9.674,10.99,1.316,-21
2020-03-28 02:26,9.619,10.429,0.81,-2
2020-03-29 03:03,9.518,10.189,0.671,-3
2020-03-30 03:44,9.396,10.839,1.443,-26
2020-03-31 04:31,9.29,10.363,1.073,-1
2020-04-01 05:23,9.253,10.521,1.268,1
2020-04-02 06:22,9.341,10.77,1.429,-16
2020-04-03 07:23,9.588,12.145,2.557,1
2020-04-04 08:26,9.995,11.567,1.572,-8
2020-04-05 09:26,10.505,11.072,0.567,-8
2020-04-06 10:22,10.997,11.593,0.596,-4
2020-04-07 23:40,11.44,12.482,1.042,-4
2020-04-09 00:29,11.8,12.912,1.112,-5
2020-04-10 01:19,11.893,12.896,1.003,-25
2020-04-11 02:09,11.715,12.158,0.443,-15
2020-04-12 03:00,11.299,11.488,0.189,-6
2020-04-13 03:54,10.722,11.039,0.317,0
2020-04-14 04:52,10.106,10.419,0.313,14
2020-04-15 05:55,9.585,10.288,0.703,-1
2020-04-16 07:00,9.242,10.078,0.836,-18
2020-04-17 08:05,9.105,9.33,0.225,7
2020-04-18 09:05,9.143,10.101,0.958,-5
2020-04-19 09:56,9.269,10.13,0.861,4
2020-04-20 10:40,9.4,10.271,0.871,8
2020-04-21 11:19,9.487,10.816,1.329,5
2020-04-21 23:35,9.758,10.622,0.864,1
2020-04-23 00:09,9.913,9.795,-0.118,9
2020-04-24 13:12,9.367,10.087,0.72,0
2020-04-25 01:19,10.011,10.694,0.683,-13
2020-04-26 01:55,9.98,10.147,0.167,-7
2020-04-27 02:34,9.915,11.544,1.629,-10
2020-04-28 03:16,9.829,11.193,1.364,-16
2020-04-29 04:03,9.739,10.658,0.919,-3
2020-04-30 04:57,9.681,10.015,0.334,-9
2020-05-01 05:56,9.703,10.74,1.037,-20
2020-05-02 06:58,9.834,10.284,0.45,-4
2020-05-03 08:01,10.076,10.829,0.753,-7
2020-05-04 21:34,10.707,11.413,0.706,-16
2020-05-05 22:26,11.339,11.912,0.573,-8
2020-05-06 23:16,11.794,12.489,0.695,-4
2020-05-08 00:05,12.003,12.824,0.821,-5
2020-05-09 00:55,11.956,12.781,0.825,-1
2020-05-10 01:46,11.679,10.97,-0.709,-16
2020-05-11 02:37,11.219,11.236,0.017,-7
2020-05-12 03:30,10.647,11.0,0.353,0
2020-05-13 04:26,10.055,9.845,-0.21,4
2020-05-14 05:26,9.543,9.339,-0.204,-2
2020-05-15 06:27,9.174,9.484,0.31,-3
2020-05-16 07:26,8.961,9.225,0.264,-14
2020-05-16 20:06,8.889,9.198,0.309,6
2020-05-17 20:56,9.123,9.051,-0.072,-8
2020-05-18 21:41,9.41,9.53,0.12,-5
2020-05-19 22:21,9.692,9.526,-0.166,-3
2020-05-20 22:58,9.929,9.549,-0.38,-4
2020-05-21 23:34,10.104,9.668,-0.436,-4
2020-05-23 00:11,10.217,10.153,-0.064,-5
2020-05-24 00:49,10.282,10.498,0.216,-7
2020-05-25 01:28,10.313,10.553,0.24,-4
2020-05-26 02:10,10.313,10.75,0.437,-10
2020-05-27 02:55,10.275,10.619,0.344,-7
2020-05-28 03:43,10.195,10.439,0.244,-7
2020-05-29 04:38,10.092,10.317,0.225,-8
2020-05-30 05:36,10.005,10.557,0.552,-6
2020-05-31 06:37,9.969,10.458,0.489,-1
2020-06-01 20:13,10.525,10.75,0.225,-7
2020-06-02 21:09,11.023,11.416,0.393,-9
2020-06-03 22:03,11.448,12.181,0.733,-9
2020-06-04 22:54,11.717,12.099,0.382,0
2020-06-05 23:44,11.785,12.328,0.543,-2
2020-06-07 00:35,11.659,12.325,0.666,1
2020-06-08 01:26,11.374,11.843,0.469,-8
2020-06-09 02:16,10.971,11.508,0.537,8
2020-06-10 03:07,10.492,11.088,0.596,-1
2020-06-11 03:59,9.987,10.563,0.576,7
2020-06-12 04:53,9.515,9.966,0.451,1
2020-06-13 05:48,9.125,9.418,0.293,0
2020-06-13 18:27,8.957,9.241,0.284,3
2020-06-14 19:17,9.04,9.084,0.044,1
2020-06-15 20:06,9.201,9.346,0.145,0
2020-06-16 20:53,9.421,9.448,0.027,1
2020-06-17 21:38,9.675,9.72,0.045,-2
2020-06-18 22:20,9.93,9.878,-0.052,4
2020-06-19 23:00,10.164,10.143,-0.021,6
2020-06-20 23:40,10.367,10.727,0.36,2
2020-06-22 00:22,10.534,11.059,0.525,2
2020-06-23 01:05,10.66,11.118,0.458,-5
2020-06-24 01:50,10.729,11.36,0.631,-2
2020-06-25 02:37,10.717,11.269,0.552,5
2020-06-26 03:27,10.605,11.091,0.486,-9
2020-06-27 04:21,10.405,10.803,0.398,-9
2020-06-28 17:57,10.217,10.924,0.707,-3
2020-06-29 18:53,10.476,11.177,0.701,1
2020-06-30 19:50,10.73,11.183,0.453,-8
2020-07-01 20:48,10.971,11.557,0.586,0
2020-07-02 21:44,11.176,12.03,0.854,10
2020-07-03 22:37,11.298,12.358,1.06,5
2020-07-04 23:28,11.3,12.21,0.91,8
2020-07-06 00:19,11.182,12.108,0.926,5
2020-07-07 01:08,10.963,11.551,0.588,4
2020-07-08 01:56,10.664,11.098,0.434,10
2020-07-09 02:42,10.299,10.77,0.471,-12
2020-07-10 03:29,9.887,10.393,0.506,13
2020-07-11 04:17,9.461,10.166,0.705,13
2020-07-12 05:07,9.06,9.782,0.722,5
2020-07-12 17:40,9.094,9.592,0.498,8
2020-07-13 18:27,9.113,9.789,0.676,-3
2020-07-14 19:16,9.186,9.884,0.698,14
2020-07-15 20:05,9.327,9.743,0.416,13
2020-07-16 20:54,9.549,9.845,0.296,0
2020-07-17 21:42,9.846,10.156,0.31,12
2020-07-18 22:27,10.185,10.639,0.454,3
2020-07-19 23:12,10.523,11.078,0.555,6
2020-07-20 23:57,10.819,11.272,0.453,-3
2020-07-22 00:43,11.037,11.606,0.569,-1
2020-07-23 01:31,11.143,11.675,0.532,-1
2020-07-24 02:20,11.107,11.6,0.493,-2
2020-07-25 03:11,10.912,11.295,0.383,1
2020-07-26 04:05,10.577,10.809,0.232,-5
2020-07-27 17:34,10.623,11.18,0.557,-4
2020-07-28 18:31,10.63,11.121,0.491,5
2020-07-29 19:30,10.624,11.091,0.467,18
2020-07-30 20:31,10.642,11.321,0.679,11
2020-07-31 21:30,10.703,11.4,0.697,6
2020-08-01 22:25,10.768,11.439,0.671,5
2020-08-02 23:16,10.783,11.564,0.781,8
2020-08-04 00:04,10.722,11.164,0.442,2
2020-08-05 00:50,10.582,11.131,0.549,28
2020-08-06 01:34,10.371,10.773,0.402,2
2020-08-07 02:16,10.092,10.271,0.179,8
2020-08-08 02:58,9.755,10.002,0.247,8
2020-08-09 03:42,9.373,9.579,0.206,0
2020-08-10 16:52,9.203,9.504,0.301,2
2020-08-11 17:39,9.14,9.323,0.183,3
2020-08-12 18:28,9.136,9.435,0.299,8
2020-08-13 19:19,9.225,9.431,0.206,11
2020-08-14 20:12,9.442,9.841,0.399,6
2020-08-15 21:05,9.796,10.481,0.685,1
2020-08-16 21:56,10.246,11.032,0.786,4
2020-08-17 22:45,10.712,11.505,0.793,-3
2020-08-18 23:33,11.11,11.751,0.641,3
2020-08-20 00:21,11.374,11.816,0.442,3
2020-08-21 01:11,11.465,11.672,0.207,1
2020-08-22 02:02,11.36,11.692,0.332,-2
2020-08-22 14:31,11.055,11.502,0.447,5
2020-08-23 15:21,11.114,11.406,0.292,-3
2020-08-24 16:14,11.009,11.164,0.155,-2
2020-08-25 17:11,10.794,11.301,0.507,1
2020-08-26 18:11,10.545,10.977,0.432,7
2020-08-27 19:13,10.336,10.606,0.27,11
2020-08-28 20:18,10.228,10.898,0.67,-18
2020-08-29 21:20,10.242,11.429,1.187,-2
2020-08-30 22:15,10.315,10.816,0.501,-3
2020-08-31 23:04,10.364,10.862,0.498,8
2020-09-01 23:48,10.348,10.819,0.471,12
2020-09-03 00:30,10.257,10.832,0.575,12
2020-09-04 01:10,10.096,10.832,0.736,2
2020-09-05 01:49,9.871,10.199,0.328,5
2020-09-06 14:47,9.591,9.848,0.257,7
2020-09-07 15:26,9.471,9.658,0.187,4
2020-09-08 16:08,9.324,9.444,0.12,-2
2020-09-09 16:54,9.194,9.323,0.129,-6
2020-09-10 17:44,9.139,9.353,0.214,-8
2020-09-11 18:38,9.208,9.408,0.2,4
2020-09-12 19:34,9.433,9.517,0.084,-4
2020-09-13 20:31,9.823,10.124,0.301,5
2020-09-14 21:26,10.33,10.544,0.214,4
2020-09-15 22:19,10.855,10.94,0.085,-1
2020-09-16 23:09,11.285,11.255,-0.03,3
2020-09-17 23:59,11.535,11.669,0.134,-5
2020-09-19 00:50,11.571,11.918,0.347,4
2020-09-19 13:15,11.605,11.872,0.267,3
2020-09-20 14:05,11.702,11.731,0.029,1
2020-09-21 14:56,11.563,11.715,0.152,-2
2020-09-22 15:50,11.221,12.745,1.524,22
2020-09-23 16:48,10.769,10.553,-0.216,0
2020-09-24 17:51,10.331,10.701,0.37,3
2020-09-25 18:57,10.007,10.521,0.514,3
2020-09-26 20:03,9.849,10.268,0.419,-3
2020-09-27 21:05,9.849,10.504,0.655,1
2020-09-28 22:00,9.925,10.586,0.661,0
2020-09-29 22:46,9.987,10.704,0.717,8
2020-09-30 23:28,9.991,10.32,0.329,-4
2020-10-02 00:06,9.927,10.402,0.475,6
2020-10-03 00:44,9.798,10.284,0.486,4
2020-10-04 13:34,9.891,9.963,0.072,-4
2020-10-05 14:10,9.797,10.005,0.208,-10
2020-10-06 14:48,9.652,10.065,0.413,-6
2020-10-07 15:29,9.483,9.999,0.516,-11
2020-10-08 16:15,9.332,9.123,-0.209,-9
2020-10-09 17:06,9.253,8.985,-0.268,0
2020-10-10 18:02,9.303,9.264,-0.039,-8
2020-10-11 19:01,9.508,9.704,0.196,-1
2020-10-12 20:00,9.864,10.019,0.155,0
2020-10-13 20:59,10.328,11.026,0.698,-5
2020-10-14 21:54,10.81,11.082,0.272,-6
2020-10-15 22:46,11.193,11.626,0.433,-4
2020-10-16 23:38,11.391,11.905,0.514,4
2020-10-17 12:00,11.917,12.069,0.152,6
2020-10-18 12:49,12.114,11.941,-0.173,5
2020-10-19 13:40,12.042,11.925,-0.117,-10
2020-10-20 14:32,11.722,11.659,-0.063,4
2020-10-21 15:26,11.212,11.328,0.116,-2
2020-10-22 16:25,10.619,10.681,0.062,5
2020-10-23 17:29,10.079,10.491,0.412,7
2020-10-24 18:35,9.69,10.107,0.417,7
2020-10-25 19:40,9.48,9.832,0.352,2
2020-10-26 20:41,9.429,9.966,0.537,1
2020-10-28 10:04,9.527,9.818,0.291,8
2020-10-29 10:42,9.76,10.327,0.567,0
2020-10-30 11:18,9.939,11.367,1.428,24
2020-10-30 23:40,9.518,10.366,0.848,-4
2020-11-01 11:26,10.082,10.439,0.357,-2
2020-11-01 23:56,9.292,10.219,0.927,-2
2020-11-03 12:39,9.956,9.287,-0.669,-15
2020-11-04 13:17,9.83,10.13,0.3,-23
2020-11-05 13:58,9.691,9.599,-0.092,-10
2020-11-06 14:44,9.559,9.467,-0.092,-8
2020-11-07 15:35,9.47,9.602,0.132,-5
2020-11-08 16:32,9.468,9.95,0.482,-14
2020-11-09 17:32,9.583,9.53,-0.053,-14
2020-11-10 18:32,9.81,9.966,0.156,-14
2020-11-11 19:33,10.127,10.409,0.282,-9
2020-11-12 08:05,10.511,10.796,0.285,-5
2020-11-13 08:56,11.217,11.981,0.764,-8
2020-11-14 09:46,11.785,12.115,0.33,-4
2020-11-15 10:36,12.121,12.584,0.463,0
2020-11-16 11:26,12.188,12.62,0.432,4
2020-11-17 12:18,11.998,12.358,0.36,0
2020-11-18 13:10,11.594,11.662,0.068,-4
2020-11-19 14:05,11.036,10.701,-0.335,7
2020-11-20 15:02,10.413,10.065,-0.348,-2
2020-11-21 16:02,9.83,9.9,0.07,-2
2020-11-23 05:52,8.891,9.727,0.836,-4
2020-11-23 18:06,9.075,9.645,0.57,-6
2020-11-25 07:40,9.169,9.208,0.039,-10
2020-11-26 08:26,9.414,9.96,0.546,-8
2020-11-27 09:06,9.661,10.078,0.417,6
2020-11-28 09:44,9.869,10.261,0.392,10
2020-11-29 10:20,10.015,10.232,0.217,-8
2020-11-30 10:57,10.092,10.721,0.629,3
2020-12-01 11:34,10.112,11.357,1.245,-22
2020-12-02 12:12,10.089,10.78,0.691,6
2020-12-03 12:52,10.039,10.475,0.436,-4
2020-12-04 13:34,9.964,10.544,0.58,-16
2020-12-05 14:20,9.862,11.905,2.043,-2
2020-12-06 15:11,9.741,9.513,-0.228,-5
2020-12-07 16:07,9.635,9.963,0.328,5
2020-12-08 17:06,9.582,10.462,0.88,0
2020-12-09 05:46,9.596,10.353,0.757,-16
2020-12-10 06:42,10.114,10.694,0.58,-12
2020-12-11 07:38,10.675,10.872,0.197,-14
2020-12-12 08:33,11.21,11.59,0.38,-3
2020-12-13 09:25,11.627,12.443,0.816,5
2020-12-14 10:17,11.85,12.82,0.97,13
2020-12-15 11:08,11.851,11.698,-0.153,-2
2020-12-16 12:00,11.646,11.367,-0.279,0
2020-12-17 12:52,11.273,13.178,1.905,8
2020-12-18 13:43,10.771,11.695,0.924,-1
2020-12-19 14:36,10.193,10.918,0.725,-6
2020-12-20 15:30,9.609,10.219,0.61,6
2020-12-21 16:27,9.092,10.363,1.271,15
2020-12-22 17:24,8.689,9.271,0.582,0
2020-12-24 06:51,8.929,9.589,0.66,-9
2020-12-25 07:40,9.109,10.025,0.916,20
2020-12-26 08:27,9.341,9.694,0.353,-15
2020-12-27 09:10,9.588,9.743,0.155,2
2020-12-28 09:50,9.815,10.376,0.561,-8
2020-12-29 10:29,10.007,10.015,0.008,-11
2020-12-30 11:09,10.157,9.956,-0.201,3
2020-12-31 11:49,10.266,10.662,0.396,-1
2021-01-01 12:31,10.383,10.708,0.325,-7
2021-01-02 13:15,10.374,11.462,1.088,-9
2021-01-03 14:00,10.271,11.075,0.804,6
2021-01-04 14:50,10.066,10.98,0.914,-26
2021-01-05 15:44,9.788,11.255,1.467,-8
2021-01-06 04:20,9.699,11.295,1.596,-2
2021-01-07 05:16,9.938,11.029,1.091,-10
2021-01-08 06:13,10.193,10.727,0.534,5
2021-01-09 07:12,10.464,11.485,1.021,12
2021-01-10 08:11,10.745,11.744,0.999,1
2021-01-11 09:08,10.995,11.807,0.812,-2
2021-01-12 10:02,11.146,11.921,0.775,4
2021-01-13 10:54,11.155,12.148,0.993,0
2021-01-14 11:45,11.018,12.138,1.12,9
2021-01-15 12:35,10.746,11.702,0.956,1
2021-01-16 13:23,10.356,12.666,2.31,1
2021-01-17 14:10,9.872,10.074,0.202,2
2021-01-18 14:58,9.339,10.051,0.712,-10
2021-01-20 04:20,8.789,9.244,0.455,-8
2021-01-21 05:09,8.712,9.628,0.916,-9
2021-01-22 06:00,8.706,9.95,1.244,-6
2021-01-23 06:52,8.793,9.769,0.976,-4
2021-01-24 07:45,8.988,8.664,-0.324,-3
2021-01-25 08:34,9.283,9.73,0.447,-16
2021-01-26 09:20,9.635,10.465,0.83,-8
2021-01-27 10:03,9.997,11.341,1.344,-9
2021-01-28 10:45,10.324,11.37,1.046,-9
2021-01-29 11:27,10.582,11.58,0.998,-3
2021-01-30 12:11,10.734,11.587,0.853,-11
2021-01-31 12:55,10.748,11.272,0.524,-1
2021-02-01 13:42,10.597,12.135,1.538,0
2021-02-02 02:13,10.081,13.26,3.179,-1
2021-02-03 03:01,10.178,12.033,1.855,-7
2021-02-04 03:53,10.185,11.597,1.412,-5
2021-02-05 04:50,10.138,11.255,1.117,-2
2021-02-06 05:50,10.088,11.009,0.921,-2
2021-02-07 06:54,10.093,10.54,0.447,6
2021-02-08 07:58,10.201,10.694,0.493,26
2021-02-09 08:59,10.386,10.609,0.223,1
2021-02-10 09:55,10.552,11.567,1.015,5
2021-02-11 10:45,10.623,11.128,0.505,-3
2021-02-12 11:33,10.568,10.954,0.386,3
2021-02-13 12:17,10.387,10.829,0.442,-11
2021-02-14 13:00,10.091,10.626,0.535,-6
2021-02-15 13:42,9.699,10.455,0.756,-6
2021-02-16 14:25,9.239,10.77,1.531,5
2021-02-18 03:31,8.947,9.251,0.304,11
2021-02-19 04:18,8.76,9.631,0.871,-12
2021-02-20 05:09,8.633,9.789,1.156,-27
2021-02-21 06:03,8.618,9.162,0.544,-15
2021-02-22 07:00,8.762,9.054,0.292,-6
2021-02-23 07:55,9.082,9.51,0.428,-1
2021-02-24 08:47,9.536,10.222,0.686,-5
2021-02-25 09:34,10.039,9.851,-0.188,-10
2021-02-26 10:19,10.501,10.498,-0.003,-7
2021-02-27 11:03,10.852,11.446,0.594,-3
2021-02-28 11:49,11.041,10.918,-0.123,-7
2021-03-01 12:36,11.035,12.194,1.159,-12
2021-03-02 01:01,10.785,10.484,-0.301,23
2021-03-03 01:47,10.903,10.153,-0.75,1
2021-03-04 02:36,10.819,11.137,0.318,0
2021-03-05 03:30,10.567,10.678,0.111,6
2021-03-06 04:29,10.233,10.435,0.202,1
2021-03-07 05:33,9.93,10.235,0.305,3
2021-03-08 06:41,9.758,10.147,0.389,-5
2021-03-09 07:49,9.777,10.166,0.389,-1
2021-03-10 08:52,9.939,10.209,0.27,2
2021-03-11 09:46,10.11,10.393,0.283,2
2021-03-12 10:33,10.199,10.252,0.053,-3
2021-03-13 11:17,10.175,10.058,-0.117,-11
2021-03-14 12:57,10.043,10.688,0.645,-3
2021-03-15 13:36,9.82,10.078,0.258,-6
2021-03-17 02:30,9.601,9.979,0.378,0
2021-03-18 03:08,9.427,9.894,0.467,10
2021-03-19 03:48,9.198,10.028,0.83,-6
2021-03-20 04:34,8.957,9.097,0.14,-4
2021-03-21 05:24,8.768,8.87,0.102,-6
2021-03-22 06:19,8.704,8.477,-0.227,-13
2021-03-23 07:17,8.814,8.874,0.06,-11
2021-03-24 08:15,9.12,9.287,0.167,-9
2021-03-25 09:11,9.591,9.864,0.273,-5
2021-03-26 10:02,10.134,10.511,0.377,-2
2021-03-27 10:51,10.635,10.626,-0.009,-3
2021-03-28 11:38,10.999,11.508,0.509,-2
2021-03-29 00:02,10.923,11.885,0.962,4
2021-03-30 13:15,11.124,10.977,-0.147,-3
2021-03-31 01:34,11.588,11.305,-0.283,2
2021-04-01 02:23,11.556,11.918,0.362,1
2021-04-02 03:14,11.275,11.771,0.496,-8
2021-04-03 04:09,10.809,10.901,0.092,15
2021-04-04 05:11,10.282,10.593,0.311,1
2021-04-05 06:18,9.839,10.727,0.888,6
2021-04-06 07:28,9.578,10.501,0.923,2
2021-04-07 08:37,9.531,10.301,0.77,-1
2021-04-08 09:39,9.63,10.386,0.756,-9
2021-04-09 10:31,9.748,10.34,0.592,-7
2021-04-10 23:36,9.779,10.507,0.728,-6
2021-04-11 11:56,9.779,10.757,0.978,4
2021-04-12 12:34,9.68,10.878,1.198,14
2021-04-14 01:21,9.934,10.708,0.774,-3
2021-04-15 01:56,9.837,10.537,0.7,10
2021-04-16 02:34,9.674,11.019,1.345,-4
2021-04-17 03:14,9.466,11.21,1.744,-14
2021-04-18 03:57,9.249,10.189,0.94,-3
2021-04-19 04:47,9.077,9.759,0.682,-11
2021-04-20 05:41,9.012,9.615,0.603,-5
2021-04-21 06:38,9.096,9.602,0.506,-14
2021-04-22 07:36,9.337,9.484,0.147,-24
2021-04-23 08:34,9.717,8.936,-0.781,14
2021-04-24 09:30,10.173,10.114,-0.059,-6
2021-04-25 10:22,10.602,11.003,0.401,-4
2021-04-25 22:45,11.065,11.629,0.564,-3
2021-04-26 23:32,11.642,11.659,0.017,-2
2021-04-28 00:20,11.99,12.033,0.043,-2
2021-04-29 01:10,12.072,12.62,0.548,2
2021-04-30 02:01,11.891,12.902,1.011,5
2021-05-01 02:55,11.478,11.738,0.26,-7
2021-05-02 03:52,10.911,11.278,0.367,2
2021-05-03 04:55,10.314,10.74,0.426,-13
2021-05-04 06:01,9.817,10.57,0.753,-7
2021-05-05 07:09,9.487,10.471,0.984,-9
2021-05-06 08:14,9.331,10.038,0.707,-2
2021-05-07 21:44,9.508,10.087,0.579,-14
2021-05-08 22:26,9.741,10.56,0.819,-2
2021-05-09 23:04,9.92,10.019,0.099,2
2021-05-10 23:39,10.033,10.373,0.34,3
2021-05-12 00:14,10.078,10.14,0.062,-2
2021-05-13 00:50,10.057,10.15,0.093,-2
2021-05-14 01:27,9.98,9.894,-0.086,-9
2021-05-15 02:06,9.864,9.91,0.046,-6
2021-05-16 02:46,9.726,9.818,0.092,-10
2021-05-17 03:29,9.585,9.674,0.089,1
2021-05-18 04:17,9.47,9.31,-0.16,-5
2021-05-19 05:09,9.412,9.451,0.039,3
2021-05-20 06:05,9.442,9.264,-0.178,1
2021-05-21 07:02,9.564,8.962,-0.602,-2
2021-05-22 08:01,9.774,9.51,-0.264,5
2021-05-22 20:33,10.23,10.045,-0.185,-3
2021-05-23 21:25,10.914,10.75,-0.164,5
2021-05-24 22:15,11.53,11.246,-0.284,3
2021-05-25 23:05,11.976,11.39,-0.586,1
2021-05-26 23:56,12.185,12.184,-0.001,4
2021-05-28 00:49,12.146,12.102,-0.044,-1
2021-05-29 01:43,11.886,12.066,0.18,5
2021-05-30 02:38,11.446,12.023,0.577,-2
2021-05-31 03:36,10.886,11.344,0.458,-6
2021-06-01 04:36,10.295,10.458,0.163,0
2021-06-02 05:38,9.767,9.904,0.137,-8
2021-06-03 06:40,9.354,9.723,0.369,-4
2021-06-04 20:15,9.389,9.625,0.236,3
2021-06-05 21:04,9.545,9.897,0.352,2
2021-06-06 21:49,9.72,9.93,0.21,5
2021-06-07 22:29,9.879,9.887,0.008,1
2021-06-08 23:07,9.998,10.042,0.044,5
2021-06-09 23:45,10.068,10.439,0.371,-9
2021-06-11 00:23,10.092,10.468,0.376,1
2021-06-12 01:02,10.082,10.416,0.334,-8
2021-06-13 01:42,10.051,10.599,0.548,-6
2021-06-14 02:23,10.004,10.425,0.421,-5
2021-06-15 03:05,9.941,10.524,0.583,-5
2021-06-16 03:52,9.859,10.468,0.609,2
2021-06-17 04:42,9.769,10.028,0.259,-6
2021-06-18 05:37,9.693,9.894,0.201,-7
2021-06-19 06:34,9.653,9.887,0.234,8
2021-06-19 19:06,10.179,10.402,0.223,0
2021-06-20 20:00,10.665,10.881,0.216,0
2021-06-21 20:55,11.148,11.449,0.301,11
2021-06-22 21:50,11.571,12.108,0.537,-2
2021-06-23 22:44,11.863,11.938,0.075,10
2021-06-24 23:38,11.971,11.882,-0.089,10
2021-06-26 00:33,11.888,11.918,0.03,9
2021-06-27 01:28,11.638,11.748,0.11,2
2021-06-28 02:22,11.244,11.098,-0.146,8
2021-06-29 03:16,10.738,10.754,0.016,2
2021-06-30 04:11,10.173,10.17,-0.003,7
2021-07-01 05:08,9.62,10.137,0.517,16
2021-07-02 18:38,9.351,10.225,0.874,-2
2021-07-03 19:29,9.347,10.462,1.115,19
2021-07-04 20:19,9.405,10.101,0.696,5
2021-07-05 21:07,9.524,9.779,0.255,-1
2021-07-06 21:53,9.683,9.933,0.25,13
2021-07-07 22:36,9.851,10.311,0.46,0
2021-07-08 23:17,10.003,10.412,0.409,1
2021-07-09 23:57,10.129,10.445,0.316,9
2021-07-11 00:38,10.228,10.671,0.443,4
2021-07-12 01:19,10.297,10.724,0.427,-1
2021-07-13 02:00,10.324,10.678,0.354,-6
2021-07-14 02:44,10.292,10.589,0.297,-2
2021-07-15 03:29,10.183,10.56,0.377,-5
2021-07-16 04:19,10.003,10.274,0.271,-7
2021-07-16 16:53,9.99,10.245,0.255,7
2021-07-17 17:44,10.257,10.383,0.126,4
2021-07-18 18:38,10.515,10.862,0.347,-2
2021-07-19 19:34,10.763,11.16,0.397,2
2021-07-20 20:33,11.009,11.639,0.63,3
2021-07-21 21:33,11.253,11.997,0.744,9
2021-07-22 22:30,11.447,12.154,0.707,6
2021-07-23 23:25,11.528,12.154,0.626,-1
2021-07-25 00:19,11.468,12.207,0.739,5
2021-07-26 01:12,11.266,12.125,0.859,0
2021-07-27 02:03,10.93,11.643,0.713,9
2021-07-28 02:53,10.478,11.075,0.597,-5
2021-07-29 03:43,9.948,10.402,0.454,-1
2021-07-30 04:33,9.4,10.258,0.858,3
2021-07-31 17:51,9.298,9.677,0.379,3
2021-08-01 18:41,9.205,9.851,0.646,7
2021-08-02 19:33,9.184,9.618,0.434,-3
2021-08-03 20:25,9.261,9.622,0.361,5
2021-08-04 21:17,9.442,9.966,0.524,7
2021-08-05 22:04,9.696,10.215,0.519,2
2021-08-06 22:48,9.973,10.261,0.288,6
2021-08-07 23:31,10.234,10.665,0.431,11
2021-08-09 00:12,10.448,10.967,0.519,6
2021-08-10 00:54,10.595,11.068,0.473,0
2021-08-11 01:37,10.65,11.128,0.478,-7
2021-08-12 02:22,10.592,11.006,0.414,-4
2021-08-13 03:08,10.406,10.724,0.318,-2
2021-08-13 15:36,10.434,10.744,0.31,0
2021-08-14 16:24,10.544,10.79,0.246,0
2021-08-15 17:18,10.581,10.606,0.025,6
2021-08-16 18:15,10.579,10.773,0.194,3
2021-08-17 19:16,10.583,10.852,0.269,8
2021-08-18 20:19,10.646,11.059,0.413,11
2021-08-19 21:22,10.788,11.672,0.884,8
2021-08-20 22:21,10.951,11.862,0.911,3
2021-08-21 23:15,11.043,11.974,0.931,3
2021-08-23 00:06,11.008,12.276,1.268,6
2021-08-24 00:55,10.836,12.04,1.204,5
2021-08-25 01:42,10.539,11.232,0.693,0
2021-08-26 14:51,9.874,10.553,0.679,3
2021-08-27 15:32,9.683,10.087,0.404,-2
2021-08-28 16:16,9.456,9.91,0.454,2
2021-08-29 17:04,9.234,9.631,0.397,-4
2021-08-30 17:55,9.064,9.74,0.676,-7
2021-08-31 18:48,8.99,9.848,0.858,0
2021-09-01 19:44,9.05,9.681,0.631,4
2021-09-02 20:39,9.263,9.799,0.536,3
2021-09-03 21:31,9.6,9.969,0.369,5
2021-09-04 22:17,9.994,10.261,0.267,1
2021-09-05 23:01,10.37,11.029,0.659,11
2021-09-06 23:44,10.67,11.236,0.566,4
2021-09-08 00:28,10.854,11.252,0.398,-4
2021-09-09 01:13,10.895,11.442,0.547,5
2021-09-09 13:37,10.818,11.449,0.631,-13
2021-09-10 14:21,11.026,11.403,0.377,3
2021-09-11 15:08,11.068,11.075,0.007,-2
2021-09-12 16:00,10.945,11.206,0.261,0
2021-09-13 16:56,10.714,10.786,0.072,10
2021-09-14 17:58,10.468,11.055,0.587,8
2021-09-15 19:03,10.296,10.986,0.69,21
2021-09-16 20:10,10.257,10.639,0.382,2
2021-09-17 21:15,10.354,10.852,0.498,3
2021-09-18 22:13,10.495,11.108,0.613,11
2021-09-19 23:05,10.568,11.37,0.802,7
2021-09-20 23:52,10.522,10.963,0.441,2
2021-09-22 00:36,10.356,10.603,0.247,6
2021-09-23 01:18,10.091,10.612,0.521,0
2021-09-24 14:13,9.967,10.566,0.599,5
2021-09-25 14:52,9.756,10.363,0.607,2
2021-09-26 15:34,9.496,10.327,0.831,8
2021-09-27 16:20,9.227,9.74,0.513,-2
2021-09-28 17:11,9.009,9.481,0.472,-5
2021-09-29 18:06,8.906,9.421,0.515,0
2021-09-30 19:03,8.96,9.395,0.435,-3
2021-10-01 19:59,9.182,9.622,0.44,-5
2021-10-02 20:54,9.548,9.897,0.349,0
2021-10-03 21:44,9.991,10.721,0.73,-2
2021-10-04 22:30,10.421,10.773,0.352,-6
2021-10-05 23:16,10.758,10.832,0.074,2
2021-10-06 11:39,10.856,11.075,0.219,3
2021-10-07 12:22,11.318,11.456,0.138,2
2021-10-08 13:07,11.601,11.958,0.357,-1
2021-10-09 13:54,11.671,11.964,0.293,0
2021-10-10 14:45,11.515,11.816,0.301,9
2021-10-11 15:39,11.167,11.695,0.528,3
2021-10-12 16:39,10.719,11.229,0.51,9
2021-10-13 17:44,10.304,11.062,0.758,10
2021-10-14 18:52,10.024,10.921,0.897,2
2021-10-15 20:01,9.913,10.862,0.949,-7
2021-10-16 21:05,9.942,11.259,1.317,7
2021-10-17 22:01,10.014,10.97,0.956,11
2021-10-18 22:50,10.035,10.885,0.85,-2
2021-10-20 11:50,10.232,10.901,0.669,4
2021-10-21 12:26,10.234,10.865,0.631,-2
2021-10-22 13:02,10.156,10.921,0.765,4
2021-10-23 13:39,10.008,10.632,0.624,-9
2021-10-24 14:18,9.801,9.697,-0.104,0
2021-10-25 14:59,9.552,9.996,0.444,7
2021-10-26 15:43,9.293,10.898,1.605,11
2021-10-27 04:29,8.171,11.751,3.58,-5
2021-10-28 05:21,8.045,10.399,2.354,-3
2021-10-29 18:23,8.986,10.015,1.029,1
2021-10-30 19:19,9.164,10.842,1.678,5
2021-10-31 20:15,9.473,10.724,1.251,3
2021-11-02 09:37,10.152,10.671,0.519,-1
2021-11-03 10:22,10.871,11.232,0.361,2
2021-11-04 11:07,11.486,11.731,0.245,-1
2021-11-05 11:53,11.909,12.181,0.272,1
2021-11-06 12:41,12.09,12.302,0.212,1
2021-11-07 12:32,12.018,12.246,0.228,-2
2021-11-08 13:25,11.711,12.318,0.607,-1
2021-11-09 14:21,11.223,11.623,0.4,9
2021-11-10 15:23,10.654,11.193,0.539,1
2021-11-11 16:29,10.132,10.658,0.526,1
2021-11-12 17:37,9.75,10.996,1.246,17
2021-11-13 18:43,9.524,10.737,1.213,-1
2021-11-14 19:46,9.432,9.832,0.4,-4
2021-11-15 08:19,9.679,10.852,1.173,-1
2021-11-16 09:05,9.903,9.635,-0.268,-5
2021-11-17 09:45,10.06,10.048,-0.012,-3
2021-11-18 10:22,10.139,10.757,0.618,2
2021-11-19 10:57,10.145,10.012,-0.133,-15
2021-11-20 11:34,10.086,10.124,0.038,-4
2021-11-21 12:11,9.972,10.324,0.352,-11
2021-11-22 12:50,9.814,10.544,0.73,-8
2021-11-23 13:30,9.627,10.439,0.812,-18
2021-11-24 14:13,9.429,9.612,0.183,-7
2021-11-25 15:00,9.247,9.697,0.45,-6
2021-11-26 15:51,9.119,10.304,1.185,-9
2021-11-27 16:45,9.081,9.09,0.009,-15
2021-11-29 06:19,9.191,9.523,0.332,-13
2021-11-29 18:38,9.319,9.72,0.401,4
2021-12-01 08:00,10.494,10.209,-0.285,-6
2021-12-02 08:50,11.169,11.728,0.559,-2
2021-12-03 09:39,11.724,11.065,-0.659,15
2021-12-04 10:29,12.073,11.833,-0.24,-11
2021-12-05 11:20,12.174,12.236,0.062,-2
2021-12-06 12:14,12.031,12.407,0.376,-8
2021-12-07 13:09,11.675,11.403,-0.272,21
2021-12-08 14:05,11.15,11.39,0.24,7
2021-12-09 02:53,9.618,11.019,1.401,-5
2021-12-10 16:08,9.923,10.127,0.204,-8
2021-12-11 17:12,9.414,9.996,0.582,0
2021-12-12 18:15,9.038,8.906,-0.132,-9
2021-12-13 06:52,9.323,8.811,-0.512,-22
2021-12-14 07:45,9.446,9.185,-0.261,-9
2021-12-15 08:33,9.597,9.435,-0.162,-15
2021-12-16 09:15,9.74,10.416,0.676,3
2021-12-17 09:54,9.852,9.828,-0.024,-6
2021-12-18 10:32,9.919,10.435,0.516,-8
2021-12-19 11:10,9.938,11.062,1.124,-28
2021-12-20 11:48,9.915,10.291,0.376,0
2021-12-21 12:27,9.854,9.953,0.099,3
2021-12-22 13:07,9.762,11.41,1.648,-1
2021-12-23 13:48,9.641,9.74,0.099,0
2021-12-24 14:32,9.494,9.392,-0.102,-26
2021-12-26 03:59,8.843,10.284,1.441,-11
2021-12-26 16:11,9.196,9.93,0.734,1
2021-12-28 05:39,9.557,10.612,1.055,-3
2021-12-29 06:33,10.037,10.957,0.92,-9
2021-12-30 07:28,10.562,11.387,0.825,-16
2021-12-31 08:23,11.089,11.944,0.855,-5
2022-01-01 09:16,11.392,12.542,1.15,2
2022-01-02 10:11,11.679,13.093,1.414,-11
2022-01-03 11:05,11.772,12.817,1.045,-5
2022-01-04 12:00,11.661,12.558,0.897,12
2022-01-05 12:55,11.358,12.092,0.734,5
2022-01-06 13:50,10.883,11.374,0.491,-2
2022-01-07 14:45,10.282,11.597,1.315,-21
2022-01-08 03:25,9.525,9.677,0.152,-13
2022-01-09 04:20,9.35,9.782,0.432,4
2022-01-10 05:14,9.212,9.205,-0.007,10
2022-01-11 06:08,9.129,9.49,0.361,-14
2022-01-12 07:01,9.12,9.33,0.21,5
2022-01-13 07:53,9.2,9.697,0.497,1
2022-01-14 08:42,9.353,10.603,1.25,-6
2022-01-15 09:26,9.54,9.92,0.38,-2
2022-01-16 10:07,9.721,9.379,-0.342,-19
2022-01-17 10:47,9.87,12.584,2.714,-11
2022-01-18 11:25,9.973,9.464,-0.509,-1
2022-01-19 12:04,10.023,9.855,-0.168,-4
2022-01-20 12:43,10.012,10.566,0.554,-1
2022-01-21 13:22,9.932,10.058,0.126,-4
2022-01-22 14:04,9.773,10.176,0.403,14
2022-01-23 14:49,9.533,10.202,0.669,-7
2022-01-25 04:08,9.611,10.301,0.69,-8
2022-01-26 05:01,9.795,10.291,0.496,5
2022-01-27 05:58,10.002,10.15,0.148,2
2022-01-28 06:59,10.259,10.596,0.337,1
2022-01-29 08:02,10.587,12.971,2.384,10
2022-01-30 09:03,10.947,10.576,-0.371,21
2022-01-31 10:00,11.238,11.725,0.487,0
2022-02-01 10:55,11.376,12.026,0.65,-1
2022-02-02 11:48,11.323,11.718,0.395,0
2022-02-03 12:40,11.072,11.16,0.088,-10
2022-02-04 13:30,10.636,11.57,0.934,-6
2022-02-05 02:02,9.918,10.35,0.432,-8
2022-02-06 02:48,9.692,9.756,0.064,0
2022-02-07 03:36,9.407,9.841,0.434,-6
2022-02-08 04:27,9.121,9.776,0.655,9
2022-02-09 05:19,8.89,8.706,-0.184,11
2022-02-10 06:14,8.76,9.405,0.645,-14
2022-02-11 07:11,8.774,9.113,0.339,-11
2022-02-12 08:06,8.943,9.52,0.577,0
2022-02-13 08:56,9.221,9.49,0.269,10
2022-02-14 09:41,9.532,10.343,0.811,-5
2022-02-15 10:22,9.818,9.415,-0.403,2
2022-02-16 11:01,10.043,9.759,-0.284,-1
2022-02-17 11:40,10.187,9.956,-0.231,2
2022-02-18 12:19,10.236,10.235,-0.001,-13
2022-02-19 12:59,10.176,10.786,0.61,-5
2022-02-20 13:41,9.993,10.038,0.045,-11
2022-02-22 02:48,10.089,10.225,0.136,6
2022-02-23 03:38,10.063,10.626,0.563,-8
2022-02-24 04:35,9.988,9.372,-0.616,19
2022-02-25 05:36,9.936,10.294,0.358,12
2022-02-26 06:42,9.986,10.593,0.607,6
2022-02-27 07:50,10.19,10.537,0.347,4
2022-02-28 08:54,10.505,10.678,0.173,6
2022-03-01 09:52,10.794,11.328,0.534,2
2022-03-02 10:45,10.942,11.652,0.71,3
2022-03-03 11:35,10.904,11.488,0.584,-5
2022-03-04 12:22,10.68,10.898,0.218,2
2022-03-05 13:08,10.293,10.074,-0.219,-8
2022-03-06 13:52,9.783,10.238,0.455,-10
2022-03-07 02:10,9.851,10.179,0.328,-4
2022-03-08 02:53,9.512,10.022,0.51,-29
2022-03-09 03:40,9.148,9.33,0.182,-4
2022-03-10 04:32,8.828,9.838,1.01,4
2022-03-11 05:28,8.622,8.854,0.232,-10
2022-03-12 06:27,8.582,9.671,1.089,21
2022-03-13 08:26,8.734,7.561,-1.173,-14
2022-03-14 09:20,9.046,8.578,-0.468,10
2022-03-15 10:08,9.431,9.385,-0.046,-8
2022-03-16 10:51,9.806,10.225,0.419,-3
2022-03-17 11:32,10.114,10.334,0.22,-8
2022-03-18 12:12,10.32,10.639,0.319,-6
2022-03-20 01:13,10.458,11.239,0.781,-1
2022-03-21 01:53,10.694,11.187,0.493,-5
2022-03-22 02:37,10.774,10.78,0.006,-7
2022-03-23 03:24,10.68,10.724,0.044,6
2022-03-24 04:17,10.437,10.816,0.379,7
2022-03-25 05:17,10.134,11.216,1.082,1
2022-03-26 06:23,9.893,10.881,0.988,13
2022-03-27 07:32,9.809,11.059,1.25,-2
2022-03-28 08:43,9.921,10.927,1.006,5
2022-03-29 09:47,10.159,10.484,0.325,7
2022-03-30 10:42,10.374,10.314,-0.06,0
2022-03-31 11:32,10.464,11.065,0.601,4
2022-04-01 12:18,10.398,11.246,0.848,-18
2022-04-02 00:37,10.407,10.819,0.412,-7
2022-04-03 01:17,10.377,10.671,0.294,-5
2022-04-04 01:55,10.222,10.901,0.679,-1
2022-04-05 02:34,9.967,10.324,0.357,-16
2022-04-06 03:16,9.642,10.028,0.386,-10
2022-04-07 04:00,9.286,9.963,0.677,12
2022-04-08 04:50,8.958,10.629,1.671,-2
2022-04-09 05:46,8.731,9.638,0.907,-10
2022-04-10 06:43,8.657,9.543,0.886,-1
2022-04-11 07:41,8.755,8.923,0.168,-5
2022-04-12 08:37,9.013,9.1,0.087,-13
2022-04-13 21:59,9.206,9.694,0.488,19
2022-04-14 22:39,9.815,10.356,0.541,15
2022-04-15 23:19,10.397,10.694,0.297,5
2022-04-16 23:59,10.891,11.37,0.479,-5
2022-04-18 00:41,11.243,11.357,0.114,7
2022-04-19 01:26,11.41,11.79,0.38,4
2022-04-20 02:14,11.369,11.83,0.461,-8
2022-04-21 03:05,11.122,10.934,-0.188,1
2022-04-22 04:02,10.724,10.845,0.121,4
2022-04-23 05:05,10.287,10.36,0.073,1
2022-04-24 06:13,9.939,10.347,0.408,5
2022-04-25 07:23,9.752,10.56,0.808,1
2022-04-26 08:31,9.734,10.33,0.596,-1
2022-04-27 09:34,9.823,10.662,0.839,2
2022-04-27 22:05,9.94,10.33,0.39,1
2022-04-28 22:50,10.233,10.517,0.284,-2
2022-04-29 23:31,10.398,10.75,0.352,-1
2022-05-01 00:09,10.436,10.74,0.304,-3
2022-05-02 00:47,10.369,10.888,0.519,1
2022-05-03 01:25,10.22,10.593,0.373,-7
2022-05-04 02:04,10.009,10.261,0.252,-4
2022-05-05 02:44,9.751,10.032,0.281,4
2022-05-06 03:28,9.47,9.845,0.375,-10
2022-05-07 04:16,9.201,9.832,0.631,8
2022-05-08 05:08,8.996,9.572,0.576,-2
2022-05-09 06:02,8.897,9.461,0.564,-8
2022-05-10 06:57,8.923,9.477,0.554,-3
2022-05-11 20:26,9.147,9.264,0.117,4
2022-05-12 21:13,9.75,9.802,0.052,-1
2022-05-13 21:58,10.4,10.448,0.048,2
2022-05-14 22:42,11.007,11.42,0.413,6
2022-05-15 23:27,11.488,12.128,0.64,3
2022-05-17 00:14,11.781,12.725,0.944,4
2022-05-18 01:04,11.859,12.479,0.62,2
2022-05-19 01:57,11.723,12.161,0.438,-3
2022-05-20 02:52,11.395,12.099,0.704,-4
2022-05-21 03:51,10.932,11.797,0.865,9
2022-05-22 04:54,10.432,11.078,0.646,18
2022-05-23 06:01,9.999,10.573,0.574,5
2022-05-24 07:07,9.682,10.071,0.389,-7
2022-05-25 08:12,9.488,9.9,0.412,-6
2022-05-25 20:47,9.859,9.845,-0.014,1
2022-05-26 21:38,10.068,10.101,0.033,4
2022-05-27 22:22,10.221,10.629,0.408,2
2022-05-28 23:03,10.294,10.819,0.525,-9
2022-05-29 23:41,10.293,10.619,0.326,7
2022-05-31 00:20,10.235,10.599,0.364,22
2022-06-01 00:58,10.134,10.478,0.344,-4
2022-06-02 01:38,10.001,10.655,0.654,-8
2022-06-03 02:19,9.84,10.471,0.631,5
2022-06-04 03:01,9.658,10.297,0.639,-1
2022-06-05 03:46,9.467,10.012,0.545,-4
2022-06-06 04:33,9.292,9.73,0.438,-3
2022-06-07 05:24,9.165,9.523,0.358,-12
2022-06-08 18:51,9.217,9.641,0.424,9
2022-06-09 19:40,9.679,10.15,0.471,20
2022-06-10 20:29,10.224,10.462,0.238,1
2022-06-11 21:19,10.804,10.954,0.15,5
2022-06-12 22:09,11.343,11.652,0.309,3
2022-06-13 23:00,11.757,12.118,0.361,0
2022-06-14 23:52,11.985,12.4,0.415,8
2022-06-16 00:46,12.011,12.509,0.498,2
2022-06-17 01:42,11.845,12.148,0.303,18
2022-06-18 02:39,11.503,12.328,0.825,3
2022-06-19 03:38,11.021,11.78,0.759,-2
2022-06-20 04:39,10.471,11.023,0.552,-3
2022-06-20 17:24,9.866,10.416,0.55,-12
2022-06-21 18:22,9.845,10.137,0.292,-16
2022-06-22 19:19,9.847,10.153,0.306,-1
2022-06-23 20:13,9.87,10.402,0.532,5
2022-06-24 21:05,9.917,10.396,0.479,1
2022-06-25 21:52,9.975,10.297,0.322,-4
2022-06-26 22:36,10.026,10.334,0.308,6
2022-06-27 23:16,10.059,10.363,0.304,8
2022-06-28 23:56,10.07,10.304,0.234,4
2022-06-30 00:36,10.056,10.13,0.074,6
2022-07-01 01:16,10.016,10.179,0.163,2
2022-07-02 01:56,9.945,10.179,0.234,-2
2022-07-03 02:36,9.84,10.087,0.247,0
2022-07-04 03:18,9.699,9.835,0.136,-12
2022-07-05 04:02,9.532,9.651,0.119,-8
2022-07-06 04:49,9.36,9.776,0.416,-7
2022-07-07 18:10,9.713,9.818,0.105,2
2022-07-08 18:59,10.083,10.219,0.136,1
2022-07-09 19:52,10.492,10.537,0.045,8
2022-07-10 20:48,10.927,10.944,0.017,6
2022-07-11 21:44,11.354,11.61,0.256,10
2022-07-12 22:40,11.703,12.286,0.583,2
2022-07-13 23:36,11.906,12.407,0.501,6
2022-07-15 00:32,11.93,12.437,0.507,10
2022-07-16 01:29,11.771,11.879,0.108,7
2022-07-17 02:25,11.43,11.728,0.298,5
2022-07-18 03:21,10.929,11.223,0.294,-3
2022-07-19 04:17,10.326,10.865,0.539,1
2022-07-19 16:53,10.096,10.386,0.29,-11
2022-07-20 17:47,9.927,10.484,0.557,-5
2022-07-21 18:41,9.763,10.501,0.738,1
2022-07-22 19:35,9.635,10.156,0.521,-5
2022-07-23 20:29,9.581,9.946,0.365,1
2022-07-24 21:21,9.617,10.058,0.441,3
2022-07-25 22:09,9.721,10.091,0.37,-9
2022-07-26 22:52,9.851,10.078,0.227,-4
2022-07-27 23:34,9.969,10.343,0.374,-4
2022-07-29 00:13,10.053,10.524,0.471,5
2022-07-30 00:53,10.091,10.501,0.41,1
2022-07-31 01:32,10.077,10.232,0.155,-2
2022-08-01 02:10,10.006,10.215,0.209,2
2022-08-02 02:50,9.875,10.271,0.396,10
2022-08-03 03:33,9.686,10.005,0.319,-3
2022-08-04 16:44,9.886,9.96,0.074,4
2022-08-05 17:34,10.078,9.868,-0.21,-10
2022-08-06 18:27,10.281,10.334,0.053,-3
2022-08-07 19:25,10.51,10.406,-0.104,5
2022-08-08 20:26,10.791,11.321,0.53,4
2022-08-09 21:27,11.124,11.544,0.42,3
2022-08-10 22:27,11.443,11.99,0.547,3
2022-08-11 23:24,11.648,12.315,0.667,12
2022-08-13 00:19,11.677,12.273,0.596,5
2022-08-14 01:14,11.512,12.131,0.619,4
2022-08-15 02:07,11.158,11.511,0.353,-1
2022-08-16 02:59,10.642,11.088,0.446,-5
2022-08-16 15:27,10.401,11.0,0.599,3
2022-08-17 16:16,10.131,10.688,0.557,-10
2022-08-18 17:07,9.816,10.527,0.711,-7
2022-08-19 18:00,9.524,9.773,0.249,6
2022-08-20 18:55,9.311,9.671,0.36,5
2022-08-21 19:52,9.225,9.638,0.413,-4
2022-08-22 20:48,9.289,9.786,0.497,6
2022-08-23 21:40,9.475,10.019,0.544,8
2022-08-24 22:26,9.71,9.96,0.25,10
2022-08-25 23:08,9.93,10.196,0.266,4
2022-08-26 23:47,10.094,10.422,0.328,13
2022-08-28 00:26,10.185,10.458,0.273,-2
2022-08-29 01:04,10.2,10.353,0.153,2
2022-08-30 01:43,10.135,10.416,0.281,5
2022-08-31 14:44,10.144,10.767,0.623,-8
2022-09-01 15:26,10.258,10.488,0.23,10
2022-09-02 16:12,10.302,10.176,-0.126,6
2022-09-03 17:05,10.298,10.232,-0.066,1
2022-09-04 18:03,10.296,10.445,0.149,9
2022-09-05 19:06,10.354,10.688,0.334,0
2022-09-06 20:12,10.519,11.144,0.625,12
2022-09-07 21:17,10.791,11.61,0.819,7
2022-09-08 22:17,11.079,12.066,0.987,7
2022-09-09 23:13,11.259,11.987,0.728,5
2022-09-11 00:05,11.258,12.171,0.913,7
2022-09-12 00:56,11.065,11.935,0.87,10
2022-09-12 13:22,10.782,11.721,0.939,8
2022-09-13 14:07,10.679,11.689,1.01,-1
2022-09-14 14:51,10.423,11.219,0.796,3
2022-09-15 15:37,10.06,10.491,0.431,-1
2022-09-16 16:25,9.659,9.815,0.156,-1
2022-09-17 17:18,9.3,9.582,0.282,0
2022-09-18 18:14,9.055,9.382,0.327,4
2022-09-19 19:13,8.968,9.91,0.942,5
2022-09-20 20:11,9.053,9.891,0.838,1
2022-09-21 21:05,9.279,9.897,0.618,7
2022-09-22 21:53,9.571,10.094,0.523,-29
2022-09-23 22:36,9.853,9.93,0.077,18
2022-09-25 11:40,9.813,10.75,0.937,-4
2022-09-26 12:16,10.16,10.862,0.702,2
2022-09-27 12:53,10.451,10.832,0.381,7
2022-09-28 13:32,10.666,10.858,0.192,-2
2022-09-29 14:13,10.778,10.593,-0.185,-1
2022-09-30 14:58,10.762,10.534,-0.228,-4
2022-10-01 15:48,10.622,10.501,-0.121,12
2022-10-02 16:45,10.41,11.19,0.78,27
2022-10-03 17:48,10.225,10.619,0.394,12
2022-10-04 18:55,10.149,10.809,0.66,11
2022-10-05 20:03,10.219,11.236,1.017,3
2022-10-06 21:09,10.41,11.298,0.888,-3
2022-10-07 22:08,10.616,11.259,0.643,4
2022-10-08 23:01,10.719,10.99,0.271,-1
2022-10-09 11:26,10.695,10.858,0.163,-2
2022-10-10 12:10,10.846,11.128,0.282,2
2022-10-11 12:53,10.817,10.868,0.051,1
2022-10-12 13:35,10.635,10.74,0.105,-5
2022-10-13 14:17,10.335,10.931,0.596,-11
2022-10-14 15:00,9.959,10.786,0.827,-18
2022-10-15 15:46,9.559,10.17,0.611,-10
2022-10-16 16:38,9.196,9.851,0.655,-8
2022-10-17 17:34,8.942,9.727,0.785,-10
2022-10-18 18:32,8.839,9.782,0.943,4
2022-10-19 19:29,8.892,9.454,0.562,-5
2022-10-20 20:24,9.076,9.077,0.001,6
2022-10-21 21:14,9.347,9.343,-0.004,4
2022-10-23 10:23,9.837,9.871,0.034,7
2022-10-24 11:01,10.335,10.399,0.064,5
2022-10-25 11:39,10.766,10.881,0.115,3
2022-10-26 12:19,11.091,11.541,0.45,17
2022-10-27 13:01,11.276,11.472,0.196,-1
2022-10-28 13:47,11.298,11.357,0.059,1
2022-10-29 14:36,11.148,10.96,-0.188,0
2022-10-30 15:31,10.85,10.731,-0.119,5
2022-10-31 16:31,10.48,10.806,0.326,5
2022-11-01 17:37,10.151,10.671,0.52,5
2022-11-02 18:45,9.947,10.176,0.229,15
2022-11-03 19:53,9.884,10.238,0.354,1
2022-11-04 20:58,9.932,9.973,0.041,2
2022-11-05 09:32,10.117,10.271,0.154,-8
2022-11-06 09:21,10.467,10.599,0.132,-3
2022-11-07 10:04,10.674,10.622,-0.052,2
2022-11-08 10:46,10.722,10.678,-0.044,-16
2022-11-09 11:26,10.631,10.576,-0.055,-2
2022-11-10 12:06,10.436,10.137,-0.299,-12
2022-11-11 12:47,10.171,10.675,0.504,-5
2022-11-12 13:29,9.862,10.57,0.708,-5
2022-11-13 14:13,9.534,10.589,1.055,5
2022-11-14 15:02,9.219,8.998,-0.221,-2
2022-11-15 15:54,8.964,9.07,0.106,12
2022-11-16 16:49,8.81,9.546,0.736,-19
2022-11-18 06:25,8.578,8.549,-0.029,-13
2022-11-19 07:12,9.004,9.271,0.267,6
2022-11-20 07:58,9.53,9.835,0.305,2
2022-11-21 08:41,10.11,9.208,-0.902,13
2022-11-22 09:23,10.679,9.891,-0.788,7
2022-11-23 10:05,11.165,10.904,-0.261,-11
2022-11-24 10:50,11.507,11.731,0.224,-8
2022-11-25 11:37,11.666,12.417,0.751,-1
2022-11-26 12:28,11.628,11.593,-0.035,-10
2022-11-27 13:21,11.4,12.63,1.23,-3
2022-11-28 14:18,11.01,11.524,0.514,6
2022-11-29 15:19,10.53,11.121,0.591,-7
2022-11-30 16:24,10.064,11.265,1.201,12
2022-12-01 05:13,9.409,9.848,0.439,-19
2022-12-02 18:38,9.449,9.677,0.228,-2
2022-12-03 07:15,9.811,10.255,0.444,3
2022-12-04 08:09,10.053,9.795,-0.258,-9
2022-12-05 08:59,10.245,10.79,0.545,-5
2022-12-06 09:43,10.347,10.822,0.475,-7
2022-12-07 10:24,10.355,10.865,0.51,0
2022-12-08 11:03,10.285,10.665,0.38,-3
2022-12-09 11:43,10.161,10.842,0.681,-1
2022-12-10 12:23,9.998,10.675,0.677,1
2022-12-11 13:04,9.803,10.514,0.711,-4
2022-12-12 13:46,9.575,10.419,0.844,-16
2022-12-13 14:30,9.324,10.107,0.783,0
2022-12-15 03:59,8.382,9.513,1.131,-11
2022-12-16 04:47,8.528,10.481,1.953,-5
2022-12-17 05:34,8.792,10.829,2.037,-16
2022-12-18 06:22,9.169,10.104,0.935,-4
2022-12-19 07:11,9.648,9.769,0.121,1
2022-12-20 08:00,10.2,10.393,0.193,0
2022-12-21 08:49,10.77,11.137,0.367,-1
2022-12-22 09:38,11.275,11.613,0.338,-2
2022-12-23 10:27,11.638,13.972,2.334,-3
2022-12-24 11:19,11.808,12.02,0.212,-1
2022-12-25 12:13,11.77,11.58,-0.19,-7
2022-12-26 13:08,11.524,11.672,0.148,4
2022-12-27 14:05,11.089,10.947,-0.142,-11
2022-12-28 15:04,10.518,10.75,0.232,2
2022-12-29 16:06,9.91,10.356,0.446,-12
2022-12-30 17:10,9.362,10.012,0.65,-4
2022-12-31 05:47,9.638,10.163,0.525,-17
2023-01-01 06:42,9.741,10.366,0.625,0
2023-01-02 07:38,9.758,10.274,0.516,-2
2023-01-03 08:30,9.806,10.291,0.485,-6
2023-01-04 09:18,9.865,10.603,0.738,-6
2023-01-05 10:01,9.911,11.433,1.522,11
2023-01-06 10:41,9.934,11.485,1.551,1
2023-01-07 11:21,9.925,10.977,1.052,3
2023-01-08 12:00,9.877,10.465,0.588,6
2023-01-09 12:39,9.778,10.507,0.729,3
2023-01-10 13:18,9.62,10.373,0.753,0
2023-01-11 13:58,9.399,10.242,0.843,-4
2023-01-13 03:12,8.717,10.12,1.403,-6
2023-01-13 15:25,8.833,9.95,1.117,-1
2023-01-15 04:42,9.001,10.553,1.552,-6
2023-01-16 05:32,9.254,10.629,1.375,4
2023-01-17 06:26,9.59,10.402,0.812,-8
2023-01-18 07:23,10.02,10.937,0.917,-11
2023-01-19 08:20,10.528,11.144,0.616,4
2023-01-20 09:17,11.043,12.748,1.705,7
2023-01-21 10:12,11.463,12.509,1.046,0
2023-01-22 11:07,11.703,12.25,0.547,5
2023-01-23 12:02,11.723,13.434,1.711,4
2023-01-24 12:56,11.507,11.508,0.001,4
2023-01-25 13:50,11.062,11.551,0.489,-8
2023-01-26 02:25,10.333,12.292,1.959,5
2023-01-27 15:42,9.728,10.081,0.353,-6
2023-01-28 04:12,9.896,10.317,0.421,-12
2023-01-29 05:09,9.616,9.963,0.347,-3
2023-01-30 06:06,9.376,9.96,0.584,0
2023-01-31 07:05,9.236,10.078,0.842,-11
2023-02-01 08:03,9.236,10.045,0.809,9
2023-02-02 08:56,9.35,9.907,0.557,10
2023-02-03 09:42,9.514,9.52,0.006,0
2023-02-04 10:23,9.671,8.368,-1.303,1
2023-02-05 11:02,9.784,9.543,-0.241,4
2023-02-06 11:40,9.831,10.373,0.542,-4
2023-02-07 12:17,9.801,11.269,1.468,-5
2023-02-08 12:53,9.69,9.769,0.079,-11
2023-02-09 13:31,9.5,10.14,0.64,5
2023-02-10 01:55,9.173,10.593,1.42,-1
2023-02-11 02:33,9.244,9.517,0.273,-3
2023-02-12 03:14,9.304,9.507,0.203,-2
2023-02-13 04:01,9.366,10.278,0.912,5
2023-02-14 04:54,9.46,10.875,1.415,-6
2023-02-15 05:53,9.629,10.248,0.619,-11
2023-02-16 06:56,9.918,10.399,0.481,4
2023-02-17 08:01,10.347,11.488,1.141,-25
2023-02-18 09:02,10.85,11.597,0.747,16
2023-02-19 09:59,11.285,11.508,0.223,-5
2023-02-20 10:54,11.537,12.42,0.883,0
2023-02-21 11:48,11.55,12.542,0.992,-6
2023-02-22 12:40,11.314,12.03,0.716,2
2023-02-24 01:56,10.675,11.748,1.073,-2
2023-02-25 02:44,10.346,10.783,0.437,-8
2023-02-26 03:35,9.899,10.288,0.389,1
2023-02-27 04:29,9.436,10.517,1.081,-5
2023-02-28 05:27,9.055,10.757,1.702,15
2023-03-01 06:29,8.837,9.612,0.775,-5
2023-03-02 07:31,8.829,10.17,1.341,5
2023-03-03 08:28,9.002,10.015,1.013,2
2023-03-04 09:17,9.26,11.567,2.307,-17
2023-03-05 09:59,9.51,10.229,0.719,7
2023-03-06 23:04,9.053,10.137,1.084,8
2023-03-07 11:14,9.8,11.246,1.446,-8
2023-03-08 11:51,9.81,11.078,1.268,3
2023-03-10 00:46,9.68,10.993,1.313,2
2023-03-11 01:21,9.792,11.403,1.611,-3
2023-03-12 01:59,9.846,11.479,1.633,61
2023-03-13 03:41,9.832,10.957,1.125,-11
2023-03-14 04:30,9.764,11.958,2.194,0
2023-03-15 05:27,9.693,11.712,2.019,21
2023-03-16 06:31,9.704,10.963,1.259,-7
2023-03-17 07:38,9.864,10.934,1.07,10
2023-03-18 08:46,10.197,11.603,1.406,-4
2023-03-19 09:50,10.625,11.38,0.755,4
2023-03-20 10:47,10.995,11.141,0.146,1
2023-03-21 11:40,11.186,11.465,0.279,-4
2023-03-22 00:08,10.864,11.465,0.601,-8
2023-03-23 13:21,10.897,11.698,0.801,-9
2023-03-24 01:40,11.056,11.889,0.833,-10
2023-03-25 02:25,10.811,11.377,0.566,-13
2023-03-26 03:10,10.392,11.538,1.146,-4
2023-03-27 03:58,9.873,10.429,0.556,-4
2023-03-28 04:51,9.353,10.032,0.679,-3
2023-03-29 05:48,8.935,9.494,0.559,12
2023-03-30 06:49,8.695,9.028,0.333,-1
2023-03-31 07:51,8.663,8.631,-0.032,9
2023-04-01 08:50,8.817,9.861,1.044,10
2023-04-02 09:42,9.075,9.789,0.714,-12
2023-04-03 10:26,9.343,9.697,0.354,-14
2023-04-04 11:06,9.559,10.101,0.542,6
2023-04-05 11:44,9.694,10.074,0.38,-2
2023-04-06 00:01,9.848,10.37,0.522,-7
2023-04-07 00:35,10.112,10.74,0.628,-11
2023-04-08 01:12,10.306,10.265,-0.041,-6
2023-04-09 01:50,10.419,10.662,0.243,-2
2023-04-10 02:31,10.432,10.452,0.02,-7
2023-04-11 03:18,10.335,10.681,0.346,-6
2023-04-12 04:10,10.15,10.74,0.59,14
2023-04-13 05:11,9.953,10.927,0.974,1
2023-04-14 06:17,9.842,10.507,0.665,-5
2023-04-15 07:25,9.876,10.79,0.914,-1
2023-04-16 08:33,10.06,11.164,1.104,-3
2023-04-17 22:09,10.298,11.521,1.223,-9
2023-04-18 10:33,10.551,11.577,1.026,3
2023-04-19 23:44,11.083,11.39,0.307,-2
2023-04-21 00:28,11.156,11.423,0.267,-10
2023-04-22 01:12,11.026,11.593,0.567,-6
2023-04-23 01:55,10.732,11.515,0.783,-7
2023-04-24 02:40,10.323,11.383,1.06,-4
2023-04-25 03:26,9.857,10.813,0.956,4
2023-04-26 04:16,9.398,10.143,0.745,-4
2023-04-27 05:11,9.019,9.69,0.671,-11
2023-04-28 06:09,8.776,9.362,0.586,-9
2023-04-29 07:07,8.685,9.379,0.694,-7
2023-04-30 08:04,8.735,9.661,0.926,2
2023-05-01 08:57,8.893,10.662,1.769,-3
2023-05-01 21:26,9.049,10.307,1.258,-2
2023-05-02 22:07,9.506,10.76,1.254,-1
2023-05-03 22:44,9.943,11.393,1.45,4
2023-05-04 23:22,10.33,11.144,0.814,2
2023-05-06 00:00,10.642,11.157,0.515,-6
2023-05-07 00:41,10.859,11.511,0.652,1
2023-05-08 01:24,10.963,11.734,0.771,6
2023-05-09 02:11,10.938,11.718,0.78,1
2023-05-10 03:02,10.78,11.17,0.39,-2
2023-05-11 03:59,10.519,11.075,0.556,1
2023-05-12 05:01,10.231,10.931,0.7,-1
2023-05-13 06:06,10.001,10.717,0.716,-6
2023-05-14 07:13,9.871,10.468,0.597,-1
2023-05-15 20:54,10.178,10.534,0.356,0
2023-05-16 21:47,10.578,11.269,0.691,-5
2023-05-17 22:35,10.859,11.026,0.167,-5
2023-05-18 23:20,10.978,10.757,-0.221,-2
2023-05-20 00:03,10.935,10.855,-0.08,-3
2023-05-21 00:46,10.765,11.331,0.566,2
2023-05-22 01:30,10.508,10.891,0.383,0
2023-05-23 02:13,10.197,10.53,0.333,-7
2023-05-24 02:58,9.858,10.025,0.167,-4
2023-05-25 03:45,9.515,10.107,0.592,-9
2023-05-26 04:35,9.198,9.553,0.355,-5
2023-05-27 05:28,8.945,8.782,-0.163,2
2023-05-28 06:22,8.776,8.749,-0.027,-10
2023-05-29 07:16,8.697,8.92,0.223,2
2023-05-29 19:48,8.973,9.254,0.281,0
2023-05-30 20:34,9.348,9.379,0.031,-4
2023-05-31 21:19,9.784,9.773,-0.011,-1
2023-06-01 22:02,10.241,10.603,0.362,-2
2023-06-02 22:45,10.673,11.479,0.806,-15
2023-06-03 23:28,11.03,11.898,0.868,2
2023-06-05 00:15,11.274,12.43,1.156,3
2023-06-06 01:05,11.383,12.542,1.159,1
2023-06-07 01:57,11.346,12.348,1.002,-3
2023-06-08 02:51,11.158,12.181,1.023,3
2023-06-09 03:49,10.838,11.705,0.867,-1
2023-06-10 04:50,10.449,11.374,0.925,4
2023-06-11 05:53,10.069,10.675,0.606,-5
2023-06-12 19:33,10.19,10.754,0.564,3
2023-06-13 20:29,10.368,11.15,0.782,1
2023-06-14 21:23,10.516,11.567,1.051,-5
2023-06-15 22:13,10.604,11.59,0.986,5
2023-06-16 22:58,10.61,11.626,1.016,-4
2023-06-17 23:42,10.542,11.531,0.989,0
2023-06-19 00:25,10.42,11.173,0.753,11
2023-06-20 01:08,10.265,10.852,0.587,-2
2023-06-21 01:51,10.083,10.356,0.273,-3
2023-06-22 02:33,9.872,10.012,0.14,-3
2023-06-23 03:16,9.625,9.894,0.269,2
2023-06-24 04:02,9.353,9.69,0.337,10
2023-06-25 04:49,9.08,9.595,0.515,5
2023-06-26 05:39,8.839,9.526,0.687,-9
2023-06-26 18:11,9.042,9.727,0.685,7
2023-06-27 18:57,9.272,9.904,0.632,9
2023-06-28 19:44,9.576,10.245,0.669,10
2023-06-29 20:33,9.957,10.537,0.58,3
2023-06-30 21:23,10.401,10.826,0.425,1
2023-07-01 22:13,10.859,11.337,0.478,-1
2023-07-02 23:03,11.261,11.944,0.683,9
2023-07-03 23:55,11.546,12.305,0.759,5
2023-07-05 00:49,11.678,12.443,0.765,11
2023-07-06 01:44,11.638,12.348,0.71,-2
2023-07-07 02:39,11.412,12.082,0.67,3
2023-07-08 03:36,11.014,11.649,0.635,0
2023-07-09 04:35,10.502,11.219,0.717,7
2023-07-10 18:10,10.344,11.187,0.843,-4
2023-07-11 19:06,10.282,10.849,0.567,0
2023-07-12 20:03,10.213,10.875,0.662,9
2023-07-13 21:00,10.173,10.931,0.758,-6
2023-07-14 21:52,10.167,10.849,0.682,-4
2023-07-15 22:40,10.174,10.78,0.606,-4
2023-07-16 23:25,10.172,11.039,0.867,17
2023-07-18 00:07,10.152,10.918,0.766,11
2023-07-19 00:48,10.104,10.799,0.695,0
2023-07-20 01:28,10.018,10.465,0.447,2
2023-07-21 02:08,9.879,10.455,0.576,4
2023-07-22 02:48,9.68,10.238,0.558,24
2023-07-23 03:29,9.424,9.937,0.513,7
2023-07-23 15:59,9.152,9.517,0.365,1
2023-07-24 16:40,9.226,9.431,0.205,8
2023-07-25 17:24,9.334,9.415,0.081,18
2023-07-26 18:11,9.495,9.668,0.173,1
2023-07-27 19:01,9.724,9.907,0.183,-1
2023-07-28 19:55,10.039,10.514,0.475,11
2023-07-29 20:51,10.447,11.38,0.933,3
2023-07-30 21:48,10.917,11.662,0.745,6
2023-07-31 22:44,11.36,12.082,0.722,10
2023-08-01 23:38,11.681,12.24,0.559,4
2023-08-03 00:34,11.818,12.289,0.471,2
2023-08-04 01:29,11.745,12.227,0.482,7
2023-08-05 02:23,11.454,11.912,0.458,-5
2023-08-06 03:18,10.966,11.269,0.303,0
2023-08-07 16:44,10.621,10.914,0.293,-2
2023-08-08 17:40,10.352,11.242,0.89,8
2023-08-09 18:37,10.071,10.724,0.653,5
2023-08-10 19:36,9.844,10.589,0.745,-6
2023-08-11 20:36,9.731,10.478,0.747,0
2023-08-12 21:33,9.744,10.37,0.626,-3
2023-08-13 22:22,9.833,10.553,0.72,-4
2023-08-14 23:06,9.933,10.435,0.502,12
2023-08-15 23:47,10.004,10.609,0.605,13
2023-08-17 00:26,10.021,10.455,0.434,10
2023-08-18 01:04,9.973,10.563,0.59,2
2023-08-19 01:41,9.854,10.258,0.404,-5
2023-08-20 02:19,9.663,9.973,0.31,-1
2023-08-20 14:42,9.483,9.628,0.145,-6
2023-08-21 15:18,9.529,9.687,0.158,0
2023-08-22 15:58,9.561,9.881,0.32,-10
2023-08-23 16:42,9.597,9.94,0.343,0
2023-08-24 17:31,9.668,9.923,0.255,11
2023-08-25 18:26,9.808,10.34,0.532,4
2023-08-26 19:26,10.05,10.622,0.572,10
2023-08-27 20:28,10.416,10.911,0.495,14
2023-08-28 21:29,10.876,11.446,0.57,1
2023-08-29 22:28,11.324,12.151,0.827,2
2023-08-30 23:23,11.634,12.466,0.832,7
2023-09-01 00:18,11.73,12.355,0.625,0
2023-09-02 01:11,11.593,11.935,0.342,1
2023-09-03 14:29,11.242,11.675,0.433,7
2023-09-04 15:19,11.004,11.656,0.652,-7
2023-09-05 16:11,10.604,11.528,0.924,1
2023-09-06 17:07,10.142,11.032,0.89,5
2023-09-07 18:06,9.729,10.53,0.801,0
2023-09-08 19:08,9.448,10.002,0.554,4
2023-09-09 20:10,9.346,9.894,0.548,8
2023-09-10 21:08,9.417,9.956,0.539,4
2023-09-11 21:59,9.582,10.265,0.683,7
2023-09-12 22:42,9.753,10.416,0.663,12
2023-09-13 23:21,9.873,10.547,0.674,9
2023-09-14 23:59,9.918,10.393,0.475,1
2023-09-16 00:36,9.88,11.141,1.261,24
2023-09-16 12:56,9.748,9.986,0.238,16
2023-09-18 01:50,9.577,9.989,0.412,10
2023-09-18 14:04,9.913,10.993,1.08,2
2023-09-19 14:41,9.929,10.832,0.903,1
2023-09-20 15:21,9.908,10.422,0.514,-3
2023-09-21 16:07,9.86,10.311,0.451,11
2023-09-22 17:01,9.824,10.16,0.336,-1
2023-09-23 18:01,9.86,10.422,0.562,5
2023-09-24 19:05,10.019,10.727,0.708,1
2023-09-25 20:11,10.316,11.403,1.087,13
2023-09-26 21:14,10.711,11.305,0.594,4
2023-09-27 22:13,11.09,11.728,0.638,5
2023-09-28 23:08,11.326,11.984,0.658,4
2023-09-30 12:24,11.471,12.168,0.697,0
2023-10-01 13:12,11.525,12.122,0.597,6
2023-10-02 14:00,11.337,11.948,0.611,-6
2023-10-03 14:48,10.947,11.515,0.568,0
2023-10-04 15:39,10.427,11.183,0.756,-3
2023-10-05 16:33,9.883,10.599,0.716,-3
2023-10-06 17:33,9.429,10.304,0.875,3
2023-10-07 18:34,9.146,10.888,1.742,20
2023-10-08 19:36,9.054,10.137,1.083,0
2023-10-09 20:34,9.126,10.12,0.994,2
2023-10-10 21:25,9.295,10.209,0.914,11
2023-10-11 22:10,9.48,10.281,0.801,8
2023-10-12 22:50,9.62,10.544,0.924,4
2023-10-13 11:10,9.732,10.452,0.72,14
2023-10-14 11:44,9.988,10.865,0.877,4
2023-10-15 12:18,10.17,11.518,1.348,6
2023-10-16 12:53,10.284,11.685,1.401,1
2023-10-17 13:30,10.337,11.219,0.882,6
2023-10-18 14:10,10.329,10.934,0.605,2
2023-10-19 14:54,10.256,10.724,0.468,0
2023-10-20 15:44,10.125,11.055,0.93,4
2023-10-21 16:41,9.981,11.603,1.622,1
2023-10-22 17:44,9.902,10.232,0.33,10
2023-10-23 18:51,9.943,10.714,0.771,3
2023-10-24 19:57,10.107,10.527,0.42,-9
2023-10-26 09:35,10.41,10.806,0.396,-5
2023-10-27 10:25,10.986,11.587,0.601,-1
2023-10-28 11:13,11.373,12.053,0.68,-1
2023-10-29 12:00,11.52,12.0,0.48,0
2023-10-30 12:46,11.43,12.273,0.843,-4
2023-10-31 13:33,11.143,11.833,0.69,-9
2023-11-01 14:20,10.713,11.882,1.169,4
2023-11-02 15:08,10.205,10.717,0.512,-14
2023-11-03 16:00,9.693,10.025,0.332,0
2023-11-04 16:57,9.258,9.464,0.206,3
2023-11-05 16:55,8.962,9.645,0.683,5
2023-11-06 17:54,8.819,9.51,0.691,-6
2023-11-07 18:50,8.806,9.743,0.937,4
2023-11-08 19:43,8.894,9.231,0.337,-1
2023-11-09 20:31,9.035,9.868,0.833,5
2023-11-10 08:52,9.545,10.061,0.516,2
2023-11-11 09:30,9.911,10.265,0.354,6
2023-11-12 10:06,10.22,10.494,0.274,6
2023-11-13 10:43,10.459,10.855,0.396,-1
2023-11-14 11:21,10.623,11.308,0.685,3
2023-11-15 12:02,10.707,11.144,0.437,-2
2023-11-16 12:47,10.702,10.94,0.238,-5
2023-11-17 13:35,10.598,11.295,0.697,-5
2023-11-18 14:28,10.4,11.515,1.115,-4
2023-11-19 15:27,10.15,10.58,0.43,9
2023-11-20 16:31,9.926,10.068,0.142,5
2023-11-22 06:20,9.612,11.055,1.443,4
2023-11-23 07:19,10.084,11.154,1.07,-19
2023-11-24 08:14,10.553,11.236,0.683,-8
2023-11-25 09:05,10.931,10.983,0.052,1
2023-11-26 09:53,11.144,11.459,0.315,-5
2023-11-27 10:39,11.17,12.131,0.961,-27
2023-11-28 11:24,11.028,11.813,0.785,-6
2023-11-29 12:10,10.761,10.793,0.032,-10
2023-11-30 12:55,10.413,10.822,0.409,-7
2023-12-01 13:42,10.017,10.462,0.445,-12
2023-12-02 14:29,9.604,10.281,0.677,1
2023-12-03 15:20,9.21,10.432,1.222,-2
2023-12-04 16:13,8.876,9.992,1.116,5
2023-12-05 04:56,8.388,9.349,0.961,4
2023-12-06 05:46,8.539,9.264,0.725,2
2023-12-07 06:34,8.781,9.257,0.476,14
2023-12-08 07:21,9.095,9.448,0.353,-3
2023-12-09 08:06,9.463,9.743,0.28,6
2023-12-10 08:48,9.858,10.563,0.705,12
2023-12-11 09:30,10.245,11.216,0.971,-12
2023-12-12 10:12,10.589,10.629,0.04,0
2023-12-13 10:55,10.855,10.842,-0.013,-1
2023-12-14 11:41,11.015,10.934,-0.081,-5
2023-12-15 12:30,11.048,11.229,0.181,0
2023-12-16 13:22,10.935,11.4,0.465,-4
2023-12-17 14:16,10.673,11.492,0.819,-10
2023-12-18 15:14,10.298,12.594,2.296,34
2023-12-19 16:16,9.889,10.478,0.589,-10
2023-12-21 05:57,9.898,10.76,0.862,-9
2023-12-22 06:56,10.111,10.573,0.462,-8
2023-12-23 07:53,10.321,10.881,0.56,-11
2023-12-24 08:47,10.495,11.21,0.715,-5
2023-12-25 09:37,10.595,11.475,0.88,-7
2023-12-26 10:23,10.599,11.269,0.67,-5
2023-12-27 11:08,10.516,11.629,1.113,4
2023-12-28 11:52,10.363,11.928,1.565,2
2023-12-29 12:35,10.155,11.941,1.786,-5
2023-12-30 13:17,9.895,11.436,1.541,7
2023-12-31 14:00,9.583,10.757,1.174,-6
2024-01-01 14:42,9.1,10.028,0.928,-12
2024-01-02 03:19,8.516,9.766,1.25,-7
2024-01-03 04:04,8.524,9.713,1.189,2
2024-01-04 04:51,8.583,9.828,1.245,3
2024-01-05 05:39,8.708,9.274,0.566,15
2024-01-06 06:28,8.914,9.369,0.455,-10
2024-01-07 07:19,9.222,11.492,2.27,-25
2024-01-08 08:09,9.639,11.252,1.613,3
2024-01-09 08:59,10.13,11.177,1.047,1
2024-01-10 09:47,10.623,13.834,3.211,25
2024-01-11 10:36,11.042,12.276,1.234,0
2024-01-12 11:26,11.322,12.151,0.829,-8
2024-01-13 12:17,11.418,14.408,2.99,-17
2024-01-14 13:09,11.302,12.223,0.921,-3
2024-01-15 14:02,10.967,11.511,0.544,-2
2024-01-16 14:57,10.451,12.102,1.651,3
2024-01-17 15:56,9.843,10.212,0.369,-14
2024-01-19 05:26,10.018,10.484,0.466,-8
2024-01-20 06:26,9.889,10.799,0.91,-2
2024-01-21 07:27,9.819,10.455,0.636,3
2024-01-22 08:27,9.838,10.455,0.617,-9
2024-01-23 09:21,9.909,10.055,0.146,3
2024-01-24 10:08,9.972,10.839,0.867,-8
2024-01-25 10:52,9.995,10.99,0.995,-4
2024-01-26 11:34,9.961,11.813,1.852,-4
2024-01-27 12:13,9.864,10.911,1.047,-13
2024-01-28 12:52,9.692,10.947,1.255,8
2024-01-29 13:31,9.442,11.712,2.27,-1
2024-01-30 01:59,8.894,10.806,1.912,-11
2024-01-31 02:36,8.871,9.953,1.082,6
2024-02-01 03:17,8.825,9.992,1.167,-5
2024-02-02 04:01,8.786,10.261,1.475,-7
2024-02-03 04:48,8.795,10.324,1.529,-6
2024-02-04 05:40,8.898,10.537,1.639,-4
2024-02-05 06:35,9.137,10.849,1.712,-17
2024-02-06 07:34,9.542,11.114,1.572,2
2024-02-07 08:31,10.089,11.367,1.278,-13
2024-02-08 09:25,10.679,11.771,1.092,5
2024-02-09 10:18,11.185,12.502,1.317,0
2024-02-10 11:09,11.51,12.962,1.452,3
2024-02-11 12:01,11.598,12.83,1.232,-7
2024-02-12 12:53,11.428,12.732,1.304,1
2024-02-13 13:45,11.006,13.296,2.29,-3
2024-02-15 03:03,10.645,11.219,0.574,3
2024-02-16 03:59,10.269,11.528,1.259,-11
2024-02-17 04:58,9.852,11.052,1.2,-4
2024-02-18 06:01,9.501,10.232,0.731,-13
2024-02-19 07:07,9.31,9.805,0.495,-1
2024-02-20 08:12,9.316,9.923,0.607,0
2024-02-21 09:08,9.45,10.291,0.841,-14
2024-02-22 09:55,9.605,10.904,1.299,5
2024-02-23 10:36,9.718,11.236,1.518,0
2024-02-24 11:15,9.76,10.888,1.128,3
2024-02-25 11:51,9.722,10.343,0.621,-3
2024-02-26 12:28,9.6,10.337,0.737,-4
2024-02-27 13:04,9.392,9.953,0.561,2
2024-02-28 01:22,9.313,10.448,1.135,2
2024-02-29 01:57,9.279,9.917,0.638,21
2024-03-01 02:35,9.2,8.631,-0.569,-11
2024-03-02 03:17,9.105,8.746,-0.359,-5
2024-03-03 04:05,9.04,9.635,0.595,1
2024-03-04 05:00,9.065,9.454,0.389,-6
2024-03-05 06:00,9.238,10.097,0.859,-12
2024-03-06 07:04,9.597,10.242,0.645,-4
2024-03-07 08:06,10.123,11.397,1.274,6
2024-03-08 09:05,10.707,11.859,1.152,-5
2024-03-09 09:59,11.199,12.158,0.959,-5
2024-03-10 11:51,11.487,13.45,1.963,-3
2024-03-11 12:43,11.52,12.161,0.641,-1
2024-03-13 01:56,11.462,11.964,0.502,-8
2024-03-14 02:45,11.264,11.99,0.726,-9
2024-03-15 03:35,10.826,11.761,0.935,1
2024-03-16 04:30,10.249,11.662,1.413,-6
2024-03-17 05:30,9.669,11.128,1.459,12
2024-03-18 06:35,9.223,10.648,1.425,1
2024-03-19 07:43,8.995,10.153,1.158,-1
2024-03-20 08:49,9.001,10.386,1.385,-7
2024-03-21 09:45,9.159,9.402,0.243,9
2024-03-22 10:32,9.346,8.788,-0.558,4
2024-03-23 11:12,9.489,10.127,0.638,6
2024-03-23 23:35,9.198,10.665,1.467,13
2024-03-25 12:26,9.548,10.58,1.032,4
2024-03-26 13:02,9.454,10.708,1.254,10
2024-03-27 01:14,9.705,10.304,0.599,4
2024-03-28 01:48,9.726,10.662,0.936,-6
2024-03-29 02:23,9.69,10.911,1.221,7
2024-03-30 03:01,9.612,10.055,0.443,11
2024-03-31 03:44,9.509,10.606,1.097,-8
2024-04-01 04:34,9.415,10.12,0.705,-4
2024-04-02 05:32,9.388,10.124,0.736,4
2024-04-03 06:35,9.492,10.694,1.202,1
2024-04-04 07:40,9.754,13.293,3.539,44
2024-04-05 08:44,10.156,11.61,1.454,4
2024-04-06 09:44,10.611,12.131,1.52,-2
2024-04-07 10:40,10.984,12.423,1.439,-4
2024-04-08 23:54,11.568,12.479,0.911,0
2024-04-10 00:42,11.764,12.876,1.112,-6
2024-04-11 01:30,11.677,12.551,0.874,-6
2024-04-12 02:19,11.336,12.519,1.183,-1
2024-04-13 03:10,10.801,11.889,1.088,-4
2024-04-14 04:03,10.172,10.95,0.778,-3
2024-04-15 05:03,9.574,10.757,1.183,-3
2024-04-16 06:06,9.123,10.225,1.102,6
2024-04-17 07:11,8.873,9.451,0.578,-5
2024-04-18 08:13,8.819,9.687,0.868,-1
2024-04-19 09:10,8.908,9.622,0.714,14
2024-04-20 09:58,9.055,9.923,0.868,-4
2024-04-20 22:21,9.206,9.973,0.767,3
2024-04-21 22:57,9.53,10.219,0.689,9
2024-04-22 23:31,9.783,10.268,0.485,5
2024-04-24 00:05,9.954,10.652,0.698,7
2024-04-25 00:40,10.051,10.875,0.824,2
2024-04-26 01:16,10.089,10.471,0.382,-10
2024-04-27 01:54,10.084,10.402,0.318,0
2024-04-28 02:35,10.04,10.484,0.444,-5
2024-04-29 03:21,9.958,10.845,0.887,-15
2024-04-30 04:13,9.854,10.681,0.827,-1
2024-05-01 05:12,9.776,10.822,1.046,6
2024-05-02 06:15,9.776,10.488,0.712,-9
2024-05-03 07:19,9.875,10.566,0.691,-1
2024-05-04 20:57,10.286,10.678,0.392,-3
2024-05-05 21:50,10.924,11.091,0.167,-2
2024-05-06 22:40,11.421,11.794,0.373,2
2024-05-07 23:29,11.695,12.45,0.755,-5
2024-05-09 00:17,11.719,12.656,0.937,7
2024-05-10 01:06,11.517,12.358,0.841,-6
2024-05-11 01:56,11.138,12.184,1.046,-8
2024-05-12 02:46,10.64,11.721,1.081,2
2024-05-13 03:38,10.091,10.908,0.817,-2
2024-05-14 04:34,9.567,10.304,0.737,2
2024-05-15 05:32,9.141,9.874,0.733,4
2024-05-16 06:31,8.849,9.864,1.015,-1
2024-05-17 07:28,8.688,9.438,0.75,-4
2024-05-18 08:24,8.646,9.622,0.976,12
2024-05-18 20:51,9.072,10.022,0.95,9
2024-05-19 21:35,9.393,10.189,0.796,7
2024-05-20 22:14,9.697,10.376,0.679,10
2024-05-21 22:52,9.956,10.658,0.702,8
2024-05-22 23:30,10.158,10.74,0.582,-6
2024-05-24 00:08,10.309,11.269,0.96,10
2024-05-25 00:49,10.416,11.262,0.846,-7
2024-05-26 01:31,10.48,11.341,0.861,-1
2024-05-27 02:17,10.488,11.272,0.784,-11
2024-05-28 03:06,10.424,11.295,0.871,0
2024-05-29 03:59,10.288,11.124,0.836,7
2024-05-30 04:57,10.116,10.836,0.72,-3
2024-05-31 05:58,9.956,10.596,0.64,-4
2024-06-01 19:35,10.261,10.826,0.565,1
2024-06-02 20:32,10.679,11.272,0.593,-2
2024-06-03 21:26,11.047,11.774,0.727,10
2024-06-04 22:18,11.302,11.83,0.528,0
2024-06-05 23:08,11.396,12.145,0.749,4
2024-06-06 23:58,11.323,12.463,1.14,8
2024-06-08 00:47,11.113,12.318,1.205,1
2024-06-09 01:36,10.805,11.649,0.844,0
2024-06-10 02:25,10.429,11.364,0.935,5
2024-06-11 03:13,10.01,10.803,0.793,-1
2024-06-12 04:03,9.578,10.186,0.608,-3
2024-06-13 04:55,9.174,9.622,0.448,-1
2024-06-14 05:48,8.83,9.234,0.404,-6
2024-06-14 18:24,8.867,9.372,0.505,24
2024-06-15 19:11,9.0,9.228,0.228,-5
2024-06-16 19:58,9.183,9.339,0.156,2
2024-06-17 20:45,9.415,9.586,0.171,9
2024-06-18 21:31,9.686,9.802,0.116,11
2024-06-19 22:14,9.979,9.838,-0.141,4
2024-06-20 22:57,10.269,10.235,-0.034,21
2024-06-21 23:40,10.533,11.003,0.47,8
2024-06-23 00:25,10.749,11.272,0.523,5
2024-06-24 01:12,10.894,11.728,0.834,0
2024-06-25 02:01,10.938,11.794,0.856,-1
2024-06-26 02:52,10.852,11.659,0.807,2
2024-06-27 03:45,10.631,11.265,0.634,9
2024-06-28 04:42,10.311,10.576,0.265,-6
2024-06-29 18:15,10.401,10.557,0.156,3
2024-06-30 19:11,10.556,10.77,0.214,7
2024-07-01 20:09,10.675,11.026,0.351,-3
2024-07-02 21:06,10.776,11.003,0.227,-6
2024-07-03 22:01,10.849,11.301,0.452,11
2024-07-04 22:53,10.865,11.606,0.741,1
2024-07-05 23:43,10.804,11.672,0.868,5
2024-07-07 00:31,10.67,11.351,0.681,5
2024-07-08 01:18,10.474,11.016,0.542,12
2024-07-09 02:03,10.22,10.711,0.491,3
2024-07-10 02:47,9.908,10.383,0.475,7
2024-07-11 03:31,9.546,10.032,0.486,11
2024-07-11 16:05,9.07,9.389,0.319,-5
2024-07-12 16:49,9.061,8.942,-0.119,5
2024-07-13 17:34,9.069,9.064,-0.005,-4
2024-07-14 18:20,9.105,9.438,0.333,-2
2024-07-15 19:08,9.186,9.579,0.393,28
2024-07-16 19:58,9.343,10.042,0.699,2
2024-07-17 20:49,9.602,10.281,0.679,-1
2024-07-18 21:39,9.962,10.504,0.542,9
2024-07-19 22:28,10.375,10.914,0.539,8
2024-07-20 23:16,10.774,11.292,0.518,14
2024-07-22 00:04,11.094,11.544,0.45,2
2024-07-23 00:54,11.285,11.797,0.512,6
2024-07-24 01:45,11.312,11.879,0.567,-3
2024-07-25 02:36,11.15,11.541,0.391,0
2024-07-26 03:29,10.801,11.219,0.418,1
2024-07-27 16:55,10.71,10.895,0.185,-1
2024-07-28 17:51,10.625,10.836,0.211,-9
2024-07-29 18:49,10.49,10.855,0.365,5
2024-07-30 19:50,10.363,10.799,0.436,-2
2024-07-31 20:51,10.305,10.947,0.642,9
2024-08-01 21:50,10.324,11.105,0.781,-2
2024-08-02 22:43,10.364,11.059,0.695,11
2024-08-03 23:31,10.371,11.147,0.776,5
2024-08-05 00:16,10.32,11.072,0.752,14
2024-08-06 00:58,10.202,10.803,0.601,8
2024-08-07 01:39,10.018,10.671,0.653,15
2024-08-08 02:19,9.765,10.147,0.382,5
2024-08-09 02:59,9.445,9.92,0.475,7
2024-08-10 16:03,9.275,9.677,0.402,3
2024-08-11 16:46,9.199,9.638,0.439,2
2024-08-12 17:32,9.145,9.543,0.398,4
2024-08-13 18:22,9.159,9.641,0.482,2
2024-08-14 19:15,9.288,9.881,0.593,-3
2024-08-15 20:11,9.566,10.15,0.584,19
2024-08-16 21:07,9.994,10.685,0.691,5
2024-08-17 22:01,10.509,11.242,0.733,11
2024-08-18 22:53,10.999,12.082,1.083,13
2024-08-19 23:43,11.363,12.463,1.1,11
2024-08-21 00:34,11.538,12.217,0.679,8
2024-08-22 01:26,11.495,12.033,0.538,-2
2024-08-22 13:55,11.137,11.528,0.391,-1
2024-08-23 14:44,11.272,11.246,-0.026,4
2024-08-24 15:35,11.187,11.121,-0.066,1
2024-08-25 16:29,10.918,11.088,0.17,1
2024-08-26 17:27,10.555,10.806,0.251,-3
2024-08-27 18:29,10.204,10.586,0.382,1
2024-08-28 19:34,9.953,10.439,0.486,2
2024-08-29 20:39,9.862,10.53,0.668,3
2024-08-30 21:39,9.91,10.406,0.496,-3
2024-08-31 22:31,10.0,10.694,0.694,11
2024-09-01 23:16,10.053,10.849,0.796,8
2024-09-02 23:56,10.039,10.379,0.34,4
2024-09-04 00:35,9.953,10.173,0.22,1
2024-09-05 01:12,9.795,9.848,0.053,6
2024-09-06 14:07,9.631,10.17,0.539,17
2024-09-07 14:43,9.573,10.406,0.833,11
2024-09-08 15:21,9.461,9.855,0.394,-3
2024-09-09 16:02,9.326,9.651,0.325,-2
2024-09-10 16:50,9.219,9.602,0.383,4
2024-09-11 17:42,9.201,9.543,0.342,6
2024-09-12 18:40,9.325,9.687,0.362,2
2024-09-13 19:39,9.615,9.874,0.259,15
2024-09-14 20:40,10.062,10.524,0.462,8
2024-09-15 21:37,10.592,10.813,0.221,5
2024-09-16 22:31,11.081,11.085,0.004,-1
2024-09-17 23:22,11.412,11.78,0.368,8
2024-09-19 00:14,11.521,11.997,0.476,4
2024-09-20 01:06,11.394,12.318,0.924,6
2024-09-20 13:27,11.773,12.925,1.152,3
2024-09-21 14:17,11.7,12.735,1.035,1
2024-09-22 15:08,11.377,12.709,1.332,-2
2024-09-23 16:03,10.878,11.898,1.02,3
2024-09-24 17:04,10.331,11.246,0.915,8
2024-09-25 18:09,9.874,10.724,0.85,-9
2024-09-26 19:16,9.592,10.783,1.191,8
2024-09-27 20:22,9.505,10.534,1.029,-4
2024-09-28 21:21,9.56,10.586,1.026,-3
2024-09-29 22:10,9.657,10.517,0.86,2
2024-09-30 22:53,9.719,10.544,0.825,13
2024-10-01 23:32,9.719,10.583,0.864,16
2024-10-03 12:23,9.859,10.544,0.685,7
2024-10-04 12:56,9.902,10.347,0.445,10
2024-10-05 13:31,9.87,10.439,0.569,-1
2024-10-06 14:07,9.778,10.507,0.729,-7
2024-10-07 14:45,9.648,10.914,1.266,-3
2024-10-08 15:27,9.506,10.55,1.044,9
2024-10-09 16:15,9.39,10.232,0.842,3
2024-10-10 17:11,9.352,9.838,0.486,1
2024-10-11 18:11,9.445,9.661,0.216,-5
2024-10-12 19:13,9.687,9.668,-0.019,5
2024-10-13 20:14,10.054,10.754,0.7,10
2024-10-14 21:14,10.485,11.216,0.731,-14
2024-10-15 09:46,10.409,11.088,0.679,-4
2024-10-16 23:02,11.122,11.082,-0.04,-2
2024-10-17 11:23,11.717,11.823,0.106,-5
2024-10-18 12:11,12.015,12.187,0.172,-5
2024-10-19 13:01,12.025,11.813,-0.212,-1
2024-10-20 13:52,11.768,11.794,0.026,-4
2024-10-21 14:44,11.294,11.459,0.165,-2
2024-10-22 15:39,10.692,10.96,0.268,-9
2024-10-23 16:40,10.082,10.412,0.33,-4
2024-10-24 17:44,9.59,10.422,0.832,4
2024-10-25 18:49,9.277,9.802,0.525,-1
2024-10-26 19:52,9.138,9.435,0.297,-4
2024-10-27 20:50,9.13,9.1,-0.03,-2
2024-10-29 10:03,9.434,9.33,-0.104,-3
2024-10-30 10:39,9.705,9.887,0.182,9
2024-10-31 11:14,9.906,9.868,-0.038,4
2024-11-01 11:48,10.023,10.429,0.406,12
2024-11-02 12:23,10.059,10.284,0.225,-5
2024-11-03 11:59,10.03,10.104,0.074,1
2024-11-04 12:37,9.961,10.274,0.313,-1
2024-11-05 13:17,9.868,10.147,0.279,-5
2024-11-06 14:01,9.762,9.982,0.22,-1
2024-11-07 14:50,9.654,10.245,0.591,-2
2024-11-08 15:46,9.576,9.95,0.374,-10
2024-11-09 16:47,9.575,9.982,0.407,-5
2024-11-10 17:49,9.672,9.92,0.248,-13
2024-11-11 18:51,9.855,10.747,0.892,-9
2024-11-12 07:26,10.123,10.79,0.667,-2
2024-11-13 20:49,10.341,11.403,1.062,-1
2024-11-14 09:10,11.419,12.335,0.916,-10
2024-11-15 09:59,11.816,12.663,0.847,1
2024-11-16 10:49,11.956,13.027,1.071,-1
2024-11-17 11:39,11.842,12.482,0.64,-9
2024-11-18 12:30,11.514,12.394,0.88,0
2024-11-19 13:23,11.031,11.764,0.733,1
2024-11-20 14:16,10.457,11.577,1.12,-4
2024-11-21 15:13,9.87,11.426,1.556,5
2024-11-22 16:12,9.356,10.862,1.506,12
2024-11-23 17:13,8.969,9.533,0.564,-7
2024-11-24 18:11,8.719,8.545,-0.174,1
2024-11-26 07:36,9.058,9.625,0.567,-6
2024-11-27 08:20,9.332,9.756,0.424,-2
2024-11-28 09:01,9.596,10.347,0.751,5
2024-11-29 09:39,9.817,10.166,0.349,-3
2024-11-30 10:16,9.978,10.688,0.71,2
2024-12-01 10:54,10.083,10.547,0.464,0
2024-12-02 11:33,10.144,10.603,0.459,-3
2024-12-03 12:13,10.17,10.599,0.429,-7
2024-12-04 12:56,10.159,10.642,0.483,-2
2024-12-05 13:42,10.097,10.95,0.853,-12
2024-12-06 14:32,9.974,9.743,-0.231,-14
2024-12-07 15:26,9.805,9.795,-0.01,-8
2024-12-08 04:11,9.079,9.641,0.562,-17
2024-12-09 17:26,9.511,10.094,0.583,-2
2024-12-10 06:02,9.887,10.465,0.578,-8
2024-12-11 06:59,10.355,11.367,1.012,-11
2024-12-12 07:55,10.807,10.983,0.176,-25
2024-12-13 08:49,11.185,11.114,-0.071,-7
2024-12-14 09:41,11.422,10.908,-0.514,-5
2024-12-15 10:32,11.479,11.196,-0.283,-8
2024-12-16 11:23,11.358,11.413,0.055,-5
2024-12-17 12:14,11.088,11.547,0.459,-2
2024-12-18 13:03,10.7,11.114,0.414,3
2024-12-19 13:53,10.224,10.537,0.313,1
2024-12-20 14:43,9.697,10.635,0.938,11
2024-12-21 15:35,9.172,9.645,0.473,-17
2024-12-22 16:29,8.704,8.854,0.15,1
2024-12-24 05:54,8.722,8.549,-0.173,0
2024-12-25 06:43,8.841,9.067,0.226,-1
2024-12-26 07:32,9.023,9.707,0.684,10
2024-12-27 08:20,9.262,9.769,0.507,4
2024-12-28 09:04,9.533,10.045,0.512,2
2024-12-29 09:47,9.811,10.471,0.66,7
2024-12-30 10:28,10.07,11.337,1.267,8
2024-12-31 11:10,10.29,11.16,0.87,2
2025-01-01 11:54,10.577,12.013,1.436,6
2025-01-02 12:38,10.65,10.379,-0.271,4
2025-01-03 13:24,10.596,10.235,-0.361,0
2025-01-04 14:12,10.395,10.793,0.398,-6
2025-01-05 15:05,10.061,10.019,-0.042,-17
2025-01-06 16:01,9.651,9.622,-0.029,-7
2025-01-07 04:34,10.012,10.796,0.784,-4
2025-01-08 05:30,10.123,10.54,0.417,0
2025-01-09 06:29,10.223,10.494,0.271,-11
2025-01-10 07:30,10.345,11.029,0.684,0
2025-01-11 08:31,10.502,11.839,1.337,5
2025-01-12 09:27,10.648,12.033,1.385,-3
2025-01-13 10:20,10.719,11.981,1.262,-8
2025-01-14 11:11,10.681,11.675,0.994,-5
2025-01-15 11:59,10.526,11.472,0.946,-5
2025-01-16 12:45,10.261,11.249,0.988,9
2025-01-17 13:29,9.896,10.963,1.067,1
2025-01-18 14:13,9.45,10.304,0.854,-19
2025-01-20 03:27,8.867,9.989,1.122,9
2025-01-20 15:47,8.469,8.664,0.195,1
2025-01-22 05:01,8.681,8.621,-0.06,-1
2025-01-23 05:52,8.668,8.634,-0.034,-10
2025-01-24 06:45,8.759,8.778,0.019,-15
2025-01-25 07:39,8.987,9.175,0.188,15
2025-01-26 08:31,9.35,9.451,0.101,11
2025-01-27 09:18,9.793,9.946,0.153,6
2025-01-28 10:04,10.242,10.432,0.19,2
2025-01-29 10:48,10.627,11.459,0.832,0
2025-01-30 11:33,10.892,10.875,-0.017,3
2025-01-31 12:19,10.992,11.137,0.145,5
2025-02-01 13:06,10.896,11.675,0.779,6
2025-02-02 01:36,10.353,10.652,0.299,-6
2025-02-03 02:23,10.481,10.885,0.404,-11
2025-02-04 03:13,10.445,11.157,0.712,-7
2025-02-05 04:08,10.282,10.498,0.216,-14
2025-02-06 05:07,10.064,10.294,0.23,-7
2025-02-07 06:10,9.877,10.57,0.693,-10
2025-02-08 07:17,9.81,10.084,0.274,-11
2025-02-09 08:23,9.897,11.633,1.736,-17
2025-02-10 09:22,10.064,10.698,0.634,2
2025-02-11 10:13,10.197,10.826,0.629,5
2025-02-12 11:00,10.233,10.927,0.694,-6
2025-02-13 11:43,10.155,11.876,1.721,-7
2025-02-14 12:24,9.969,9.07,-0.899,0
2025-02-16 01:26,9.359,9.612,0.253,4
2025-02-16 13:43,9.321,10.95,1.629,5
2025-02-17 14:24,8.891,7.709,-1.182,-12
2025-02-19 03:24,8.925,8.624,-0.301,18
2025-02-20 04:11,8.737,9.313,0.576,1
2025-02-21 05:03,8.623,9.484,0.861,-21
2025-02-22 05:59,8.646,9.152,0.506,-5
2025-02-23 06:57,8.857,9.444,0.587,3
2025-02-24 07:54,9.263,9.927,0.664,-6
2025-02-25 08:48,9.8,10.494,0.694,-6
2025-02-26 09:37,10.354,11.4,1.046,-7
2025-02-27 10:24,10.817,11.928,1.111,-6
2025-02-28 11:11,11.109,11.866,0.757,-17
2025-03-01 11:59,11.186,12.332,1.146,-5
2025-03-02 00:23,10.979,11.459,0.48,-17
2025-03-03 01:09,11.18,11.016,-0.164,-3
2025-03-04 01:57,11.129,11.377,0.248,-9
2025-03-05 02:48,10.843,10.977,0.134,0
2025-03-06 03:45,10.399,11.61,1.211,-3
2025-03-07 04:48,9.932,10.521,0.589,-36
2025-03-08 05:56,9.578,9.664,0.086,4
2025-03-09 08:07,9.433,9.645,0.212,-13
2025-03-10 09:15,9.507,10.379,0.872,-3
2025-03-11 10:13,9.679,10.721,1.042,-1
2025-03-12 11:02,9.818,10.55,0.732,-8
2025-03-13 11:44,9.865,10.711,0.846,-8
2025-03-14 12:23,9.814,10.347,0.533,7
2025-03-16 01:16,9.667,10.304,0.637,-4
2025-03-16 13:38,9.459,10.179,0.72,-2
2025-03-18 02:26,9.558,10.242,0.684,-8
2025-03-19 03:03,9.386,10.107,0.721,9
2025-03-20 03:44,9.168,9.848,0.68,-8
2025-03-21 04:30,8.953,10.399,1.446,-12
2025-03-22 05:22,8.813,9.376,0.563,-4
2025-03-23 06:19,8.815,9.044,0.229,-19
2025-03-24 07:18,9.003,9.395,0.392,0
2025-03-25 08:18,9.378,9.736,0.358,-6
2025-03-26 09:15,9.887,10.416,0.529,-3
2025-03-27 10:08,10.419,10.737,0.318,4
2025-03-28 10:58,10.853,11.032,0.179,2
2025-03-29 11:48,11.104,11.669,0.565,0
2025-03-30 00:09,11.399,11.502,0.103,-3
2025-03-31 00:55,11.718,12.168,0.45,-7
2025-04-01 01:44,11.755,12.437,0.682,-8
2025-04-02 02:34,11.512,11.606,0.094,-10
2025-04-03 03:27,11.034,11.16,0.126,-3
2025-04-04 04:26,10.431,11.144,0.713,-8
2025-04-05 05:31,9.855,10.53,0.675,-13
2025-04-06 06:41,9.443,10.435,0.992,-29
2025-04-07 07:51,9.252,9.956,0.704,15
2025-04-08 08:57,9.26,10.737,1.477,3
2025-04-09 09:54,9.362,9.467,0.105,12
2025-04-10 10:40,9.452,9.687,0.235,2
2025-04-11 23:36,9.723,10.261,0.538,18
2025-04-13 00:09,9.855,10.754,0.899,-3
2025-04-14 00:43,9.905,10.645,0.74,5
2025-04-15 01:18,9.877,10.698,0.821,0
2025-04-16 01:54,9.78,10.626,0.846,-24
2025-04-17 02:31,9.632,10.012,0.38,-7
2025-04-18 03:12,9.46,9.723,0.263,0
2025-04-19 03:57,9.297,9.622,0.325,-3
2025-04-20 04:49,9.189,9.218,0.029,-13
2025-04-21 05:45,9.185,9.106,-0.079,-15
2025-04-22 06:44,9.314,9.671,0.357,-2
2025-04-23 07:44,9.571,9.799,0.228,-2
2025-04-24 08:43,9.928,9.937,0.009,-1
2025-04-25 09:40,10.317,10.245,-0.072,2
2025-04-26 10:33,10.639,11.003,0.364,-9
2025-04-26 22:52,11.487,11.816,0.329,2
2025-04-27 23:41,11.916,11.997,0.081,-5
2025-04-29 00:30,12.071,12.19,0.119,-6
2025-04-30 01:22,11.951,12.072,0.121,-4
2025-05-01 02:15,11.589,11.862,0.273,-3
2025-05-02 03:10,11.049,11.223,0.174,8
2025-05-03 04:09,10.425,11.2,0.775,3
2025-05-04 05:13,9.843,10.455,0.612,-13
2025-05-05 06:19,9.4,10.058,0.658,5
2025-05-06 07:24,9.122,9.494,0.372,-6
2025-05-07 20:59,9.174,9.759,0.585,7
2025-05-08 21:44,9.435,9.733,0.298,-2
2025-05-09 22:24,9.673,10.343,0.67,0
2025-05-10 23:00,9.857,9.946,0.089,0
2025-05-11 23:36,9.972,10.068,0.096,0
2025-05-13 00:12,10.017,10.373,0.356,0
2025-05-14 00:48,10.005,10.396,0.391,6
2025-05-15 01:27,9.953,10.452,0.499,-3
2025-05-16 02:06,9.88,10.678,0.798,0
2025-05-17 02:48,9.797,10.717,0.92,0
2025-05-18 03:33,9.709,10.78,1.071,-3
2025-05-19 04:23,9.629,10.498,0.869,-5
2025-05-20 05:17,9.583,10.281,0.698,1
2025-05-21 06:15,9.594,10.15,0.556,-9
2025-05-22 07:14,9.667,10.481,0.814,4
2025-05-22 19:47,10.046,11.669,1.623,19
2025-05-23 20:41,10.666,11.465,0.799,7
2025-05-24 21:34,11.252,11.938,0.686,2
2025-05-25 22:26,11.71,12.125,0.415,-2
2025-05-26 23:17,11.964,12.181,0.217,1
2025-05-28 00:10,11.984,12.204,0.22,2
2025-05-29 01:03,11.791,12.017,0.226,3
2025-05-30 01:58,11.426,12.02,0.594,2
2025-05-31 02:53,10.933,12.115,1.182,1
2025-06-01 03:50,10.367,11.406,1.039,-8
2025-06-02 04:49,9.805,10.452,0.647,5
2025-06-03 05:49,9.318,9.884,0.566,-1
2025-06-04 19:22,9.168,9.313,0.145,8
2025-06-05 20:12,9.284,9.69,0.406,0
2025-06-06 20:59,9.446,9.907,0.461,1
2025-06-07 21:43,9.627,10.268,0.641,11
2025-06-08 22:24,9.796,10.209,0.413,0
2025-06-09 23:04,9.934,10.632,0.698,2
2025-06-10 23:43,10.033,10.557,0.524,17
2025-06-12 00:23,10.101,10.409,0.308,1
2025-06-13 01:03,10.149,10.563,0.414,-3
2025-06-14 01:45,10.176,10.553,0.377,-9
2025-06-15 02:27,10.173,10.55,0.377,3
2025-06-16 03:12,10.12,10.465,0.345,-6
2025-06-17 04:01,10.011,10.36,0.349,-13
2025-06-18 04:54,9.861,10.261,0.4,0
2025-06-18 17:31,9.768,10.206,0.438,-1
2025-06-19 18:23,10.148,10.465,0.317,7
2025-06-20 19:16,10.532,10.629,0.097,8
2025-06-21 20:12,10.895,10.977,0.082,0
2025-06-22 21:09,11.222,11.436,0.214,-3
2025-06-23 22:05,11.478,11.784,0.306,1
2025-06-24 23:00,11.61,11.902,0.292,6
2025-06-25 23:55,11.589,12.253,0.664,5
2025-06-27 00:49,11.421,12.017,0.596,5
2025-06-28 01:43,11.125,11.584,0.459,-1
2025-06-29 02:35,10.715,11.449,0.734,7
2025-06-30 03:26,10.215,10.865,0.65,-2
2025-07-01 04:18,9.675,10.432,0.757,6
2025-07-02 17:44,9.269,9.795,0.526,4
2025-07-03 18:33,9.231,9.996,0.765,9
2025-07-04 19:22,9.234,9.697,0.463,14
2025-07-05 20:12,9.294,9.697,0.403,6
2025-07-06 21:02,9.423,9.805,0.382,10
2025-07-07 21:49,9.611,10.104,0.493,-1
2025-07-08 22:33,9.83,10.278,0.448,-3
2025-07-09 23:16,10.05,10.655,0.605,2
2025-07-10 23:58,10.25,10.839,0.589,20
2025-07-12 00:40,10.414,10.881,0.467,14
2025-07-13 01:23,10.521,10.927,0.406,1
2025-07-14 02:07,10.546,10.868,0.322,5
2025-07-15 02:52,10.462,10.717,0.255,2
2025-07-16 03:40,10.259,10.448,0.189,8
2025-07-16 16:12,10.176,10.406,0.23,6
2025-07-17 17:02,10.382,10.708,0.326,-8
2025-07-18 17:55,10.535,10.678,0.143,-1
2025-07-19 18:52,10.641,10.776,0.135,2
2025-07-20 19:51,10.731,11.61,0.879,9
2025-07-21 20:52,10.845,11.397,0.552,-4
2025-07-22 21:53,10.984,11.57,0.586,7
2025-07-23 22:50,11.089,11.629,0.54,4
2025-07-24 23:44,11.1,11.505,0.405,10
2025-07-26 00:36,10.99,11.544,0.554,6
2025-07-27 01:25,10.757,11.246,0.489,-1
2025-07-28 02:13,10.409,11.009,0.6,-1
2025-07-29 02:59,9.966,10.524,0.558,1
2025-07-30 16:11,9.469,10.068,0.599,7
2025-07-31 16:56,9.32,9.884,0.564,-2
2025-08-01 17:44,9.184,9.713,0.529,-2
2025-08-02 18:34,9.093,9.444,0.351,14
2025-08-03 19:26,9.084,9.504,0.42,10
2025-08-04 20:21,9.194,9.661,0.467,9
2025-08-05 21:14,9.434,9.874,0.44,-2
2025-08-06 22:03,9.768,9.946,0.178,9
2025-08-07 22:48,10.13,10.37,0.24,0
2025-08-08 23:32,10.459,10.813,0.354,10
2025-08-10 00:15,10.709,10.986,0.277,9
2025-08-11 00:59,10.845,11.223,0.378,1
2025-08-12 01:45,10.84,11.072,0.232,-3
2025-08-13 02:31,10.675,11.075,0.4,-1
2025-08-13 14:57,10.708,11.128,0.42,3
2025-08-14 15:45,10.805,11.114,0.309,3
2025-08-15 16:36,10.76,10.931,0.171,-6
2025-08-16 17:33,10.622,11.0,0.378,3
2025-08-17 18:33,10.463,11.023,0.56,3
2025-08-18 19:38,10.359,11.013,0.654,-8
2025-08-19 20:44,10.372,11.118,0.746,4
2025-08-20 21:46,10.489,11.351,0.862,2
2025-08-21 22:43,10.609,11.879,1.27,17
2025-08-22 23:33,10.642,11.941,1.299,9
2025-08-24 00:20,10.553,11.344,0.791,10
2025-08-25 01:05,10.347,11.262,0.915,13
2025-08-26 01:47,10.042,10.858,0.816,7
2025-08-27 14:48,9.732,10.301,0.569,6
2025-08-28 15:27,9.558,10.094,0.536,9
2025-08-29 16:10,9.342,10.032,0.69,2
2025-08-30 16:58,9.126,10.022,0.896,14
2025-08-31 17:50,8.972,9.458,0.486,4
2025-09-01 18:44,8.937,9.382,0.445,4
2025-09-02 19:41,9.061,9.595,0.534,1
2025-09-03 20:37,9.354,10.189,0.835,5
2025-09-04 21:30,9.772,10.465,0.693,6
2025-09-05 22:18,10.23,10.819,0.589,6
2025-09-06 23:03,10.635,11.16,0.525,3
2025-09-07 23:48,10.918,11.285,0.367,0
2025-09-09 00:35,11.036,11.128,0.092,7
2025-09-10 01:22,10.971,11.111,0.14,2
2025-09-10 13:43,11.293,11.515,0.222,-1
2025-09-11 14:30,11.371,11.79,0.419,-6
2025-09-12 15:19,11.229,11.387,0.158,-7
2025-09-13 16:14,10.912,11.413,0.501,4
2025-09-14 17:15,10.524,10.986,0.462,-3
2025-09-15 18:21,10.19,10.599,0.409,3
2025-09-16 19:29,9.999,10.491,0.492,-5
2025-09-17 20:37,9.982,10.757,0.775,5
2025-09-18 21:39,10.082,11.0,0.918,3
2025-09-19 22:32,10.177,10.904,0.727,-2
2025-09-20 23:19,10.185,10.478,0.293,5
2025-09-22 00:01,10.086,10.583,0.497,5
2025-09-23 12:57,10.026,10.717,0.691,9
2025-09-24 13:33,9.967,10.813,0.846,9
2025-09-25 14:10,9.831,10.74,0.909,14
2025-09-26 14:48,9.628,10.268,0.64,6
2025-09-27 15:30,9.382,10.133,0.751,6
2025-09-28 16:17,9.139,9.835,0.696,1
2025-09-29 17:09,8.967,9.28,0.313,-3
2025-09-30 18:05,8.931,9.707,0.776,-5
2025-10-01 19:03,9.062,9.73,0.668,-3
2025-10-02 20:00,9.355,9.789,0.434,-6
2025-10-03 20:55,9.772,9.982,0.21,-1
2025-10-04 21:46,10.232,10.799,0.567,2
2025-10-05 22:34,10.637,10.954,0.317,-4
2025-10-06 10:58,10.788,10.931,0.143,2
2025-10-07 11:42,11.376,11.58,0.204,0
2025-10-08 12:27,11.76,12.004,0.244,9
2025-10-09 13:15,11.896,11.626,-0.27,-3
2025-10-10 14:05,11.773,11.508,-0.265,-5
2025-10-11 14:58,11.419,11.232,-0.187,2
2025-10-12 15:56,10.908,11.715,0.807,4
2025-10-13 17:00,10.372,11.505,1.133,6
2025-10-14 18:08,9.948,10.937,0.989,4
2025-10-15 19:17,9.701,10.599,0.898,1
2025-10-16 20:24,9.621,10.842,1.221,-6
2025-10-17 21:24,9.643,10.888,1.245,-6
2025-10-18 22:15,9.671,10.881,1.21,3
2025-10-20 11:14,10.017,11.505,1.488,10
2025-10-21 11:49,10.097,10.914,0.817,11
2025-10-22 12:24,10.093,11.413,1.32,6
2025-10-23 13:00,10.014,10.731,0.717,0
2025-10-24 13:37,9.871,10.524,0.653,-1
2025-10-25 14:16,9.681,10.137,0.456,2
2025-10-26 14:58,9.466,9.809,0.343,-10
2025-10-27 15:43,9.259,9.543,0.284,-7
2025-10-28 16:34,9.106,9.9,0.794,-4
2025-10-29 17:29,9.058,9.782,0.724,-5
2025-10-30 18:26,9.142,10.294,1.152,-2
2025-10-31 07:10,8.573,10.252,1.679,-10
2025-11-01 20:19,9.661,8.959,-0.702,-7
2025-11-02 20:14,10.023,10.209,0.186,-8
2025-11-03 08:39,10.656,10.77,0.114,3
2025-11-04 09:26,11.351,10.553,-0.798,4
2025-11-05 10:13,11.865,11.475,-0.39,-7
2025-11-06 11:01,12.128,11.698,-0.43,-7
2025-11-07 11:52,12.119,12.086,-0.033,-10
2025-11-08 12:45,11.862,12.43,0.568,-3
2025-11-09 13:41,11.402,12.125,0.723,-5
2025-11-10 14:39,10.816,12.092,1.276,3
2025-11-11 15:43,10.215,10.393,0.178,-7
2025-11-13 05:39,9.033,9.845,0.812,-9
2025-11-13 17:56,9.359,10.009,0.65,-2
2025-11-15 07:34,9.348,9.871,0.523,-10
2025-11-16 08:23,9.572,10.957,1.385,7
2025-11-16 20:50,9.019,10.107,1.088,4
2025-11-18 09:44,9.914,9.569,-0.345,4
2025-11-19 10:20,9.992,10.179,0.187,4
2025-11-20 10:56,10.005,10.307,0.302,4
2025-11-21 11:33,9.96,10.452,0.492,-9
2025-11-22 12:11,9.871,10.435,0.564,-11
2025-11-23 12:51,9.753,10.238,0.485,-9
2025-11-24 13:32,9.619,10.087,0.468,-2
2025-11-25 14:16,9.477,9.582,0.105,-4
2025-11-26 15:03,9.345,10.038,0.693,-15
2025-11-27 15:55,9.248,9.713,0.465,-1
2025-11-28 04:39,8.655,9.038,0.383,-9
2025-11-29 17:48,9.261,8.795,-0.466,-6
2025-11-30 18:46,9.385,9.713,0.328,-10
2025-12-01 07:14,10.268,9.986,-0.282,-20
2025-12-02 08:06,10.904,10.963,0.059,-6
2025-12-03 08:58,11.465,11.994,0.529,-4
2025-12-04 09:49,11.861,12.289,0.428,-7
2025-12-05 10:41,12.031,12.154,0.123,-5
2025-12-06 11:35,11.965,12.148,0.183,-5
2025-12-07 12:30,11.688,12.213,0.525,0
2025-12-08 13:25,11.237,10.875,-0.362,-7
2025-12-09 14:22,10.656,10.931,0.275,-10
2025-12-10 15:20,10.021,10.763,0.742,-14
2025-12-11 16:22,9.425,9.795,0.37,8
2025-12-13 05:59,9.106,8.834,-0.272,-11
2025-12-14 06:52,9.161,9.815,0.654,2
2025-12-15 07:43,9.271,9.851,0.58,5
2025-12-16 08:30,9.419,9.51,0.091,0
2025-12-17 09:13,9.576,10.019,0.443,5
2025-12-18 09:53,9.713,10.015,0.302,7
2025-12-19 10:32,9.816,10.937,1.121,-8
2025-12-20 11:11,9.88,9.635,-0.245,1
2025-12-21 11:50,9.908,10.297,0.389,-20
2025-12-22 12:30,9.9,9.956,0.056,-12
2025-12-23 13:10,9.855,10.645,0.79,-4
2025-12-24 13:52,9.762,10.94,1.178,-10
2025-12-25 14:37,9.615,10.484,0.869,17
2025-12-26 15:26,9.427,10.143,0.716,-8
2025-12-27 04:02,9.247,10.517,1.27,-8
2025-12-28 04:53,9.582,10.133,0.551,1
2025-12-29 05:46,9.956,11.249,1.293,-10
2025-12-30 06:42,10.35,10.422,0.072,-12
2025-12-31 07:39,10.755,10.632,-0.123,-9
2026-01-01 08:36,11.025,12.174,1.149,-6
2026-01-02 09:33,11.333,11.623,0.29,9
2026-01-03 10:28,11.501,12.243,0.742,-10
2026-01-04 11:23,11.49,12.43,0.94,-5
2026-01-05 12:17,11.295,11.944,0.649,1
2026-01-06 13:10,10.925,11.99,1.065,-4
2026-01-07 14:02,10.403,11.784,1.381,-2
2026-01-08 02:39,9.617,10.511,0.894,-9
2026-01-09 03:29,9.429,9.848,0.419,1
2026-01-10 04:19,9.236,9.546,0.31,-7
2026-01-11 05:11,9.076,10.242,1.166,1
2026-01-12 06:03,8.977,9.074,0.097,15
2026-01-13 06:56,8.968,8.66,-0.308,-8
2026-01-14 07:49,9.07,10.12,1.05,-1
2026-01-15 08:39,9.268,10.557,1.289,15
2026-01-16 09:25,9.515,9.723,0.208,17
2026-01-17 10:06,9.76,9.631,-0.129,6
2026-01-18 10:46,9.968,10.37,0.402,-4
2026-01-19 11:26,10.12,11.108,0.988,-2
2026-01-20 12:05,10.2,9.858,-0.342,7
2026-01-21 12:45,10.196,9.631,-0.565,-3
2026-01-22 13:26,10.088,10.501,0.413,-8
2026-01-23 14:10,9.864,10.015,0.151,-4
2026-01-25 03:24,9.875,9.3,-0.575,-6
2026-01-26 04:16,9.948,11.666,1.718,-16
2026-01-27 05:13,9.999,10.685,0.686,-19
2026-01-28 06:14,10.076,10.701,0.625,-8
2026-01-29 07:19,10.236,11.177,0.941,-7
2026-01-30 08:24,10.501,10.898,0.397,0
2026-01-31 09:25,10.795,11.528,0.733,5
2026-02-01 10:20,11.001,12.512,1.511,4
2026-02-02 11:13,11.046,12.519,1.473,-1
2026-02-03 12:03,10.906,11.843,0.937,-3
2026-02-04 12:51,10.588,11.278,0.69,-3
2026-02-05 13:38,10.116,10.957,0.841,-2
2026-02-06 14:24,9.539,10.842,1.303,-12
2026-02-07 02:47,9.55,11.226,1.676,-5
2026-02-08 03:32,9.257,10.688,1.431,4
2026-02-09 04:21,8.971,9.845,0.874,3
2026-02-10 05:14,8.749,9.789,1.04,-2
2026-02-11 06:09,8.645,10.114,1.469,9
2026-02-12 07:07,8.704,9.887,1.183,5
2026-02-13 08:04,8.933,9.612,0.679,8
2026-02-14 08:54,9.276,9.923,0.647,6
2026-02-15 09:39,9.648,10.294,0.646,3
2026-02-16 10:20,9.983,10.727,0.744,4
2026-02-17 11:00,10.239,10.957,0.718,0
2026-02-18 11:40,10.388,11.137,0.749,2
2026-02-19 12:22,10.409,10.937,0.528,-4
2026-02-21 01:26,10.365,11.636,1.271,-2
2026-02-22 02:09,10.449,11.098,0.649,-3
2026-02-23 02:57,10.376,12.423,2.047,9
2026-02-23 15:32,9.089,11.472,2.383,-2
2026-02-25 04:53,9.965,10.619,0.654,-5
2026-02-26 05:59,9.824,10.963,1.139,-11
2026-02-27 07:09,9.851,10.652,0.801,3
2026-02-28 08:18,10.059,11.088,1.029,-6
2026-03-01 09:18,10.335,11.456,1.121,-12
2026-03-02 10:12,10.533,10.855,0.322,-6
2026-03-03 11:01,10.576,10.74,0.164,-1
2026-03-03 23:28,10.035,10.452,0.417,2
2026-03-05 00:09,10.139,10.626,0.487,-3
2026-03-06 00:49,10.102,10.914,0.812,-1
2026-03-07 01:27,9.942,10.465,0.523,-9
2026-03-08 03:07,9.682,10.488,0.806,5
2026-03-09 03:49,9.357,9.851,0.494,-13
2026-03-10 04:36,9.018,9.467,0.449,0
2026-03-11 05:28,8.734,9.592,0.858,-10
2026-03-12 06:25,8.577,10.012,1.435,-25
2026-03-13 07:24,8.597,9.002,0.405,0
2026-03-14 08:22,8.806,9.467,0.661,8
2026-03-15 09:16,9.166,9.185,0.019,8
2026-03-16 10:04,9.591,10.442,0.851,2
2026-03-17 10:48,9.993,10.186,0.193,-12
2026-03-18 23:53,10.173,10.147,-0.026,1
2026-03-20 00:33,10.645,10.862,0.217,-3
2026-03-21 01:15,10.974,11.475,0.501,-3
2026-03-22 01:59,11.114,11.57,0.456,-5
2026-03-23 02:46,11.039,12.072,1.033,-22
2026-03-24 03:37,10.761,12.03,1.269,-1
2026-03-25 04:35,10.357,10.484,0.127,1
2026-03-26 05:40,9.96,10.645,0.685,-16
2026-03-27 06:50,9.699,10.304,0.605,-8
2026-03-28 08:02,9.641,10.179,0.538,-8
2026-03-29 09:10,9.766,10.15,0.384,-4
2026-03-30 10:09,9.952,10.471,0.519,-3
2026-03-31 10:59,10.069,10.448,0.379,-5
2026-03-31 23:22,10.033,10.583,0.55,-10
2026-04-02 00:02,10.212,10.599,0.387,-2
2026-04-03 00:39,10.26,10.865,0.605,3
2026-04-04 01:16,10.194,10.544,0.35,-4
2026-04-05 01:53,10.034,10.954,0.92,19
2026-04-06 02:32,9.797,10.399,0.602,4
2026-04-07 03:13,9.506,9.668,0.162,-1
2026-04-08 03:59,9.197,9.241,0.044,1
2026-04-09 04:49,8.927,8.628,-0.299,-1
2026-04-10 05:44,8.762,8.854,0.092,16
2026-04-11 06:41,8.745,8.962,0.217,7
2026-04-12 07:38,8.886,8.841,-0.045,-2
2026-04-13 08:34,9.169,9.126,-0.043,14
2026-04-14 21:52,9.629,10.16,0.531,-10
2026-04-15 22:35,10.317,10.954,0.637,7
2026-04-16 23:17,10.929,11.547,0.618,7
2026-04-18 00:01,11.386,11.974,0.588,5
2026-04-19 00:47,11.635,12.555,0.92,-5
2026-04-20 01:36,11.65,11.862,0.212,-12
2026-04-21 02:27,11.435,11.79,0.355,-3
2026-04-22 03:23,11.027,11.38,0.353,1
2026-04-23 04:23,10.518,11.282,0.764,1
2026-04-24 05:30,10.041,11.055,1.014,-6
2026-04-25 06:39,9.7,10.606,0.906,3
2026-04-26 07:48,9.525,10.504,0.979,-6
2026-04-27 08:54,9.495,10.252,0.757,-6
2026-04-27 21:26,9.668,10.524,0.856,-2
2026-04-28 22:13,9.959,10.862,0.903,5
2026-04-29 22:55,10.157,11.091,0.934,5
2026-04-30 23:33,10.251,11.262,1.011,9
2026-05-02 00:09,10.253,11.078,0.825,3
2026-05-03 00:46,10.182,10.921,0.739,8
2026-05-04 01:24,10.053,10.53,0.477,6
2026-05-05 02:04,9.878,10.353,0.475,8
2026-05-06 02:45,9.669,10.065,0.396,-9
2026-05-07 03:28,9.444,10.16,0.716,-4
2026-05-08 04:16,9.235,9.799,0.564,2
2026-05-09 05:07,9.083,9.395,0.312,5
2026-05-10 06:01,9.022,9.52,0.498,-13
2026-05-11 06:56,9.066,9.1,0.034,-2
2026-05-12 20:21,9.598,9.52,-0.078,3
2026-05-13 21:09,10.248,10.156,-0.092,-3
2026-05-14 21:57,10.898,11.692,0.794,-3
2026-05-15 22:45,11.451,11.603,0.152,-3
2026-05-16 23:33,11.824,11.839,0.015,-3
2026-05-18 00:24,11.974,12.171,0.197,0
2026-05-19 01:18,11.899,12.145,0.246,-12
2026-05-20 02:13,11.622,11.908,0.286,5
2026-05-21 03:11,11.179,11.587,0.408,-5
2026-05-22 04:12,10.643,10.721,0.078,-6
2026-05-23 05:16,10.113,10.36,0.247,-4
2026-05-24 06:21,9.669,10.022,0.353,-9
2026-05-25 07:26,9.339,9.871,0.532,-8
2026-05-25 20:00,9.685,10.268,0.583,0
2026-05-26 20:53,9.826,10.258,0.432,1
2026-05-27 21:41,9.962,10.671,0.709,-11
2026-05-28 22:24,10.063,10.773,0.71,0
2026-05-29 23:04,10.117,11.403,1.286,14
2026-05-30 23:42,10.127,10.885,0.758,0
2026-06-01 00:21,10.099,11.088,0.989,15
2026-06-02 01:00,10.039,10.668,0.629,6
2026-06-03 01:40,9.952,10.448,0.496,2
2026-06-04 02:21,9.839,10.16,0.321,3
2026-06-05 03:02,9.702,10.166,0.464,4
2026-06-06 03:46,9.548,10.147,0.599,2
2026-06-07 04:34,9.397,10.074,0.677,2
2026-06-08 05:24,9.275,9.864,0.589,0
2026-06-09 18:48,9.673,9.855,0.182,12
2026-06-10 19:39,10.15,10.573,0.423,3
2026-06-11 20:31,10.664,11.285,0.621,-1
2026-06-12 21:25,11.171,12.02,0.849,5
2026-06-13 22:18,11.603,12.348,0.745,-6
2026-06-14 23:12,11.888,12.686,0.798,6
2026-06-16 00:07,11.983,12.804,0.821,-1
2026-06-17 01:03,11.888,12.679,0.791,-3
2026-06-18 02:00,11.616,12.423,0.807,-6
2026-06-19 02:57,11.183,12.194,1.011,3
2026-06-20 03:55,10.633,11.347,0.714,-1
2026-06-21 04:55,10.042,10.757,0.715,-1
2026-06-21 17:34,9.866,10.517,0.651,-4
2026-06-22 18:29,9.792,10.265,0.473,1
2026-06-23 19:22,9.733,10.291,0.558,-4
2026-06-24 20:15,9.707,10.36,0.653,9
2026-06-25 21:06,9.73,10.347,0.617,6
2026-06-26 21:53,9.797,10.363,0.566,1
2026-06-27 22:36,9.884,10.511,0.627,6
2026-06-28 23:18,9.966,10.698,0.732,6
2026-06-29 23:58,10.029,10.56,0.531,14
2026-07-01 00:38,10.062,10.537,0.475,-8
2026-07-02 01:18,10.06,10.56,0.5,0
2026-07-03 01:57,10.018,10.507,0.489,9
2026-07-04 02:37,9.931,10.652,0.721,-1
2026-07-05 03:19,9.793,10.376,0.583,-7
2026-07-06 04:04,9.612,10.081,0.469,-4
2026-07-07 17:22,9.84,10.304,0.464,2
2026-07-08 18:11,10.135,10.708,0.573,7
2026-07-09 19:04,10.439,10.947,0.508,-4
2026-07-10 20:01,10.756,11.442,0.686,-1
2026-07-11 21:01,11.092,11.744,0.652,-1
2026-07-12 22:00,11.419,12.013,0.594,-6
2026-07-13 22:57,11.663,12.181,0.518,9
2026-07-14 23:54,11.758,12.535,0.777,0
2026-07-16 00:50,11.679,12.587,0.908,4
2026-07-17 01:46,11.423,12.079,0.656,2
2026-07-18 02:40,10.995,11.544,0.549,2
2026-07-19 03:33,10.431,11.16,0.729,9
2026-07-19 16:06,10.165,10.776,0.611,6
2026-07-20 16:57,9.964,10.573,0.609,3
2026-07-21 17:48,9.744,10.537,0.793,12
2026-07-22 18:41,9.548,10.393,0.845,25
2026-07-23 19:34,9.418,9.818,0.4,8
2026-07-24 20:28,9.394,9.815,0.421,8
2026-07-25 21:21,9.486,10.055,0.569,9
2026-07-26 22:09,9.657,10.402,0.745,9
2026-07-27 22:53,9.849,10.635,0.786,13
2026-07-28 23:34,10.017,10.95,0.933,20
2026-07-30 00:13,10.136,11.282,1.146,11
2026-07-31 00:53,10.195,11.016,0.821,1
